url,name,image_url,price,seller,pid,cid,gid
https://www.google.com/search?q=bedroom+furniture&udm=28&gl=DE,IKEA MALM bedroom furniture,https://encrypted-tbn3.gstatic.com/shopping?q=tbn:ANd9GcSuUwqjeK4SVFi4h4GH5SBpkWwti_8aLaLRSiNmFYm4oCbfTgN67SlZbeS8zDlCKmIClov12tRExxbs7PMCBSfH0-jK7_VXqv-polnul8U5W-irpEt8MB5oVw,€159.97,IKEA Deutschland,12892735045533352537,8158090373039525171,4023876788843560708
https://www.google.com/search?q=bedroom+furniture&udm=28&gl=DE,Bettanlage Capri,https://encrypted-tbn3.gstatic.com/shopping?q=tbn:ANd9GcTGxpVIcyge7Fn6vgODuRFHFxkUKSLOZJVcExgDuhtz2-cc11wJQIRc6sK2SPeskUtWdykCfcotBUkB10wwHuIzJHYRBrz3R-BLIZCykdvkG9D0LZiQyQQ,€599.00,Zurbrüggen,11369682427967720154,6908304055261152559,8179585491176200327
https://www.google.com/search?q=bedroom+furniture&udm=28&gl=DE,Prenzlauer Berg Wardrobe Oak – Modular Design,https://encrypted-tbn1.gstatic.com/shopping?q=tbn:ANd9GcS6fQ12dyop09eURZoLCU39S4Q9EgI1wb64czAFUIgfc5wGbXlLXIK5bCvjFs9NV1O46JWIeCBAFfTcIUDEhMJkWcofsd-uI6WcdTNUBXs4gUjQBvCUa_3N,"€2,880.00",ekomia,18205538411939795443,11810732126461223864,5260273954489286751
https://www.google.com/search?q=bedroom+furniture&udm=28&gl=DE,"UEV Schlafzimmer-Set, 3er-Set Schlafzimmermöbel, Sparset Jugendzimmer-Set, (Kommode mit 6 Schubladen und 2er-Set Nachttisch, Modern Linienmuster, Skan",https://encrypted-tbn1.gstatic.com/shopping?q=tbn:ANd9GcRmHiOhkkNCWcQ0pw_qH-Is7fPO4rSufIYJcdFYgXFVOihaj80nL6lcUl1PyaWINy5QzQjM21-_A8Yi6qwVAFD5CbxYVwAy826xav5griU,€294.99,Amazon.de - Amazon.de-Seller,7952906954884071329,16981927728295651194,
https://www.google.com/search?q=bedroom+furniture&udm=28&gl=DE,IKEA SONGESAND bedroom furniture set of 5,https://encrypted-tbn0.gstatic.com/shopping?q=tbn:ANd9GcQwzYTwAHo5oO-nvYgOmFn4zHBFYepOKYiYe2AdtammpwNkQdnRuxh7V6HCxWGCUHDtb7F7iyxRonWZbAQGQOtD2aJqUXQfxXOqr_KPJV7Fykj3lOV6xZlT6g,€636.98,IKEA Deutschland,5774821488069372953,1426108747757446546,16682128148964043583
https://www.google.com/search?q=bedroom+furniture&udm=28&gl=DE,Ferm Living – Kona Bed – Dark stained oak,https://encrypted-tbn2.gstatic.com/shopping?q=tbn:ANd9GcSZou0tIO96rgNxazMqnXeaEQ1L8IrnNX-KAaLL_HZVa-uF5L-UVOw5yqf7nDjl46wsrtYj8R7nAZyTSjQq21pEHl4VVX2BRqPsVvQLE4-oxtTaiyajNPLnrA,"€1,489.00",NO GA,14061348600880946186,3758507808175200825,15791752450171060259
https://www.google.com/search?q=bedroom+furniture&udm=28&gl=DE,"Lomadox Schlafzimmer-Set PALINURO-166, weiß Hochglanz",https://encrypted-tbn2.gstatic.com/shopping?q=tbn:ANd9GcSwN1MywYyuHSwlLQvimJeH4z1ovFucIihVNGYKcmWYo-_nzWhaS4oEo1OrZ79nobnXyp8DPfw13XqbRcaG4JOmZ-d3kryIbNp33JWXqVc,"€1,304.19",home24.de,13831054921074634982,17892375403818299652,2213155837075262812
https://www.google.com/search?q=bedroom+furniture&udm=28&gl=DE,IKEA BRIMNES bedroom furniture set of 3,https://encrypted-tbn2.gstatic.com/shopping?q=tbn:ANd9GcSPSryWirl9kFKVL3xs7Y2Soe7PrkQwS_YwbnK-MJ40ZaONmv0R3GnLjF3sghxccV6KR4Cg52IHwU8Jn3XfO3nJcFjCFywLctVhPTN7wpVypqH_iUO6eixK,€598.98,IKEA Deutschland,5922310652564284804,3022008924361706429,8380188906748411235
https://www.google.com/search?q=bedroom+furniture&udm=28&gl=DE,Royal LED Leather Bedroom Set With Dresser King,https://encrypted-tbn2.gstatic.com/shopping?q=tbn:ANd9GcQpSyFqLXfTAGbvEsTWGHB3bpmE9sly8puZzjwRriJc0dEqsy7CCaDtxkGTTNzpVVKhkULyEqjhPYuyYmQK3J7O5-cMHnudEPjeeRFCRWyE,"€6,254.59",Lixra,208870280307099250,10023763058202831412,16279844197650267047
https://www.google.com/search?q=bedroom+furniture&udm=28&gl=DE,Baroque bed velvet fabric and gold wood 200 cm,https://encrypted-tbn3.gstatic.com/shopping?q=tbn:ANd9GcQrg_1YShSt95rQRaetJ5W5K7ZmnHjZHPJm-9bCzd9af-kXnZFy8lnO9d9NnTCHVPu5GOCwEqP2G2YjJvGX0De33dhGCZFWS-JV4NHiwLE,"€1,099.00",Royal Art Palace,7992029614708747028,8333574095213901692,1536301533230614366
https://www.google.com/search?q=bedroom+furniture&udm=28&gl=DE,IKEA MALM bedroom furniture,,€159.97,IKEA Deutschland,12892735045533352537,8158090373039525171,4023876788843560708
https://www.google.com/search?q=bedroom+furniture&udm=28&gl=DE,Bettanlage Capri,,€599.00,Zurbrüggen,11369682427967720154,6908304055261152559,8179585491176200327
https://www.google.com/search?q=bedroom+furniture&udm=28&gl=DE,"UEV Schlafzimmer-Set, 3er-Set Schlafzimmermöbel, Sparset Jugendzimmer-Set, (Kommode mit 6 Schubladen und 2er-Set Nachttisch, Modern Linienmuster, Skan",,€294.99,Amazon.de - Amazon.de-Seller,7952906954884071329,16981927728295651194,
https://www.google.com/search?q=bedroom+furniture&udm=28&gl=DE,IKEA SONGESAND bedroom furniture set of 5,,€636.98,IKEA Deutschland,5774821488069372953,1426108747757446546,16682128148964043583
https://www.google.com/search?q=bedroom+furniture&udm=28&gl=DE,KYOTO upholstered bed 200 cm / Zagłówek 120 cm,,€638.95,Meble Angelo,12511437504812776382,6411197947314804193,483198959320791297
https://www.google.com/search?q=bedroom+furniture&udm=28&gl=DE,Prenzlauer Berg Wardrobe Oak – Modular Design,https://encrypted-tbn1.gstatic.com/shopping?q=tbn:ANd9GcRvB4-zTZGjhKDAoEI6RLVztmX1xL-1BS3Wjh4gjvGYyL7WEQPr-99SqYvcQ6csA1dmuQ1WOT_5ifdZNDdVBYx7_C2G-XXjmfl0XxE6_thnd4Cv8KkdUu2l,"€2,880.00",ekomia,18205538411939795443,11810732126461223864,5260273954489286751
https://www.google.com/search?q=bedroom+furniture&udm=28&gl=DE,IKEA IDANÄS bedroom furniture set of 4,https://encrypted-tbn3.gstatic.com/shopping?q=tbn:ANd9GcTvhk9TRDn4rV0tLu0mUc9Kbp1HQ2ZXcmy4FZFBqNucDHWtDXH1ZA_6mGZQun_muU9AcSiNGIj5GiipfKAN79xGgXAP3oQK1R1ktTiIlRiw78aL0TAbLCTH,"€1,147.98",IKEA Deutschland,16171736843424494837,14950652056785861774,8760426499184578421
https://www.google.com/search?q=bedroom+furniture&udm=28&gl=DE,Stupendous Modern Leather Bed,https://encrypted-tbn1.gstatic.com/shopping?q=tbn:ANd9GcTXRXE_Q80nmT3KjT7K-YWKBEKYDxN_nk17rUWsZh6qGD9tJdSTQ3iTTfgwzrr4TxerQJLK0cGYBR4eCiTZVPksn4b_lMG2RLrVHCY9tekr,"€2,737.14",My Aashis,8831720901489418616,11900135637000015337,93214084913779057
https://www.google.com/search?q=bedroom+furniture&udm=28&gl=DE,Ferm Living – Kona Bed – Dark stained oak,https://encrypted-tbn2.gstatic.com/shopping?q=tbn:ANd9GcTVCaAwuQ0lDLta_W0OQvTYTvuL46G1Ci3zY_ZQNnoO7qDs9Iz6nudwfHjfHMfRh2N04Nv_yEtdfqTwq9roo8vBzJWUzljbsd-gOevqInv78BEqEQkqj-Ftfg,"€1,489.00",NO GA,14061348600880946186,3758507808175200825,15791752450171060259
https://www.google.com/search?q=bedroom+furniture&udm=28&gl=DE,"Lomadox Schlafzimmer-Set PALINURO-166, weiß Hochglanz",https://encrypted-tbn2.gstatic.com/shopping?q=tbn:ANd9GcRq0fI6mRCW8mvUuk7b5Luqpfssnf0LZCVbOJLNirjlyTkeYteIB6U6AnCK7b29aaJeoUjzlb0tVO5ikw0moffCxTl1vLNqsxAUtSVGboY,"€1,304.19",home24.de,13831054921074634982,17892375403818299652,2213155837075262812
https://www.google.com/search?q=bedroom+furniture&udm=28&gl=DE,Multifunctional Leather Round Bed,https://encrypted-tbn1.gstatic.com/shopping?q=tbn:ANd9GcS4Y_s1bgIBhRFykifG31ls-R99MPe_BrdPHPuJxKzknCXSUyoawSZgDj-anIDqqbSLYmvnsoCvlAiYok5qEi1Gn62MEodil5FNC5aOycd9,"€3,736.42",My Aashis,8494704832247998268,2848304916867693178,2603799725660020395
https://www.google.com/search?q=bedroom+furniture&udm=28&gl=DE,Royal LED Leather Bedroom Set With Dresser King,https://encrypted-tbn2.gstatic.com/shopping?q=tbn:ANd9GcTimPVKgURcGDuhf5vo3uMLog7KOX5zCOTduFgfvCw8zTMQLZ3mxmqjzBAbHrT_TDeBGQf6rVKLkr2cHhnTxqRKx-UEmSnhZAJ_GmCFI1YF,"€6,254.59",Lixra,208870280307099250,10023763058202831412,16279844197650267047
https://www.google.com/search?q=bedroom+furniture&udm=28&gl=DE,Andrew Martin Chelsea Poster Super King Bed Uk Super King,https://encrypted-tbn3.gstatic.com/shopping?q=tbn:ANd9GcT1VEoi8aGAKr__0yE5u1AblXh-QMoO622WRvcsEAZEZJUnK9wFGqqyEW8FkCCcsUFCBXIblBB3yEPMRbg99yqhQOsV18cWWDrQijU2-K8y1uOMfuWtppbv,"€3,395.00",remo-home.fr,13032200019649170473,8073427885555467846,4520588900405513143
https://www.google.com/search?q=bedroom+furniture&udm=28&gl=DE,Rustic Live Edge Bed Frame For Unique Bedroom Decor SITHWO010,https://encrypted-tbn0.gstatic.com/shopping?q=tbn:ANd9GcQoMo2RMJ53xKrBUjNKVeRi7VKvLlXlQfY7v_cP6XnfDuAPmAA4XC0kJb927VP7w3suxlOfeIYKKrKsuRfgvb6TkE_xYXTzYccxULD-vGAN,"€6,256.33",Spryinterior,6083519366042782661,,
https://www.google.com/search?q=bedroom+furniture&udm=28&gl=DE,Chennai Antique Style Carved Teak Wood Bedroom Set Designs,https://encrypted-tbn2.gstatic.com/shopping?q=tbn:ANd9GcSoxILEGbkGF3VfQy6juXRIeSvWVZOjsghC1Qct1MoO6EA1HoZ1D-YK-XhJNX_rfn2KwXmmad1i5c3UtMfDYiZzXNhCCDKiagUIlGq0SuE,"€6,336.72",Royalzig Luxury Furniture,14809838879394441473,13725653544539418832,91243400952581369
https://www.google.com/search?q=bedroom+furniture&udm=28&gl=DE,Andrew Martin Chelsea Poster Super King Bed Uk Super King,,"€3,395.00",remo-home.fr,13032200019649170473,8073427885555467846,4520588900405513143
https://www.google.com/search?q=bedroom+furniture&udm=28&gl=DE,IKEA HEMNES bedroom furniture set of 3,,€697.99,IKEA Deutschland,14121008808436473363,16511376932674627541,8470279301889512912
https://www.google.com/search?q=bedroom+furniture&udm=28&gl=DE,Schlafkontor Stauraumbett Stefan inkl. Nachttischen und Schubkästen,,€399.00,Amazon.de - Amazon.de-Seller,14377201081936441871,15630928416810163333,7285265766110662075
https://www.google.com/search?q=bedroom+furniture&udm=28&gl=DE,KYOTO upholstered bed 200 cm / Zagłówek 120 cm,,€638.95,Meble Angelo,12511437504812776382,6411197947314804193,483198959320791297
https://www.google.com/search?q=bedroom+furniture&udm=28&gl=DE,IKEA GLAMBERGET bedroom furniture set,,€378.99,IKEA Deutschland,2474669908330742086,8737232714040195029,756662818015246573
https://www.google.com/search?q=bedroom+furniture&udm=28&gl=DE,Stupendous Modern Leather Bed,,"€2,737.14",My Aashis,8831720901489418616,11900135637000015337,93214084913779057
https://www.google.com/search?q=bedroom+furniture&udm=28&gl=DE,UEV Schlafzimmer-Set 3er-Set Schlafzimmermöbel,,€539.99,UEV Home,3711749036956634133,4972820586698940086,8439628971795666876
https://www.google.com/search?q=bedroom+furniture&udm=28&gl=DE,IKEA MALM bedroom furniture set of 4,,€427.98,IKEA Deutschland,17696642865642429844,3469192140565437721,14757581151140904334
https://www.google.com/search?q=bedroom+furniture&udm=28&gl=DE,Modern BAROQUE Design double bed 180x200cm velvet Chesterfield King size bed,,€549.99,Sitheim,391062628868813452,4558935411443129764,5976867139432191228
https://www.google.com/search?q=bedroom+furniture&udm=28&gl=DE,Oliver Furniture Single Bed Wood Original,,"€1,019.00",Studio Play,614060260381457192,13758825022104767089,3028599071165427550
https://www.google.com/search?q=bedroom+furniture&udm=28&gl=DE,IKEA RÅDMANSÖ bedroom furniture set of 3,https://encrypted-tbn0.gstatic.com/shopping?q=tbn:ANd9GcSiNhjm082OrMS6krE__l-Yx4RLjCUufG-pg2fitVQR2YkwCq1SEavzojErjy29Fof9HoniKSDaUAs6kVmYhymiF9FAdi07tHPRfwYwbVH3_ncAxd1oUnI1,€408.98,IKEA Deutschland,6594944814540887962,3725198623722652124,13299063626600935308
https://www.google.com/search?q=bedroom+furniture&udm=28&gl=DE,Multifunctional Leather Round Bed,https://encrypted-tbn1.gstatic.com/shopping?q=tbn:ANd9GcS4Y_s1bgIBhRFykifG31ls-R99MPe_BrdPHPuJxKzknCXSUyoawSZgDj-anIDqqbSLYmvnsoCvlAiYok5qEi1Gn62MEodil5FNC5aOycd9,"€3,736.42",My Aashis,8494704832247998268,2848304916867693178,2603799725660020395
https://www.google.com/search?q=bedroom+furniture&udm=28&gl=DE,Chennai Antique Style Carved Teak Wood Bedroom Set Designs,https://encrypted-tbn2.gstatic.com/shopping?q=tbn:ANd9GcSoxILEGbkGF3VfQy6juXRIeSvWVZOjsghC1Qct1MoO6EA1HoZ1D-YK-XhJNX_rfn2KwXmmad1i5c3UtMfDYiZzXNhCCDKiagUIlGq0SuE,"€6,336.72",Royalzig Luxury Furniture,14809838879394441473,13725653544539418832,91243400952581369
https://www.google.com/search?q=bedroom+furniture&udm=28&gl=DE,IKEA HAUGA bedroom furniture,https://encrypted-tbn2.gstatic.com/shopping?q=tbn:ANd9GcRjN2RreM0rE27sPTsefDjNxkeaXiqtFkSGuYC6Od6Pm58zK6BFWtXJOKoA4o-VRW0RZPJF8ST0lIbFrBY-Xq1F4XWB3pQPC4oq7FdRHX1ZWj8QuTGb_u16cA,€248.98,IKEA Deutschland,8385663084338757010,16351415336270624058,3535865100467252808
https://www.google.com/search?q=bedroom+furniture&udm=28&gl=DE,Havana Bed | Tonin Casa | Bedroom Furniture,https://encrypted-tbn2.gstatic.com/shopping?q=tbn:ANd9GcSulvGG7JaVaTUEzl-U8IOdawYC8QnuO64jLJYGEfZ0f_WH0A9Gjfzz-XQ0mdYIjGgfuXIPqMg0-w_qH--928EXdNGKHhcCA-l3t4yC4SzDAiuQnSlh6SgO,"€4,968.95",myitalianliving,10049468040356652337,,
https://www.google.com/search?q=bedroom+furniture&udm=28&gl=DE,Magnificent Button Tufted Leather Upholstered Bed,https://encrypted-tbn2.gstatic.com/shopping?q=tbn:ANd9GcQWC04YvGeL4sRuUqpU02E927CXjTe30Qn6uQd-WIyYc5lPwwGs_IIiUQA9YKvhvNcEb6NcJdHdPYJTMSCHrZyBh0MKWEwKISXKlHoN4ANVxAvbVn_1h3QU,"€2,866.61",Lixra,14987728946737305547,15737596537155617772,12897151726334803265
https://www.google.com/search?q=bedroom+furniture&udm=28&gl=DE,IKEA IDANÄS bedroom furniture set of 4,https://encrypted-tbn3.gstatic.com/shopping?q=tbn:ANd9GcTvhk9TRDn4rV0tLu0mUc9Kbp1HQ2ZXcmy4FZFBqNucDHWtDXH1ZA_6mGZQun_muU9AcSiNGIj5GiipfKAN79xGgXAP3oQK1R1ktTiIlRiw78aL0TAbLCTH,"€1,147.98",IKEA Deutschland,16171736843424494837,14950652056785861774,8760426499184578421
https://www.google.com/search?q=bedroom+furniture&udm=28&gl=DE,Daman natural Hand Carved Mango Wood Wardrobe 190cm,https://encrypted-tbn1.gstatic.com/shopping?q=tbn:ANd9GcR-R-S1YX7lGk1ar7g-QjEGhirQuX3TEWDJwnPsq5uC9cn1QQbLzXRZe2kwe0keh9-xGiddtKXn12LmdODWENwaS87_Ltok0-peBHvEwjCb,"€1,390.00",Om Home & Garden,8997459230327415146,7792485930966909709,6208515940413781549
https://www.google.com/search?q=bedroom+furniture&udm=28&gl=DE,Baroque bed Black leatherette with rhinestones and glossy Black wood 200 cm,https://encrypted-tbn1.gstatic.com/shopping?q=tbn:ANd9GcQ6P0-s8GCauyKceT-TE90j6wiOzpqJiITTHLh67Q1xXzQIoyL2dUUxA811lpJCr5P-p4KRgM1_Gz1I5rNGx_yOZofdkVAoLg2ib_D_Kg4db9MxNFeCqtZI,€949.00,Royal Art Palace,16579239940901674506,16568699962468927162,7543072310082640835
https://www.google.com/search?q=bedroom+furniture&udm=28&gl=DE,IKEA GULLABERG bedroom furniture set,https://encrypted-tbn1.gstatic.com/shopping?q=tbn:ANd9GcRGZuglffZqzm3sAYvJlCCgKzsr2VzGSzpMJPWaGyWQnXR4imehANuVK214cl1OEe0r07sEEBxpu9EwK3cFNB0vI4YI2vKLc65rSMjxwxkIRvAKrW9nxNAViQ,€478.98,IKEA Deutschland,1650801060530425679,5267828992454238807,12040186369657203419
https://www.google.com/search?q=bedroom+furniture&udm=28&gl=DE,"Bedside Table 2 Drawers Modern with LED, USB and Wireless Charging",https://encrypted-tbn3.gstatic.com/shopping?q=tbn:ANd9GcTwOkGAa6D12-6kflv7kNg7tJnSBQPYY8RAt-LP3bNAtvJ03EsBGAm6drHaKZCxH6rIgi1kdg_0Gxg6f7HpwWWOH69WYWJBK9KU2eP3pUtH4AYw1Ho0eopi,€169.99,Homary.com,10161847975024850053,18298939667751123776,1820364207219558593
https://www.google.com/search?q=bedroom+furniture&udm=28&gl=DE,Nova Dresser Fusion of Modern Elegance and Practical Storage,https://encrypted-tbn0.gstatic.com/shopping?q=tbn:ANd9GcQ7jYs5W_GzSXoFcBCR1fduC2OlU217RR-HH4IDRp7LOW8ANvyMHt0O6SLe7cD1U4Bcx-VHRlErRV1XVIDFi0yBp7NoYxs2zKUheKJ8Z3XxzoGS_b_tYBsPDA,€485.00,Phantom Furniture,16046786856096778763,8696970568860694591,4733108215250778864
https://www.google.com/search?q=bedroom+furniture&udm=28&gl=DE,IKEA BRIMNES bedroom furniture set of 2,https://encrypted-tbn1.gstatic.com/shopping?q=tbn:ANd9GcSCM5ie0w4NM-xTeH4g2gMXxTyOmD_4B_2u-PA8tja53Q0zI6KtJRhxHFUnyppojh6oSXmMNJ3Gi8sDMLjf0ptJ09KSE9SJucBnr8GIF1YWT5xA3ZiYEO3-,€448.99,IKEA Deutschland,12208019824179383146,1535669231065285325,17965530257687211446
https://www.google.com/search?q=bedroom+furniture&udm=28&gl=DE,Oak Solid Wood Rubberwood Bookshelf bed with soft light / Natural Wood Color Oak soft light reclining bed bunk,https://encrypted-tbn2.gstatic.com/shopping?q=tbn:ANd9GcSoRLg99xAREzHXeVdnY4gMMZ3oF_qygsp_o9bEpbmc_A361-OekpmHj02OEsV7VV35asSnBTv20fY_dzf5JmkYdqSBe24eTJclLpbnWankKaBHDDmOnCzu,€875.89,GVAwood,7055227640257632018,10661057514031255476,9900370603108631518
https://www.google.com/search?q=bedroom+furniture&udm=28&gl=DE,Modern Style Comfortable Leather Bed,https://encrypted-tbn3.gstatic.com/shopping?q=tbn:ANd9GcQW0QIWxTr0BZIk39-cmg_AAfwnTGzgXaD2JQeC9JveCCnTJ1eNcIEr7NCWin8GVbwxZFGJ_aUnKfuBEkzCW9Vd4_wgwBYuKNITljm2F50B,"€3,041.27",My Aashis,8338540628136737718,9328186708760940291,10411857959807462745
https://www.google.com/search?q=bedroom+furniture&udm=28&gl=DE,IKEA STJÄRNÖ / GRÅFJÄLLET bedroom furniture,https://encrypted-tbn0.gstatic.com/shopping?q=tbn:ANd9GcTHaKB-f-OIpG1PCki6B-TEitQW2lTtNSaSF-djReZ7itd6UubPhoVS1zkYR1LLrm7e1N8we9U-N8ycDlW0IpjgNr43vwnSoqlUl2LtnmRABEZIwQ1mcohPSw,€288.98,IKEA Deutschland,11455694123945159,2425398363166378282,3497045584796424284
https://www.google.com/search?q=bedroom+furniture&udm=28&gl=DE,KOMHTOM wardrobe bed 140x200 cm wall bed with slatted rack vertical wall folding bed storage drawers,https://encrypted-tbn0.gstatic.com/shopping?q=tbn:ANd9GcRUq8q_OUlzu_Tx7kP1FaW6Z96KZJ_5fNQ4aJlx0e9Tl1FI2kHp8tmgX4SRqItficuADlzCTfSEC6fW6xGXIE917RcqTty24MpGJQPXXX48X4gjN4nerc19,€455.93,AliExpress - AliExpress-6174954871,1255923259010347266,15171159756274154817,
https://www.google.com/search?q=bedroom+furniture&udm=28&gl=DE,VASAGLE Schminktisch mit Spiegel RGB-Beleuchtung,https://encrypted-tbn3.gstatic.com/shopping?q=tbn:ANd9GcR8Ax0SoPZtdYPeH8Oo_xk-Xc6iwlsTftiy4Lseye0V8ORA8aYatbYmkrWvGKbhmklseSMgCIEkUnbwT1e8FT-GmHL1TAFsqM7K1O6RCysSAPkyTzPOpepx,€135.47,CHECK24,10437594094287440522,5459070109624445261,9399925016409678914
https://www.google.com/search?q=bedroom+furniture&udm=28&gl=DE,IKEA KRONÖREN bedroom furniture,https://encrypted-tbn2.gstatic.com/shopping?q=tbn:ANd9GcTiUlm5T_tq3C3Isa-4nRmH2qQTCFU3DZ7u_0PfxkTd2Vh0goXHsjKhxfBNSVl7OLGQIsCnuCsPu6lBsW4s4Z4BEjknb7a1uToVE1PqBpnb0TqvH_qN0MQwDA,€77.00,IKEA Deutschland,5942613954918236659,3833481729350123133,15559713018788027569
https://www.google.com/search?q=bedroom+furniture&udm=28&gl=DE,Rustic Live Edge Bed Frame For Unique Bedroom Decor SITHWO010,https://encrypted-tbn0.gstatic.com/shopping?q=tbn:ANd9GcTNlDf5eYjFKEHrYLXPSdKqVhyImYv5M-PXOtNnbEx8qi6m_K9Q3navmGAcrE5SfDACwj_R3bMp9x4-CwZ6-wEwEFfRo4peZyoly2lbzmn-uXS1mc_QmQxuNg,"€6,256.33",Spryinterior,6083519366042782661,,
https://www.google.com/search?q=bedroom+furniture&udm=28&gl=DE,Baroque bed velvet fabric and lacquered wood 200 cm,https://encrypted-tbn3.gstatic.com/shopping?q=tbn:ANd9GcSaWyqdUV4ejWEecrQl8z5JwlJWKesOHxmfszWBlDSXVMtjmbnp3y-nDoL96eXCgbHIjlRdcy5O6SvQkYj1iSUbFG1ZeJwpri377XvpWZ4,€999.00,Royal Art Palace,7790117048238940835,9925195329108297989,5136621627930554974
https://www.google.com/search?q=bedroom+furniture&udm=28&gl=DE,IKEA TONSTAD bedroom furniture set of 3,https://encrypted-tbn2.gstatic.com/shopping?q=tbn:ANd9GcQD98RoMO6TFOY9cdUbwon8VPI1qZ50fFGYG_9WGOfu6dtoyKVxwfN8GB8aA-UkloB1SlUt5XK9UfIlwl8KADaRrx7JHSMoK_v4wSvnRjtdSNScjHEs_k-tcg,€698.98,IKEA Deutschland,6228193526270162901,13345223682940192973,2627322723112703328
https://www.google.com/search?q=bedroom+furniture&udm=28&gl=DE,Keira King Size Bed,https://encrypted-tbn1.gstatic.com/shopping?q=tbn:ANd9GcT39wo1Wn9ajG15vytVDi8nmX41ONdK4KPfBS5R4Z1axzDumeTfktpZF4z50tloHv30RSQNy-CxYn5bq7wOrIVDQ5YVf8aYe53KUJqjVHk,€521.71,Shekhawati Crafts,8590059540717491396,,
https://www.google.com/search?q=bedroom+furniture&udm=28&gl=DE,"Bed Cattelan Italia William Leather - L173 x W215 x H135, 988 Tobacco",https://encrypted-tbn3.gstatic.com/shopping?q=tbn:ANd9GcRMOSxiUemaM6uiLwSufeMWYlZ14KZzEpSJfbb7-wqRzh4VXKoFFK__kdTfL8g26c0l_UNpjtUBJmS9OLDhdIFkQLzTwYjmAiNz6cgURwPGxQ5CdhI-7h0-8Q,"€3,920.00",Brera Interni,8080771045097316475,,
https://www.google.com/search?q=bedroom+furniture&udm=28&gl=DE,MOEBE Bed 90-180cm high,https://encrypted-tbn3.gstatic.com/shopping?q=tbn:ANd9GcTwZmtmVy3i3SQKQz8ZblgYuE-P-b-HOVszfp1thQmzsbLw_y4zUJJY2qSzC7CKnf4Md6RcNXcE5ESSh1518NF9KDi0eF-dajYeknPkxrh-OcBNxFEU9wBrlDE,"€1,348.00",Studio Wohnglück,11083658864112176409,16219495035797316332,11433150004292370905
https://www.google.com/search?q=bedroom+furniture&udm=28&gl=DE,Affluent Unique Leather Bed,https://encrypted-tbn2.gstatic.com/shopping?q=tbn:ANd9GcRL7fys_xe2bnWbWLqfmEw5lnG_mnNBI5FKpzqRXWCI2peG8LAXC0-kpcuoTI5CS8pt76JIeYf2quAbLDoM3ohg466Lm2wlWhrkFk9OtlU,"€2,954.38",My Aashis,6450453733113140942,5252135023675922336,12482573286146546113
https://www.google.com/search?q=bedroom+furniture&udm=28&gl=DE,IKEA TÄLLÅSEN upholstered bed frame,https://encrypted-tbn1.gstatic.com/shopping?q=tbn:ANd9GcQDM5BIv2wB5rXIYV54CtMJZ0yKhti4g6BMMOS-4XFZn2swEPHpY3uFL6Gg59g5Mzh4nsM5HwGyuurvUoGd7YfSwboN8v4Kw2LZa3GApF9T8OSfbkdIgyiA,€199.00,IKEA Deutschland,1221616974820490100,15276086962288624023,9761046920576063504
https://www.google.com/search?q=bedroom+furniture&udm=28&gl=DE,"Ingrid King Size /Super King Size Bed, Velvet - King Size",https://encrypted-tbn2.gstatic.com/shopping?q=tbn:ANd9GcTKJScFGI9cCwtC50tzNr7sLP98zptgCp063K4qENeEgbPvfJFhYCSUyhvKKsYTLdJcdywuSl0pSDZxc0b55AoT-gu0-XbCfHuPzHPpQEs,"€1,048.86",Weilai Concept,17054644229956902062,,
https://www.google.com/search?q=bedroom+furniture&udm=28&gl=DE,Montana Keep Chest Of Drawers Plinth,https://encrypted-tbn0.gstatic.com/shopping?q=tbn:ANd9GcREUeHZ3Gi1vELPtBrJZhQ0bsGWHyj38yCz7q4vDy1fa7-qQS2Hc705S1Ud-2DFIw6DgrNBTxNf2UIp8Jgwcve2cjh-PnhkvUxSLjIlRbIzQrlhEoohO_9MYg,"€2,768.00",NO GA,13815576991375100726,6435558126233057304,5654073210147592298
https://www.google.com/search?q=bedroom+furniture&udm=28&gl=DE,WoodMan Cube Double Bed 160x200 Raw Wood Japanese Style WUA-01067,https://encrypted-tbn3.gstatic.com/shopping?q=tbn:ANd9GcTmZYIqB162MTZzqH0qVAtOcehFXVNJJSOcL40b9ZR14U7_j23RY3w_of89mNay34BJH2u3B9ZnH6_ITzeEnulkCwVm5Sycqyw0YIVE-oU,€565.00,Lunares.eu,6517554127346244174,,
https://www.google.com/search?q=bedroom+furniture&udm=28&gl=DE,Astounding Leather Modern Round Bed Queen,https://encrypted-tbn2.gstatic.com/shopping?q=tbn:ANd9GcRFqt7dtRY3kMvHVBn6qstPiTio648khQWsiE4P9380jH7Tsuhh4UmTK734msWJGh7JFQg9yahDOjLytF5Kf4a7ZpCC-lKpFv1DyHThcuEl,"€2,780.59",Lixra,13968766225737537303,,
https://www.google.com/search?q=bedroom+furniture&udm=28&gl=DE,Dharma Double Bed | Tonin Casa | Bedroom Furniture,https://encrypted-tbn1.gstatic.com/shopping?q=tbn:ANd9GcTlkBp7smLbBea0dwSJeE7U8qI8fmcp_skA9wNuL917dwq41Qp3bYnfXsbssGC_YHWxpF98m_k0-hfF3BffpsdZSKm5-MrMI23wif3K-K8,"€4,329.95",myitalianliving,8160790203416998438,,
https://www.google.com/search?q=bedroom+furniture&udm=28&gl=DE,Royal Leather Soft Bed,https://encrypted-tbn0.gstatic.com/shopping?q=tbn:ANd9GcQyYZvDldgTf6Z3aohcKe7aHRVeZr0WT4kAZ7PszUULRb1daOIM7EU8KBK7o2AZyyxvrP7EVaF18n9w3HKGgUlcOJxMxk_qvFzlfb0yA1c_,"€2,780.59",My Aashis,9861969615450031739,13032728556326498967,8567243665723230825
https://www.google.com/search?q=bedroom+furniture&udm=28&gl=DE,Laggi Chest of Drawers,https://encrypted-tbn3.gstatic.com/shopping?q=tbn:ANd9GcSvuYNM__OEkapmCQFppOmEZ39dQh9va6AqlNqHixtxPaDOjd4tkdRRyZ9FCn_XZLKiQv9aPKDb_lFDrkkcn_miKs0nfHa7liYe-WhgwnzcccxSTgG_XnHNpA,€840.00,Evanyrouse,10093228426992183463,8794047802346076255,15022339611198742149
https://www.google.com/search?q=bedroom+furniture&udm=28&gl=DE,Kalamkaar Led Indus Bed Set Handmade Furniture in Pakistan,https://encrypted-tbn0.gstatic.com/shopping?q=tbn:ANd9GcSJOfAJ7bZEjdqFIUPnZsU78A5aexj0XruQLucqUmr26le_oPAn12wUxs75NLbAGMzEkSAYkk7IvHQPkPzwqnFJYx3qKFrC5qodhp5tkEmFRt7fhW90Jav5,"€1,623.55",Kalamkaar Furniture,15265644347867323565,2742012960426720337,14314235732355266038
https://www.google.com/search?q=bedroom+furniture&udm=28&gl=DE,"Modern ""New York"" storage bed with padded base in hydro-fabric with conical foot - Beige / King size - 180x200 cm",https://encrypted-tbn1.gstatic.com/shopping?q=tbn:ANd9GcSTf1ooDHno_xfVvgduIODNiw-iTvZC3s8lTshSdPKEDQCcScMpFdkP6kWdIeEIo4dQD_F5civEyqJ6yvTDEGxZiujwfA082ZC9ZLpouQ_BbEWrf3KzygNx,"€1,109.90",Mondoviro.com,10648342939342168762,,
https://www.google.com/search?q=bedroom+furniture&udm=28&gl=DE,Japanese-Style Low Bed Frame with Natural Floor Bed and Floating Wooden Nightstands Set,https://encrypted-tbn0.gstatic.com/shopping?q=tbn:ANd9GcSMIbHYqAH5PHMJwV0bDJXIw104ZzZsKuyfMd7Yc8KHnZLmLWSibolc4JlyBZ_XoRzrvzoY9xuImSsBcguQqYnSeweU4mqxbydubmCiqVI,€708.99,Homary DE,5083762938088045719,3875211078130188003,15777719311706972027
https://www.google.com/search?q=bedroom+furniture&udm=28&gl=DE,Honeycomb Grey Bone Inlay Dresser,https://encrypted-tbn3.gstatic.com/shopping?q=tbn:ANd9GcSUKKWLfhgYxMdtdqKj6DCKw47vGzQAmYeOgoNfi4-lHlvh3qP3Ak_My5ZLAZZaP8HtQImpRgbRbHUi3L6yoFtrQby1FZniW0cZC_4GJHXHDQy7Aqj56G68xg,"€2,039.39",House of Jaipur,14968331555189780669,,
https://www.google.com/search?q=bedroom+furniture&udm=28&gl=DE,Chest-of-Drawers Classic,https://encrypted-tbn1.gstatic.com/shopping?q=tbn:ANd9GcS42Ou7cdPXptCj3op0NJ81_zQj_DGgQ3Sy-8oqBmwXhDsWnuhzDK0eY5gy3iMVEhsdgKydQ43yn4Yx1N34Aw2jZg3xFTK27RmiB_Z015wL,€321.26,Cocozi NL,13055779451978072184,6627190542614762916,15990248809323112225
https://www.google.com/search?q=bedroom+furniture&udm=28&gl=DE,Essence Modern Italian Bedroom,https://encrypted-tbn2.gstatic.com/shopping?q=tbn:ANd9GcQq9uwRW_Yb7ILxlmdnYBAyZCktkx0Z54p-jrcOOamE6v0uHj3webYOhNhlL8Q1DKvhh_zD8C8Jee75hUbWpLSbcJ0-3qjOJPad5O5mKhTV,"€10,252.56",frenchfurnitureorlando.com,14754317744391892191,,
https://www.google.com/search?q=bedroom+furniture&udm=28&gl=DE,Modern Fusion Leather Bed With Storage Drawers,https://encrypted-tbn2.gstatic.com/shopping?q=tbn:ANd9GcTivoMVAYCBvD2VDiIsRgnbQ5n18ocM45qlRIelxoNCrLqC3PCcDQZ2sYR-o1oOnqAKymT7f4rekWGgINJEsunhSdN157olHLFLYGNBCUA,"€2,780.59",Lixra,5669887907764072176,3733601556651496610,8895988133351210111
https://www.google.com/search?q=bedroom+furniture&udm=28&gl=DE,"Wood Solid Wood Bed, Black Walnut Wood Bed, Modern and Simple Double Bed",https://encrypted-tbn3.gstatic.com/shopping?q=tbn:ANd9GcRK2-0BUb_lHvuofzh1xmV8RLxyoR8vZM6OxUF3Gl71uQVilMrBDL5r1wimE0CEmFtHdxSnf3jX32oBYSQySeZ2OKaMWGuIbOOCTjYk1j1SGr2JEIIYNude,"€1,780.97",GVAwood,11198387201677247679,1189565877956704133,4433571556883255963
https://www.google.com/search?q=bedroom+furniture&udm=28&gl=DE,Round Bedroom Furniture Set,https://encrypted-tbn1.gstatic.com/shopping?q=tbn:ANd9GcSDXGKiUd966Dt5AtydXzvpDaJ13clnh2kr6G2gywflln4Ys1swv2jST0eZ4Cd1OXy767o0SW6n9UbAt0q19k3NJhLUL3Qkv9XAiTzTBFrS_1H94MakWNlA,"€3,910.20",My Aashis,3351448339314414450,,
https://www.google.com/search?q=bedroom+furniture&udm=28&gl=DE,IKEA PAX / TONSTAD wardrobe combination dark grey/brown stained oak veneer,https://encrypted-tbn0.gstatic.com/shopping?q=tbn:ANd9GcToo34mB3lll3RMd38bQy15ErRqgCAM-HyIL6jw6vnCW6MtM97Z-3HGMZU13ooKCMC1VsvdddVmybsZMIcuKPp12THlqLrkAiZ-IKViFat9J3RPwKbon98d3g,€800.00,IKEA Deutschland,14283334404988253619,14161061821232184827,2972659870276129571
https://www.google.com/search?q=bedroom+furniture&udm=28&gl=DE,Wooden bedside table – side table – with two drawers – made of solid teak wood – 50x40x60 cm,https://encrypted-tbn0.gstatic.com/shopping?q=tbn:ANd9GcRvcqnhhTuxIj3dn7SbmuViVF9_IUyLoHZ2gqSK2V_v6ZX4B2nZUlICj9s5YA4QIAWKOwYrkI_cEDNTgksyK_1l2Y2voZlvykKfY2bhcxpOJlrW9fP3JzyBSA,€249.00,FaHome,9600955612738739008,3999939525906153056,14195058692231690117
https://www.google.com/search?q=bedroom+furniture&udm=28&gl=DE,Vasundhara Indian Classic Style Bedroom Set collection,https://encrypted-tbn3.gstatic.com/shopping?q=tbn:ANd9GcTwIcnPxod9kAbolmhc-eyHzvEWGwtPOBBr9oIB6FuDOk4g-OEVqawrNUfJWfMZDfV3jisXLwZmeLujYTqXL6pMAwPyAbQ_sjntZLz-WBU,"€4,686.44",Royalzig Luxury Furniture,18174256819642900986,5159806545610796401,7838035884189222383
https://www.google.com/search?q=bedroom+furniture&udm=28&gl=DE,Kitsune Marquetry Walnut Bedside Table,https://encrypted-tbn3.gstatic.com/shopping?q=tbn:ANd9GcT6WHP2ZtCMcQW_E7-Q7M2CK9XAs8J7yJd-VeyzBz8CyppJ_TVjn18I0s4Wndopc3l34-PmuLkpP98dYCaOFJRwGKP9nEj_rfQF7vPYybWtmsuapmRjoV7ETzo,"€9,333.57",Patience and Gough,11847912305025520411,293478994086712319,9936434135455690387
https://www.google.com/search?q=bedroom+furniture&udm=28&gl=DE,Paradise Storage Bedroom,https://encrypted-tbn0.gstatic.com/shopping?q=tbn:ANd9GcQGJw14fys4AMeqwbZbIga8LXZX6iiAoqRe0gTVcVTibJW0T92APDD16BCKL-Aj_QB5YZCEpopIgH69vTAfu4N0nOAGMRquhDfHbCwO2Sk,"€2,139.87",Carsi24,2610245505431008545,16777385708637192774,12918945745762942571
https://www.google.com/search?q=bedroom+furniture&udm=28&gl=DE,Bone Inlay Chest,https://encrypted-tbn1.gstatic.com/shopping?q=tbn:ANd9GcQJZp_y2xHVia_GOB06wdq1qPLDmwtYiDVekv2FkY49Unn0_IjpBcKwAiu5hhX2jk6mwHUuQEUELy7JfQtqx1ppouGxXwfYgCEyqkLnm9tQSZT2EiFsbdN2Kzw,"€2,314.84",Hansa Handicraft,6394308501917877201,12897016015413679471,3020542469890415753
https://www.google.com/search?q=bedroom+furniture&udm=28&gl=DE,Aesthetic Leather Bed With Ultra Comfortable Backrest,https://encrypted-tbn1.gstatic.com/shopping?q=tbn:ANd9GcSfGrFXHKDkilWQlec6FTTWZ9CRxKK_yud12sHnEru6g4BEWiTtpBaGju4PszrB6dWa3Bm1VtuW8KYaiJFJ_q0hWaTicupZOL4I95TQbSjI,"€2,693.70",My Aashis,8192687827783285653,273747326323282441,17477814859493979925
https://www.google.com/search?q=bedroom+furniture&udm=28&gl=DE,Sleep Varia Bedroom Furniture System Bed Base with Nightstands – Oiled Oak / Oiled Oak,https://encrypted-tbn3.gstatic.com/shopping?q=tbn:ANd9GcRB-dd-OQTCjyyILxoMon-TF_4IAUGaShJvxZJQ0a1j5wEFLYmazSSJbVaf4lg5B2KoWozWpjV27q1PfGJ-6H1-l1W9oY67e1kk0fXxO4G7r42LB1s3KufB,"€1,495.00",Phantom Furniture,3008929815653610657,14266082791255596381,11941055854889793047
https://www.google.com/search?q=bedroom+furniture&udm=28&gl=DE,Oak Birch Solid Wood bed — Simple Design with Flat Edges Natural Wood Color bed,https://encrypted-tbn0.gstatic.com/shopping?q=tbn:ANd9GcTmwmT4k8t9qjz6tUlppTRENHxG9v-1H5fnmeFEL2n-mQyytb1vNru6j207qlP8ixnaJOMywZLEYgF7g-d1Ku4Md7k1lrFFDrjP26hauOwl4mdoWAtFvxPG7g,€827.23,GVAwood,11799977344380789786,6134138873401602061,6064356684615372142
https://www.google.com/search?q=bedroom+furniture&udm=28&gl=DE,IKEA TONSTAD chest of 4 drawers,https://encrypted-tbn3.gstatic.com/shopping?q=tbn:ANd9GcRnKrs7kUbqhq9vXT_ofTQ9IhLSSa2VdwrY1U80IP4YdxMhKDhq61U1qhfFbjp4PnZ1Rp6_lRtKxGKIPS3IiWhA-u5dS68f-5oVTw_9dzF7zfU0j6-O2sMHig,€229.00,IKEA Deutschland,2193919658465987674,14862090744972324332,16715378100947301113
https://www.google.com/search?q=bedroom+furniture&udm=28&gl=DE,Rio Ash Wood Platform Bed Ash Wood,https://encrypted-tbn0.gstatic.com/shopping?q=tbn:ANd9GcQ7I4ixbiH1Zq5QWickWA7QOmWdnHZLmDw52sv8uIldOHh16I8rS0BNfh4Cz_Wix87O1E1uY1LcVs9g_l70iwt6xqaLAfcVIUVRVQt4hUqDkMebKzeJbSI,"€2,101.87",Nismaaya Decor,9846711142547432759,6700019766090546587,1102965303636067229
https://www.google.com/search?q=bedroom+furniture&udm=28&gl=DE,Enorm L Wardrobe in Solid Wood – 3-Door,https://encrypted-tbn3.gstatic.com/shopping?q=tbn:ANd9GcS0n7uqegyeJ5ERjXJbiZONyvJ-I1RnvQ4q3kxUdknTa-VjCnMLmmnOjNMHYIFH5QfMCegeza9XXR0YfjWOOlhCFtPmORy8OjwrV2tTqOzZY2vPRI7slDlLdA,"€1,800.00",Avocadostore.de,11566448207937540355,12032533264822893720,8084814517866691078
https://www.google.com/search?q=bedroom+furniture&udm=28&gl=DE,Contemporary Rustic Bedroom: Teal Accent Wall & Wooden Platform Bed Acacia wood,https://encrypted-tbn2.gstatic.com/shopping?q=tbn:ANd9GcSq_mIrIqe181nlUqAikw6E8nRBseefkcPXZBkV0vtAwaSZuLwlDjaBkCMdVNXqNzoC5iCgiPVFE-JyLfinK6hjsULc57HiNQG4EAF6OEBM,"€2,010.34",Woodsala,3999678837330643315,,
https://www.google.com/search?q=bedroom+furniture&udm=28&gl=DE,Blue Velvet Fabric Upholstered European Bed,https://encrypted-tbn3.gstatic.com/shopping?q=tbn:ANd9GcRgmpUNfsAYg3ldKaX2SceW44VBWAWaKxA4Br7t49RrSCUBu9wrEOLmCQpChs_I6a6cCVgmKelQs0hkUFMeEPeS8K1YW329ZzEVvSIN2Bk,"€4,170.88",My Aashis,13893303504621299323,10105095727583551422,8219910189244954978
https://www.google.com/search?q=bedroom+furniture&udm=28&gl=DE,Ethnicraft Oak SPINDLE bed,https://encrypted-tbn1.gstatic.com/shopping?q=tbn:ANd9GcQppqRPtrTECARlda8lxTY25j8GtH8wFNI8IK9m0zgXnpePRww-JtP-E5dmULyW2RyAj3DGf8NyDsfavPpjNL25m4mKGIlHWWFPMhD5jerSe2k25nFKDbDTcw,"€2,469.00",NO GA,9851303625073587053,15779034371602725927,13871102638027981845
https://www.google.com/search?q=bedroom+furniture&udm=28&gl=DE,Rio Costa 2 Door Wardrobe,https://encrypted-tbn3.gstatic.com/shopping?q=tbn:ANd9GcTQyFl84z8StxL7pr_TJ15Z3IWKDADvQms8sCPIxyyVxaWHKK_5_ACpCHqHuCjuJGRCFS8IbrjmMGctfawepppRZ-SDIBUStlwHwCO1XlimXnlkc6j5lHEt,€204.17,NetFurniture,3008087189528736519,14962796242151441364,12999893850004167189
https://www.google.com/search?q=bedroom+furniture&udm=28&gl=DE,CUBIC Solid wood headboard. O ak / 180 / 60,https://encrypted-tbn2.gstatic.com/shopping?q=tbn:ANd9GcSAZ7GD8OslzvaCzYLn_yGR71rMwkyqwhumODMv9uszLNGetuKc4xSEdYh2Ou0EgjwmyDNaH47KR1rvvXYgLof2Ywhr5u5ibQF22Pv_Ey0,€301.99,Raw Wood,5705156938709455433,,
https://www.google.com/search?q=living+room+furniture&sca_esv=d64b47f615dedb78&udm=28&gl=DE&sxsrf=APpeQnvbtuQyLYBS4RMtsK5oUCBb62wYvw%3A1785762396033&ei=XJJwavy_AZ3EkPIP5PSRgAU&biw=1530&bih=786&oq=livingroom+furniture&gs_lp=Ehlnd3Mtd2l6LW1vZGVsZXNzLXNob3BwaW5nIhRsaXZpbmdyb29tIGZ1cm5pdHVyZSoCCAAyCRAAGIAEGAoYCzIJEAAYgAQYChgLMgkQABiABBgKGAsyCRAAGIAEGAoYCzIJEAAYgAQYChgLMgkQABiABBgKGAsyCRAAGIAEGAoYCzIJEAAYgAQYChgLMgkQABiABBgKGAsyCRAAGIAEGAoYC0ibNVDKD1ijK3ADeAGQAQCYAXqgAYMJqgEEMC4xMLgBA8gBAPgBAZgCDaACggrCAgoQABhHGNYEGLADwgIFEAAYgATCAgYQABgHGB7CAgcQABiABBgNwgIKEAAYgAQYDRjWBcICCBAAGAcYHhgKmAMAiAYBkAYIkgcEMy4xMKAHjEqyBwQwLjEwuAffCcIHBTItNi43yAdigAgB&sclient=gws-wiz-modeless-shopping,IKEA SALTMYRAN sofa,https://encrypted-tbn2.gstatic.com/shopping?q=tbn:ANd9GcS2czBBWsPo2auqQqjCoPmGcF2nzBZVlk8RFuo_bwFL5kcZaA3TQIwkEKThdbxWozK_zMeKaCgxgfpXPKRXAle05CYQsONxq_GeZQwMR30GE-0dpi_uXM5FTw,€279.00,IKEA Deutschland,18010741871731199394,616052690869210693,10925204299667833807
https://www.google.com/search?q=living+room+furniture&sca_esv=d64b47f615dedb78&udm=28&gl=DE&sxsrf=APpeQnvbtuQyLYBS4RMtsK5oUCBb62wYvw%3A1785762396033&ei=XJJwavy_AZ3EkPIP5PSRgAU&biw=1530&bih=786&oq=livingroom+furniture&gs_lp=Ehlnd3Mtd2l6LW1vZGVsZXNzLXNob3BwaW5nIhRsaXZpbmdyb29tIGZ1cm5pdHVyZSoCCAAyCRAAGIAEGAoYCzIJEAAYgAQYChgLMgkQABiABBgKGAsyCRAAGIAEGAoYCzIJEAAYgAQYChgLMgkQABiABBgKGAsyCRAAGIAEGAoYCzIJEAAYgAQYChgLMgkQABiABBgKGAsyCRAAGIAEGAoYC0ibNVDKD1ijK3ADeAGQAQCYAXqgAYMJqgEEMC4xMLgBA8gBAPgBAZgCDaACggrCAgoQABhHGNYEGLADwgIFEAAYgATCAgYQABgHGB7CAgcQABiABBgNwgIKEAAYgAQYDRjWBcICCBAAGAcYHhgKmAMAiAYBkAYIkgcEMy4xMKAHjEqyBwQwLjEwuAffCcIHBTItNi43yAdigAgB&sclient=gws-wiz-modeless-shopping,"SOFILAND Cordo U XXL Wohnlandschaft mit Schlaffunktion und 2 Bettkästen - Breitcord Tilia - U-Form Sofa (Cremig, Rechte Seite)",https://encrypted-tbn2.gstatic.com/shopping?q=tbn:ANd9GcStGed5EYGrETVAdDGvwugEnH_1tkLQlfBXaUFOdMwa6A_teLi1q3lo0arkMYwBgndZphwlgijEfWOMV6GdMUcHkdOR4pFFSodyuNqBjFiZUPi1zlCxew4q,"€1,370.00",Amazon.de - Amazon.de-Seller,16078028751330163626,11558941256045077610,
https://www.google.com/search?q=living+room+furniture&sca_esv=d64b47f615dedb78&udm=28&gl=DE&sxsrf=APpeQnvbtuQyLYBS4RMtsK5oUCBb62wYvw%3A1785762396033&ei=XJJwavy_AZ3EkPIP5PSRgAU&biw=1530&bih=786&oq=livingroom+furniture&gs_lp=Ehlnd3Mtd2l6LW1vZGVsZXNzLXNob3BwaW5nIhRsaXZpbmdyb29tIGZ1cm5pdHVyZSoCCAAyCRAAGIAEGAoYCzIJEAAYgAQYChgLMgkQABiABBgKGAsyCRAAGIAEGAoYCzIJEAAYgAQYChgLMgkQABiABBgKGAsyCRAAGIAEGAoYCzIJEAAYgAQYChgLMgkQABiABBgKGAsyCRAAGIAEGAoYC0ibNVDKD1ijK3ADeAGQAQCYAXqgAYMJqgEEMC4xMLgBA8gBAPgBAZgCDaACggrCAgoQABhHGNYEGLADwgIFEAAYgATCAgYQABgHGB7CAgcQABiABBgNwgIKEAAYgAQYDRjWBcICCBAAGAcYHhgKmAMAiAYBkAYIkgcEMy4xMKAHjEqyBwQwLjEwuAffCcIHBTItNi43yAdigAgB&sclient=gws-wiz-modeless-shopping,"Tivoli Grande RTV Möbel Set, Wotan/Weiß LED Beleuchtung Blau",https://encrypted-tbn2.gstatic.com/shopping?q=tbn:ANd9GcSQzNw0Py6P-FMsLLR9glSCvOSo0JKULiQSUBQFaIMHliBWxR6heNL6hnhZ3wGoI1wemS5fYvNYDxzIwYtaRs_iCPV3okb7Z6hY3qokB9BjWRfCVlHQvVcW,€369.99,XXXLutz DE,6458828076886027601,514730502850933377,16369734741193472500
https://www.google.com/search?q=living+room+furniture&sca_esv=d64b47f615dedb78&udm=28&gl=DE&sxsrf=APpeQnvbtuQyLYBS4RMtsK5oUCBb62wYvw%3A1785762396033&ei=XJJwavy_AZ3EkPIP5PSRgAU&biw=1530&bih=786&oq=livingroom+furniture&gs_lp=Ehlnd3Mtd2l6LW1vZGVsZXNzLXNob3BwaW5nIhRsaXZpbmdyb29tIGZ1cm5pdHVyZSoCCAAyCRAAGIAEGAoYCzIJEAAYgAQYChgLMgkQABiABBgKGAsyCRAAGIAEGAoYCzIJEAAYgAQYChgLMgkQABiABBgKGAsyCRAAGIAEGAoYCzIJEAAYgAQYChgLMgkQABiABBgKGAsyCRAAGIAEGAoYC0ibNVDKD1ijK3ADeAGQAQCYAXqgAYMJqgEEMC4xMLgBA8gBAPgBAZgCDaACggrCAgoQABhHGNYEGLADwgIFEAAYgATCAgYQABgHGB7CAgcQABiABBgNwgIKEAAYgAQYDRjWBcICCBAAGAcYHhgKmAMAiAYBkAYIkgcEMy4xMKAHjEqyBwQwLjEwuAffCcIHBTItNi43yAdigAgB&sclient=gws-wiz-modeless-shopping,IKEA ÄLVDALEN 3-seat sofa-bed,https://encrypted-tbn3.gstatic.com/shopping?q=tbn:ANd9GcTl-4ouFU0M7SvQRYn9gvzSGkOtXUTB2F1yC-8JGgsikfemOU5yEpLbYshp67omKhcwoBHPq2LPz-wom0L7bJxzYItmfb7fJWT80rljSmQFL4zsDRctnLOJ,€279.00,IKEA Deutschland,15870281282652917262,13900087064102005477,14647492544357247230
https://www.google.com/search?q=living+room+furniture&sca_esv=d64b47f615dedb78&udm=28&gl=DE&sxsrf=APpeQnvbtuQyLYBS4RMtsK5oUCBb62wYvw%3A1785762396033&ei=XJJwavy_AZ3EkPIP5PSRgAU&biw=1530&bih=786&oq=livingroom+furniture&gs_lp=Ehlnd3Mtd2l6LW1vZGVsZXNzLXNob3BwaW5nIhRsaXZpbmdyb29tIGZ1cm5pdHVyZSoCCAAyCRAAGIAEGAoYCzIJEAAYgAQYChgLMgkQABiABBgKGAsyCRAAGIAEGAoYCzIJEAAYgAQYChgLMgkQABiABBgKGAsyCRAAGIAEGAoYCzIJEAAYgAQYChgLMgkQABiABBgKGAsyCRAAGIAEGAoYC0ibNVDKD1ijK3ADeAGQAQCYAXqgAYMJqgEEMC4xMLgBA8gBAPgBAZgCDaACggrCAgoQABhHGNYEGLADwgIFEAAYgATCAgYQABgHGB7CAgcQABiABBgNwgIKEAAYgAQYDRjWBcICCBAAGAcYHhgKmAMAiAYBkAYIkgcEMy4xMKAHjEqyBwQwLjEwuAffCcIHBTItNi43yAdigAgB&sclient=gws-wiz-modeless-shopping,Devoko Ecksofa mit Schlaffunktion und Bettkasten L-Form Sofa 3-Sitzer Ausziehbares Schlafsofa Leinen Couch Kleines Schlafcouch für Wohnung und,https://encrypted-tbn1.gstatic.com/shopping?q=tbn:ANd9GcRDxE9zrCWRnqf4ngAmGo5xpMXO3BBCbNtr2DmOhqwri58DwauMlYIcUHfJmKgxZNvSTBUTF-mRcTh98MHj8bUFsrzaDpgzuXs5P435UKAe,€419.00,Amazon.de - Amazon.de-Seller,1349755524809821453,,
https://www.google.com/search?q=living+room+furniture&sca_esv=d64b47f615dedb78&udm=28&gl=DE&sxsrf=APpeQnvbtuQyLYBS4RMtsK5oUCBb62wYvw%3A1785762396033&ei=XJJwavy_AZ3EkPIP5PSRgAU&biw=1530&bih=786&oq=livingroom+furniture&gs_lp=Ehlnd3Mtd2l6LW1vZGVsZXNzLXNob3BwaW5nIhRsaXZpbmdyb29tIGZ1cm5pdHVyZSoCCAAyCRAAGIAEGAoYCzIJEAAYgAQYChgLMgkQABiABBgKGAsyCRAAGIAEGAoYCzIJEAAYgAQYChgLMgkQABiABBgKGAsyCRAAGIAEGAoYCzIJEAAYgAQYChgLMgkQABiABBgKGAsyCRAAGIAEGAoYC0ibNVDKD1ijK3ADeAGQAQCYAXqgAYMJqgEEMC4xMLgBA8gBAPgBAZgCDaACggrCAgoQABhHGNYEGLADwgIFEAAYgATCAgYQABgHGB7CAgcQABiABBgNwgIKEAAYgAQYDRjWBcICCBAAGAcYHhgKmAMAiAYBkAYIkgcEMy4xMKAHjEqyBwQwLjEwuAffCcIHBTItNi43yAdigAgB&sclient=gws-wiz-modeless-shopping,"Sessel ""LEONE"" Atmosphera",https://encrypted-tbn3.gstatic.com/shopping?q=tbn:ANd9GcQiLZt_LKDWriXZ6PmBGLUCNOC0Z7LA4aEJOCXjI2Yo4ZlIW8xrapZDoBKy8xS-lqaoZVHjGuYnkIb9VclKR5ejl0xl5NYobeSqeUTz8-VnpDkf4PiAobcsKg,€79.99,joybuy.de,9921567235997549264,15423785947376106416,4288326619163689
https://www.google.com/search?q=living+room+furniture&sca_esv=d64b47f615dedb78&udm=28&gl=DE&sxsrf=APpeQnvbtuQyLYBS4RMtsK5oUCBb62wYvw%3A1785762396033&ei=XJJwavy_AZ3EkPIP5PSRgAU&biw=1530&bih=786&oq=livingroom+furniture&gs_lp=Ehlnd3Mtd2l6LW1vZGVsZXNzLXNob3BwaW5nIhRsaXZpbmdyb29tIGZ1cm5pdHVyZSoCCAAyCRAAGIAEGAoYCzIJEAAYgAQYChgLMgkQABiABBgKGAsyCRAAGIAEGAoYCzIJEAAYgAQYChgLMgkQABiABBgKGAsyCRAAGIAEGAoYCzIJEAAYgAQYChgLMgkQABiABBgKGAsyCRAAGIAEGAoYC0ibNVDKD1ijK3ADeAGQAQCYAXqgAYMJqgEEMC4xMLgBA8gBAPgBAZgCDaACggrCAgoQABhHGNYEGLADwgIFEAAYgATCAgYQABgHGB7CAgcQABiABBgNwgIKEAAYgAQYDRjWBcICCBAAGAcYHhgKmAMAiAYBkAYIkgcEMy4xMKAHjEqyBwQwLjEwuAffCcIHBTItNi43yAdigAgB&sclient=gws-wiz-modeless-shopping,Calligaris Chair Saint Tropez CS1855,https://encrypted-tbn1.gstatic.com/shopping?q=tbn:ANd9GcRBTiWG6KCm3oXpCBjqP4bzia5Jj85e0geOb_BqUg2kd4cH1j-PA8GPHDRxISEGVeFONUNM1iGJVS_J41I87nRONwCd1Tm_VjqWvOXHZ8wzE6YMAxMuCkQuvA,€237.60,Depot Design,7839131373171899749,10205653248074249552,9198584529677427110
https://www.google.com/search?q=living+room+furniture&sca_esv=d64b47f615dedb78&udm=28&gl=DE&sxsrf=APpeQnvbtuQyLYBS4RMtsK5oUCBb62wYvw%3A1785762396033&ei=XJJwavy_AZ3EkPIP5PSRgAU&biw=1530&bih=786&oq=livingroom+furniture&gs_lp=Ehlnd3Mtd2l6LW1vZGVsZXNzLXNob3BwaW5nIhRsaXZpbmdyb29tIGZ1cm5pdHVyZSoCCAAyCRAAGIAEGAoYCzIJEAAYgAQYChgLMgkQABiABBgKGAsyCRAAGIAEGAoYCzIJEAAYgAQYChgLMgkQABiABBgKGAsyCRAAGIAEGAoYCzIJEAAYgAQYChgLMgkQABiABBgKGAsyCRAAGIAEGAoYC0ibNVDKD1ijK3ADeAGQAQCYAXqgAYMJqgEEMC4xMLgBA8gBAPgBAZgCDaACggrCAgoQABhHGNYEGLADwgIFEAAYgATCAgYQABgHGB7CAgcQABiABBgNwgIKEAAYgAQYDRjWBcICCBAAGAcYHhgKmAMAiAYBkAYIkgcEMy4xMKAHjEqyBwQwLjEwuAffCcIHBTItNi43yAdigAgB&sclient=gws-wiz-modeless-shopping,IKEA DYVLINGE swivel easy chair,https://encrypted-tbn1.gstatic.com/shopping?q=tbn:ANd9GcSEyWjzceftyNa9-0XysBcQkAsZWYS9M33wz_wHb043c95rPxexEpvbHLd9HaPnrdDGujV72nqipCN3QJFG-m3JhEa8YSsKMrOLacHwkn6LWNj8CeUopRrk,€179.00,IKEA Deutschland,5574122595146933360,9047253349159163649,15953207311044429900
https://www.google.com/search?q=living+room+furniture&sca_esv=d64b47f615dedb78&udm=28&gl=DE&sxsrf=APpeQnvbtuQyLYBS4RMtsK5oUCBb62wYvw%3A1785762396033&ei=XJJwavy_AZ3EkPIP5PSRgAU&biw=1530&bih=786&oq=livingroom+furniture&gs_lp=Ehlnd3Mtd2l6LW1vZGVsZXNzLXNob3BwaW5nIhRsaXZpbmdyb29tIGZ1cm5pdHVyZSoCCAAyCRAAGIAEGAoYCzIJEAAYgAQYChgLMgkQABiABBgKGAsyCRAAGIAEGAoYCzIJEAAYgAQYChgLMgkQABiABBgKGAsyCRAAGIAEGAoYCzIJEAAYgAQYChgLMgkQABiABBgKGAsyCRAAGIAEGAoYC0ibNVDKD1ijK3ADeAGQAQCYAXqgAYMJqgEEMC4xMLgBA8gBAPgBAZgCDaACggrCAgoQABhHGNYEGLADwgIFEAAYgATCAgYQABgHGB7CAgcQABiABBgNwgIKEAAYgAQYDRjWBcICCBAAGAcYHhgKmAMAiAYBkAYIkgcEMy4xMKAHjEqyBwQwLjEwuAffCcIHBTItNi43yAdigAgB&sclient=gws-wiz-modeless-shopping,SOFILAND Cordo U XXL Wohnlandschaft mit Schlaffunktion und 2 Bettkästen,https://encrypted-tbn0.gstatic.com/shopping?q=tbn:ANd9GcTWTecG1a5RWKOUNJIEuZ4ERSOOO1rpX7yvfxhmCfWaL-QL14ech8zvW7SKw0L0SsYT1BwP19kSrMWubXVj1TAgsOsd3UskfQtIrIKjKzlIIwxDjjkRtYXR_g,"€1,370.00",Amazon.de - Amazon.de-Seller,8916232370338763522,2110571030690334262,2955485019593444084
https://www.google.com/search?q=living+room+furniture&sca_esv=d64b47f615dedb78&udm=28&gl=DE&sxsrf=APpeQnvbtuQyLYBS4RMtsK5oUCBb62wYvw%3A1785762396033&ei=XJJwavy_AZ3EkPIP5PSRgAU&biw=1530&bih=786&oq=livingroom+furniture&gs_lp=Ehlnd3Mtd2l6LW1vZGVsZXNzLXNob3BwaW5nIhRsaXZpbmdyb29tIGZ1cm5pdHVyZSoCCAAyCRAAGIAEGAoYCzIJEAAYgAQYChgLMgkQABiABBgKGAsyCRAAGIAEGAoYCzIJEAAYgAQYChgLMgkQABiABBgKGAsyCRAAGIAEGAoYCzIJEAAYgAQYChgLMgkQABiABBgKGAsyCRAAGIAEGAoYC0ibNVDKD1ijK3ADeAGQAQCYAXqgAYMJqgEEMC4xMLgBA8gBAPgBAZgCDaACggrCAgoQABhHGNYEGLADwgIFEAAYgATCAgYQABgHGB7CAgcQABiABBgNwgIKEAAYgAQYDRjWBcICCBAAGAcYHhgKmAMAiAYBkAYIkgcEMy4xMKAHjEqyBwQwLjEwuAffCcIHBTItNi43yAdigAgB&sclient=gws-wiz-modeless-shopping,Fero Minimalistic TV Lowboard Extendable,https://encrypted-tbn0.gstatic.com/shopping?q=tbn:ANd9GcQrSj4rvV7xr6XduTKyDnbjxHpvC_kL6jhYUQ2Y97anDPBBFRNJ8Z3dt_PeT4nDNEBF7M6X6yX5CnpzvjMtlO-AC_bug9BNOxrRkuiDX2M,€449.99,Homary.com,2489832547365847546,11307776814449177989,1574864827377675510
https://www.google.com/search?q=living+room+furniture&sca_esv=d64b47f615dedb78&udm=28&gl=DE&sxsrf=APpeQnvbtuQyLYBS4RMtsK5oUCBb62wYvw%3A1785762396033&ei=XJJwavy_AZ3EkPIP5PSRgAU&biw=1530&bih=786&oq=livingroom+furniture&gs_lp=Ehlnd3Mtd2l6LW1vZGVsZXNzLXNob3BwaW5nIhRsaXZpbmdyb29tIGZ1cm5pdHVyZSoCCAAyCRAAGIAEGAoYCzIJEAAYgAQYChgLMgkQABiABBgKGAsyCRAAGIAEGAoYCzIJEAAYgAQYChgLMgkQABiABBgKGAsyCRAAGIAEGAoYCzIJEAAYgAQYChgLMgkQABiABBgKGAsyCRAAGIAEGAoYC0ibNVDKD1ijK3ADeAGQAQCYAXqgAYMJqgEEMC4xMLgBA8gBAPgBAZgCDaACggrCAgoQABhHGNYEGLADwgIFEAAYgATCAgYQABgHGB7CAgcQABiABBgNwgIKEAAYgAQYDRjWBcICCBAAGAcYHhgKmAMAiAYBkAYIkgcEMy4xMKAHjEqyBwQwLjEwuAffCcIHBTItNi43yAdigAgB&sclient=gws-wiz-modeless-shopping,Imperial Baroque Luxury Sofa Collection Featuring Deep Gold Leaf Carvings Elite European Fabric Patterns,,"€9,801.40",Royalzig Luxury Furniture,5248141158481029152,,
https://www.google.com/search?q=living+room+furniture&sca_esv=d64b47f615dedb78&udm=28&gl=DE&sxsrf=APpeQnvbtuQyLYBS4RMtsK5oUCBb62wYvw%3A1785762396033&ei=XJJwavy_AZ3EkPIP5PSRgAU&biw=1530&bih=786&oq=livingroom+furniture&gs_lp=Ehlnd3Mtd2l6LW1vZGVsZXNzLXNob3BwaW5nIhRsaXZpbmdyb29tIGZ1cm5pdHVyZSoCCAAyCRAAGIAEGAoYCzIJEAAYgAQYChgLMgkQABiABBgKGAsyCRAAGIAEGAoYCzIJEAAYgAQYChgLMgkQABiABBgKGAsyCRAAGIAEGAoYCzIJEAAYgAQYChgLMgkQABiABBgKGAsyCRAAGIAEGAoYC0ibNVDKD1ijK3ADeAGQAQCYAXqgAYMJqgEEMC4xMLgBA8gBAPgBAZgCDaACggrCAgoQABhHGNYEGLADwgIFEAAYgATCAgYQABgHGB7CAgcQABiABBgNwgIKEAAYgAQYDRjWBcICCBAAGAcYHhgKmAMAiAYBkAYIkgcEMy4xMKAHjEqyBwQwLjEwuAffCcIHBTItNi43yAdigAgB&sclient=gws-wiz-modeless-shopping,Romeo Italian Living Room,,"€11,726.27",frenchfurnitureorlando.com,10073851696949392094,10510366210245954249,3846832541032515906
https://www.google.com/search?q=living+room+furniture&sca_esv=d64b47f615dedb78&udm=28&gl=DE&sxsrf=APpeQnvbtuQyLYBS4RMtsK5oUCBb62wYvw%3A1785762396033&ei=XJJwavy_AZ3EkPIP5PSRgAU&biw=1530&bih=786&oq=livingroom+furniture&gs_lp=Ehlnd3Mtd2l6LW1vZGVsZXNzLXNob3BwaW5nIhRsaXZpbmdyb29tIGZ1cm5pdHVyZSoCCAAyCRAAGIAEGAoYCzIJEAAYgAQYChgLMgkQABiABBgKGAsyCRAAGIAEGAoYCzIJEAAYgAQYChgLMgkQABiABBgKGAsyCRAAGIAEGAoYCzIJEAAYgAQYChgLMgkQABiABBgKGAsyCRAAGIAEGAoYC0ibNVDKD1ijK3ADeAGQAQCYAXqgAYMJqgEEMC4xMLgBA8gBAPgBAZgCDaACggrCAgoQABhHGNYEGLADwgIFEAAYgATCAgYQABgHGB7CAgcQABiABBgNwgIKEAAYgAQYDRjWBcICCBAAGAcYHhgKmAMAiAYBkAYIkgcEMy4xMKAHjEqyBwQwLjEwuAffCcIHBTItNi43yAdigAgB&sclient=gws-wiz-modeless-shopping,Lisette Victorian Salon Living Room,,"€3,996.23",frenchfurnitureorlando.com,1862187924599709354,1070445976003613504,1673196512655804655
https://www.google.com/search?q=living+room+furniture&sca_esv=d64b47f615dedb78&udm=28&gl=DE&sxsrf=APpeQnvbtuQyLYBS4RMtsK5oUCBb62wYvw%3A1785762396033&ei=XJJwavy_AZ3EkPIP5PSRgAU&biw=1530&bih=786&oq=livingroom+furniture&gs_lp=Ehlnd3Mtd2l6LW1vZGVsZXNzLXNob3BwaW5nIhRsaXZpbmdyb29tIGZ1cm5pdHVyZSoCCAAyCRAAGIAEGAoYCzIJEAAYgAQYChgLMgkQABiABBgKGAsyCRAAGIAEGAoYCzIJEAAYgAQYChgLMgkQABiABBgKGAsyCRAAGIAEGAoYCzIJEAAYgAQYChgLMgkQABiABBgKGAsyCRAAGIAEGAoYC0ibNVDKD1ijK3ADeAGQAQCYAXqgAYMJqgEEMC4xMLgBA8gBAPgBAZgCDaACggrCAgoQABhHGNYEGLADwgIFEAAYgATCAgYQABgHGB7CAgcQABiABBgNwgIKEAAYgAQYDRjWBcICCBAAGAcYHhgKmAMAiAYBkAYIkgcEMy4xMKAHjEqyBwQwLjEwuAffCcIHBTItNi43yAdigAgB&sclient=gws-wiz-modeless-shopping,3 PCS Vertex Sofa Set with Chair Modern Living Room Sofa Set with Cushion,,"€3,299.99",Homary.com,10899521929044877534,3643371719151475831,12423508153968308618
https://www.google.com/search?q=living+room+furniture&sca_esv=d64b47f615dedb78&udm=28&gl=DE&sxsrf=APpeQnvbtuQyLYBS4RMtsK5oUCBb62wYvw%3A1785762396033&ei=XJJwavy_AZ3EkPIP5PSRgAU&biw=1530&bih=786&oq=livingroom+furniture&gs_lp=Ehlnd3Mtd2l6LW1vZGVsZXNzLXNob3BwaW5nIhRsaXZpbmdyb29tIGZ1cm5pdHVyZSoCCAAyCRAAGIAEGAoYCzIJEAAYgAQYChgLMgkQABiABBgKGAsyCRAAGIAEGAoYCzIJEAAYgAQYChgLMgkQABiABBgKGAsyCRAAGIAEGAoYCzIJEAAYgAQYChgLMgkQABiABBgKGAsyCRAAGIAEGAoYC0ibNVDKD1ijK3ADeAGQAQCYAXqgAYMJqgEEMC4xMLgBA8gBAPgBAZgCDaACggrCAgoQABhHGNYEGLADwgIFEAAYgATCAgYQABgHGB7CAgcQABiABBgNwgIKEAAYgAQYDRjWBcICCBAAGAcYHhgKmAMAiAYBkAYIkgcEMy4xMKAHjEqyBwQwLjEwuAffCcIHBTItNi43yAdigAgB&sclient=gws-wiz-modeless-shopping,Nordic Designed Marble Table Set,,"€1,340.77",My Aashis,492672975406661111,194849237378507446,17778344745503683089
https://www.google.com/search?q=living+room+furniture&sca_esv=d64b47f615dedb78&udm=28&gl=DE&sxsrf=APpeQnvbtuQyLYBS4RMtsK5oUCBb62wYvw%3A1785762396033&ei=XJJwavy_AZ3EkPIP5PSRgAU&biw=1530&bih=786&oq=livingroom+furniture&gs_lp=Ehlnd3Mtd2l6LW1vZGVsZXNzLXNob3BwaW5nIhRsaXZpbmdyb29tIGZ1cm5pdHVyZSoCCAAyCRAAGIAEGAoYCzIJEAAYgAQYChgLMgkQABiABBgKGAsyCRAAGIAEGAoYCzIJEAAYgAQYChgLMgkQABiABBgKGAsyCRAAGIAEGAoYCzIJEAAYgAQYChgLMgkQABiABBgKGAsyCRAAGIAEGAoYC0ibNVDKD1ijK3ADeAGQAQCYAXqgAYMJqgEEMC4xMLgBA8gBAPgBAZgCDaACggrCAgoQABhHGNYEGLADwgIFEAAYgATCAgYQABgHGB7CAgcQABiABBgNwgIKEAAYgAQYDRjWBcICCBAAGAcYHhgKmAMAiAYBkAYIkgcEMy4xMKAHjEqyBwQwLjEwuAffCcIHBTItNi43yAdigAgB&sclient=gws-wiz-modeless-shopping,Titanic Luxury Living Room Set,https://encrypted-tbn1.gstatic.com/favicon-tbn?q=tbn%3AANd9GcSUbQF_EwzJ0usAs0-RRXlzEBiHjHfjC1LiC9Dg1SgTP7EYpYRZV3o6Pvz6AK9--HGTGzB2CC4ARwt8yyK-M3qKzVemDg,"€4,427.38",Carsi24,2361055499149638320,3890179582675998788,7758011956972541305
https://www.google.com/search?q=living+room+furniture&sca_esv=d64b47f615dedb78&udm=28&gl=DE&sxsrf=APpeQnvbtuQyLYBS4RMtsK5oUCBb62wYvw%3A1785762396033&ei=XJJwavy_AZ3EkPIP5PSRgAU&biw=1530&bih=786&oq=livingroom+furniture&gs_lp=Ehlnd3Mtd2l6LW1vZGVsZXNzLXNob3BwaW5nIhRsaXZpbmdyb29tIGZ1cm5pdHVyZSoCCAAyCRAAGIAEGAoYCzIJEAAYgAQYChgLMgkQABiABBgKGAsyCRAAGIAEGAoYCzIJEAAYgAQYChgLMgkQABiABBgKGAsyCRAAGIAEGAoYCzIJEAAYgAQYChgLMgkQABiABBgKGAsyCRAAGIAEGAoYC0ibNVDKD1ijK3ADeAGQAQCYAXqgAYMJqgEEMC4xMLgBA8gBAPgBAZgCDaACggrCAgoQABhHGNYEGLADwgIFEAAYgATCAgYQABgHGB7CAgcQABiABBgNwgIKEAAYgAQYDRjWBcICCBAAGAcYHhgKmAMAiAYBkAYIkgcEMy4xMKAHjEqyBwQwLjEwuAffCcIHBTItNi43yAdigAgB&sclient=gws-wiz-modeless-shopping,Mira Avangarde Living Room Set,https://encrypted-tbn1.gstatic.com/favicon-tbn?q=tbn%3AANd9GcSUbQF_EwzJ0usAs0-RRXlzEBiHjHfjC1LiC9Dg1SgTP7EYpYRZV3o6Pvz6AK9--HGTGzB2CC4ARwt8yyK-M3qKzVemDg,"€2,999.58",Carsi24,11442978977618609209,3090938038348985137,15147120190412575630
https://www.google.com/search?q=living+room+furniture&sca_esv=d64b47f615dedb78&udm=28&gl=DE&sxsrf=APpeQnvbtuQyLYBS4RMtsK5oUCBb62wYvw%3A1785762396033&ei=XJJwavy_AZ3EkPIP5PSRgAU&biw=1530&bih=786&oq=livingroom+furniture&gs_lp=Ehlnd3Mtd2l6LW1vZGVsZXNzLXNob3BwaW5nIhRsaXZpbmdyb29tIGZ1cm5pdHVyZSoCCAAyCRAAGIAEGAoYCzIJEAAYgAQYChgLMgkQABiABBgKGAsyCRAAGIAEGAoYCzIJEAAYgAQYChgLMgkQABiABBgKGAsyCRAAGIAEGAoYCzIJEAAYgAQYChgLMgkQABiABBgKGAsyCRAAGIAEGAoYC0ibNVDKD1ijK3ADeAGQAQCYAXqgAYMJqgEEMC4xMLgBA8gBAPgBAZgCDaACggrCAgoQABhHGNYEGLADwgIFEAAYgATCAgYQABgHGB7CAgcQABiABBgNwgIKEAAYgAQYDRjWBcICCBAAGAcYHhgKmAMAiAYBkAYIkgcEMy4xMKAHjEqyBwQwLjEwuAffCcIHBTItNi43yAdigAgB&sclient=gws-wiz-modeless-shopping,Visage Living Room Set Gray,https://encrypted-tbn1.gstatic.com/favicon-tbn?q=tbn%3AANd9GcSUbQF_EwzJ0usAs0-RRXlzEBiHjHfjC1LiC9Dg1SgTP7EYpYRZV3o6Pvz6AK9--HGTGzB2CC4ARwt8yyK-M3qKzVemDg,"€3,252.47",Carsi24,7766008516275623906,3049767879714074322,15626476085103577925
https://www.google.com/search?q=living+room+furniture&sca_esv=d64b47f615dedb78&udm=28&gl=DE&sxsrf=APpeQnvbtuQyLYBS4RMtsK5oUCBb62wYvw%3A1785762396033&ei=XJJwavy_AZ3EkPIP5PSRgAU&biw=1530&bih=786&oq=livingroom+furniture&gs_lp=Ehlnd3Mtd2l6LW1vZGVsZXNzLXNob3BwaW5nIhRsaXZpbmdyb29tIGZ1cm5pdHVyZSoCCAAyCRAAGIAEGAoYCzIJEAAYgAQYChgLMgkQABiABBgKGAsyCRAAGIAEGAoYCzIJEAAYgAQYChgLMgkQABiABBgKGAsyCRAAGIAEGAoYCzIJEAAYgAQYChgLMgkQABiABBgKGAsyCRAAGIAEGAoYC0ibNVDKD1ijK3ADeAGQAQCYAXqgAYMJqgEEMC4xMLgBA8gBAPgBAZgCDaACggrCAgoQABhHGNYEGLADwgIFEAAYgATCAgYQABgHGB7CAgcQABiABBgNwgIKEAAYgAQYDRjWBcICCBAAGAcYHhgKmAMAiAYBkAYIkgcEMy4xMKAHjEqyBwQwLjEwuAffCcIHBTItNi43yAdigAgB&sclient=gws-wiz-modeless-shopping,Nehir Gold Living Room Set,https://encrypted-tbn1.gstatic.com/favicon-tbn?q=tbn%3AANd9GcSUbQF_EwzJ0usAs0-RRXlzEBiHjHfjC1LiC9Dg1SgTP7EYpYRZV3o6Pvz6AK9--HGTGzB2CC4ARwt8yyK-M3qKzVemDg,"€2,384.90",Carsi24,3030645582068491971,8418900809001529616,3691673396679563825
https://www.google.com/search?q=living+room+furniture&sca_esv=d64b47f615dedb78&udm=28&gl=DE&sxsrf=APpeQnvbtuQyLYBS4RMtsK5oUCBb62wYvw%3A1785762396033&ei=XJJwavy_AZ3EkPIP5PSRgAU&biw=1530&bih=786&oq=livingroom+furniture&gs_lp=Ehlnd3Mtd2l6LW1vZGVsZXNzLXNob3BwaW5nIhRsaXZpbmdyb29tIGZ1cm5pdHVyZSoCCAAyCRAAGIAEGAoYCzIJEAAYgAQYChgLMgkQABiABBgKGAsyCRAAGIAEGAoYCzIJEAAYgAQYChgLMgkQABiABBgKGAsyCRAAGIAEGAoYCzIJEAAYgAQYChgLMgkQABiABBgKGAsyCRAAGIAEGAoYC0ibNVDKD1ijK3ADeAGQAQCYAXqgAYMJqgEEMC4xMLgBA8gBAPgBAZgCDaACggrCAgoQABhHGNYEGLADwgIFEAAYgATCAgYQABgHGB7CAgcQABiABBgNwgIKEAAYgAQYDRjWBcICCBAAGAcYHhgKmAMAiAYBkAYIkgcEMy4xMKAHjEqyBwQwLjEwuAffCcIHBTItNi43yAdigAgB&sclient=gws-wiz-modeless-shopping,Nehir Gümüş Living Room Set,https://encrypted-tbn1.gstatic.com/favicon-tbn?q=tbn%3AANd9GcSUbQF_EwzJ0usAs0-RRXlzEBiHjHfjC1LiC9Dg1SgTP7EYpYRZV3o6Pvz6AK9--HGTGzB2CC4ARwt8yyK-M3qKzVemDg,"€2,384.90",Carsi24,4518423784913319302,244797416502093579,12379700396882273904
https://www.google.com/search?q=living+room+furniture&sca_esv=d64b47f615dedb78&udm=28&gl=DE&sxsrf=APpeQnvbtuQyLYBS4RMtsK5oUCBb62wYvw%3A1785762396033&ei=XJJwavy_AZ3EkPIP5PSRgAU&biw=1530&bih=786&oq=livingroom+furniture&gs_lp=Ehlnd3Mtd2l6LW1vZGVsZXNzLXNob3BwaW5nIhRsaXZpbmdyb29tIGZ1cm5pdHVyZSoCCAAyCRAAGIAEGAoYCzIJEAAYgAQYChgLMgkQABiABBgKGAsyCRAAGIAEGAoYCzIJEAAYgAQYChgLMgkQABiABBgKGAsyCRAAGIAEGAoYCzIJEAAYgAQYChgLMgkQABiABBgKGAsyCRAAGIAEGAoYC0ibNVDKD1ijK3ADeAGQAQCYAXqgAYMJqgEEMC4xMLgBA8gBAPgBAZgCDaACggrCAgoQABhHGNYEGLADwgIFEAAYgATCAgYQABgHGB7CAgcQABiABBgNwgIKEAAYgAQYDRjWBcICCBAAGAcYHhgKmAMAiAYBkAYIkgcEMy4xMKAHjEqyBwQwLjEwuAffCcIHBTItNi43yAdigAgB&sclient=gws-wiz-modeless-shopping,IKEA SALTMYRAN sofa,https://encrypted-tbn2.gstatic.com/shopping?q=tbn:ANd9GcQn2q6XCVm4muQuUHBz5Nyoll3BzIuA1aGb1jGHt9vp59kqhMffjNEKyS6dVn8Pfyf8QHO8u1tBBATuqxtQaw3OL8K1dmRhEHP1l0DN8QnYrifOjIMrq_KSYg,€279.00,IKEA Deutschland,18010741871731199394,616052690869210693,10925204299667833807
https://www.google.com/search?q=living+room+furniture&sca_esv=d64b47f615dedb78&udm=28&gl=DE&sxsrf=APpeQnvbtuQyLYBS4RMtsK5oUCBb62wYvw%3A1785762396033&ei=XJJwavy_AZ3EkPIP5PSRgAU&biw=1530&bih=786&oq=livingroom+furniture&gs_lp=Ehlnd3Mtd2l6LW1vZGVsZXNzLXNob3BwaW5nIhRsaXZpbmdyb29tIGZ1cm5pdHVyZSoCCAAyCRAAGIAEGAoYCzIJEAAYgAQYChgLMgkQABiABBgKGAsyCRAAGIAEGAoYCzIJEAAYgAQYChgLMgkQABiABBgKGAsyCRAAGIAEGAoYCzIJEAAYgAQYChgLMgkQABiABBgKGAsyCRAAGIAEGAoYC0ibNVDKD1ijK3ADeAGQAQCYAXqgAYMJqgEEMC4xMLgBA8gBAPgBAZgCDaACggrCAgoQABhHGNYEGLADwgIFEAAYgATCAgYQABgHGB7CAgcQABiABBgNwgIKEAAYgAQYDRjWBcICCBAAGAcYHhgKmAMAiAYBkAYIkgcEMy4xMKAHjEqyBwQwLjEwuAffCcIHBTItNi43yAdigAgB&sclient=gws-wiz-modeless-shopping,Devoko Ecksofa mit Schlaffunktion und Bettkasten L-Form Sofa 3-Sitzer Ausziehbares Schlafsofa Leinen Couch Kleines Schlafcouch für Wohnung und,https://encrypted-tbn1.gstatic.com/shopping?q=tbn:ANd9GcQWA0COHBxmi7x_ktnJUS-ZVbjH623qlfIvC_Q5uNa32eG2m6ApaGYU5FQ-2QD3ahHkAkZ_86-Ssyw8sQEi0o5QwH9qY25Hg03FtnT7rMMd,€419.00,Amazon.de - Amazon.de-Seller,1349755524809821453,,
https://www.google.com/search?q=living+room+furniture&sca_esv=d64b47f615dedb78&udm=28&gl=DE&sxsrf=APpeQnvbtuQyLYBS4RMtsK5oUCBb62wYvw%3A1785762396033&ei=XJJwavy_AZ3EkPIP5PSRgAU&biw=1530&bih=786&oq=livingroom+furniture&gs_lp=Ehlnd3Mtd2l6LW1vZGVsZXNzLXNob3BwaW5nIhRsaXZpbmdyb29tIGZ1cm5pdHVyZSoCCAAyCRAAGIAEGAoYCzIJEAAYgAQYChgLMgkQABiABBgKGAsyCRAAGIAEGAoYCzIJEAAYgAQYChgLMgkQABiABBgKGAsyCRAAGIAEGAoYCzIJEAAYgAQYChgLMgkQABiABBgKGAsyCRAAGIAEGAoYC0ibNVDKD1ijK3ADeAGQAQCYAXqgAYMJqgEEMC4xMLgBA8gBAPgBAZgCDaACggrCAgoQABhHGNYEGLADwgIFEAAYgATCAgYQABgHGB7CAgcQABiABBgNwgIKEAAYgAQYDRjWBcICCBAAGAcYHhgKmAMAiAYBkAYIkgcEMy4xMKAHjEqyBwQwLjEwuAffCcIHBTItNi43yAdigAgB&sclient=gws-wiz-modeless-shopping,"Tivoli Grande RTV Möbel Set, Wotan/Weiß LED Beleuchtung Blau",https://encrypted-tbn2.gstatic.com/shopping?q=tbn:ANd9GcRh1NEotFttnOo3tQ6_PdIQZs-_spPPIoxlxA9Wg4aPasvjegV1sY0X7X19ZKoR7zTTbJMM5HsEnvfXDBHW8hc9tQUUXuqKeaK46FQueJosQMn2o3sgvdAt,€369.99,XXXLutz DE,6458828076886027601,514730502850933377,16369734741193472500
https://www.google.com/search?q=living+room+furniture&sca_esv=d64b47f615dedb78&udm=28&gl=DE&sxsrf=APpeQnvbtuQyLYBS4RMtsK5oUCBb62wYvw%3A1785762396033&ei=XJJwavy_AZ3EkPIP5PSRgAU&biw=1530&bih=786&oq=livingroom+furniture&gs_lp=Ehlnd3Mtd2l6LW1vZGVsZXNzLXNob3BwaW5nIhRsaXZpbmdyb29tIGZ1cm5pdHVyZSoCCAAyCRAAGIAEGAoYCzIJEAAYgAQYChgLMgkQABiABBgKGAsyCRAAGIAEGAoYCzIJEAAYgAQYChgLMgkQABiABBgKGAsyCRAAGIAEGAoYCzIJEAAYgAQYChgLMgkQABiABBgKGAsyCRAAGIAEGAoYC0ibNVDKD1ijK3ADeAGQAQCYAXqgAYMJqgEEMC4xMLgBA8gBAPgBAZgCDaACggrCAgoQABhHGNYEGLADwgIFEAAYgATCAgYQABgHGB7CAgcQABiABBgNwgIKEAAYgAQYDRjWBcICCBAAGAcYHhgKmAMAiAYBkAYIkgcEMy4xMKAHjEqyBwQwLjEwuAffCcIHBTItNi43yAdigAgB&sclient=gws-wiz-modeless-shopping,IKEA ÄLVDALEN 3-seat sofa-bed,https://encrypted-tbn3.gstatic.com/shopping?q=tbn:ANd9GcTJJSMKeBlGQQZ4hBndvKF265EAncAyrMhjUHMJRaLm_13E3t5Bk33dFIegpfaB7Zu8KrTg9_JM65fPFAPDQXUHGmvnp92drLpQaI0z_uXjYTjEe_Px0AaV,€279.00,IKEA Deutschland,15870281282652917262,13900087064102005477,14647492544357247230
https://www.google.com/search?q=living+room+furniture&sca_esv=d64b47f615dedb78&udm=28&gl=DE&sxsrf=APpeQnvbtuQyLYBS4RMtsK5oUCBb62wYvw%3A1785762396033&ei=XJJwavy_AZ3EkPIP5PSRgAU&biw=1530&bih=786&oq=livingroom+furniture&gs_lp=Ehlnd3Mtd2l6LW1vZGVsZXNzLXNob3BwaW5nIhRsaXZpbmdyb29tIGZ1cm5pdHVyZSoCCAAyCRAAGIAEGAoYCzIJEAAYgAQYChgLMgkQABiABBgKGAsyCRAAGIAEGAoYCzIJEAAYgAQYChgLMgkQABiABBgKGAsyCRAAGIAEGAoYCzIJEAAYgAQYChgLMgkQABiABBgKGAsyCRAAGIAEGAoYC0ibNVDKD1ijK3ADeAGQAQCYAXqgAYMJqgEEMC4xMLgBA8gBAPgBAZgCDaACggrCAgoQABhHGNYEGLADwgIFEAAYgATCAgYQABgHGB7CAgcQABiABBgNwgIKEAAYgAQYDRjWBcICCBAAGAcYHhgKmAMAiAYBkAYIkgcEMy4xMKAHjEqyBwQwLjEwuAffCcIHBTItNi43yAdigAgB&sclient=gws-wiz-modeless-shopping,"CHAIRUS Sessel Relaxsessel Ohrensessel Freizeitsessel Polsterstuhl mit Metallbeinen (1-St), Gepolsterter Lehnensessel für Wohnzimmer, Schlafzimmer",https://encrypted-tbn3.gstatic.com/shopping?q=tbn:ANd9GcTGkQ6nqZM2nnP0ul9YqQxnaH4Xwfl9U5CuGScKqO7SWCTnV2LaABvt7Uqs9J9UFt1VHmNJ7XongtQWo8DBELBS7ak2E6JO-7p8ozE12UQaXVe5eFFWVdQoUQ,€82.38,joybuy.de,12678035149274490998,7449498425032089007,
https://www.google.com/search?q=living+room+furniture&sca_esv=d64b47f615dedb78&udm=28&gl=DE&sxsrf=APpeQnvbtuQyLYBS4RMtsK5oUCBb62wYvw%3A1785762396033&ei=XJJwavy_AZ3EkPIP5PSRgAU&biw=1530&bih=786&oq=livingroom+furniture&gs_lp=Ehlnd3Mtd2l6LW1vZGVsZXNzLXNob3BwaW5nIhRsaXZpbmdyb29tIGZ1cm5pdHVyZSoCCAAyCRAAGIAEGAoYCzIJEAAYgAQYChgLMgkQABiABBgKGAsyCRAAGIAEGAoYCzIJEAAYgAQYChgLMgkQABiABBgKGAsyCRAAGIAEGAoYCzIJEAAYgAQYChgLMgkQABiABBgKGAsyCRAAGIAEGAoYC0ibNVDKD1ijK3ADeAGQAQCYAXqgAYMJqgEEMC4xMLgBA8gBAPgBAZgCDaACggrCAgoQABhHGNYEGLADwgIFEAAYgATCAgYQABgHGB7CAgcQABiABBgNwgIKEAAYgAQYDRjWBcICCBAAGAcYHhgKmAMAiAYBkAYIkgcEMy4xMKAHjEqyBwQwLjEwuAffCcIHBTItNi43yAdigAgB&sclient=gws-wiz-modeless-shopping,IKEA BESTÅ TV storage combination/glass doors black-brown/Selsviken high-gloss/black clear glass,https://encrypted-tbn3.gstatic.com/shopping?q=tbn:ANd9GcRgLiVgJ0e0RuNVtNRrKbP_Mcl7CzhCDuOl_55nJ83AKWEJRrdqutKiViWEOy6q4lor8YijEEH1uDffue1JAdIYCL8PYWYc1anPxtUXwwY9nQVuHLM26SFZ,€911.00,IKEA Deutschland,14013204229751157833,10059328880966170088,4388704450298054163
https://www.google.com/search?q=living+room+furniture&sca_esv=d64b47f615dedb78&udm=28&gl=DE&sxsrf=APpeQnvbtuQyLYBS4RMtsK5oUCBb62wYvw%3A1785762396033&ei=XJJwavy_AZ3EkPIP5PSRgAU&biw=1530&bih=786&oq=livingroom+furniture&gs_lp=Ehlnd3Mtd2l6LW1vZGVsZXNzLXNob3BwaW5nIhRsaXZpbmdyb29tIGZ1cm5pdHVyZSoCCAAyCRAAGIAEGAoYCzIJEAAYgAQYChgLMgkQABiABBgKGAsyCRAAGIAEGAoYCzIJEAAYgAQYChgLMgkQABiABBgKGAsyCRAAGIAEGAoYCzIJEAAYgAQYChgLMgkQABiABBgKGAsyCRAAGIAEGAoYC0ibNVDKD1ijK3ADeAGQAQCYAXqgAYMJqgEEMC4xMLgBA8gBAPgBAZgCDaACggrCAgoQABhHGNYEGLADwgIFEAAYgATCAgYQABgHGB7CAgcQABiABBgNwgIKEAAYgAQYDRjWBcICCBAAGAcYHhgKmAMAiAYBkAYIkgcEMy4xMKAHjEqyBwQwLjEwuAffCcIHBTItNi43yAdigAgB&sclient=gws-wiz-modeless-shopping,Ferm Living Post Coffee Table,https://encrypted-tbn1.gstatic.com/shopping?q=tbn:ANd9GcSEjWcwT7n9h1WFW33t6QByvubKTtKngaIreGgIrWlNFl0iWU1dVGMBNbskbHPBJ4UAZrbucNb23uOoMjFxjtVzYoqujEfguZ9gMCL4Euo2uCaUPx_rXMYGnA,€679.00,NO GA,822530499729888121,6274059783156036783,12300250412093536732
https://www.google.com/search?q=living+room+furniture&sca_esv=d64b47f615dedb78&udm=28&gl=DE&sxsrf=APpeQnvbtuQyLYBS4RMtsK5oUCBb62wYvw%3A1785762396033&ei=XJJwavy_AZ3EkPIP5PSRgAU&biw=1530&bih=786&oq=livingroom+furniture&gs_lp=Ehlnd3Mtd2l6LW1vZGVsZXNzLXNob3BwaW5nIhRsaXZpbmdyb29tIGZ1cm5pdHVyZSoCCAAyCRAAGIAEGAoYCzIJEAAYgAQYChgLMgkQABiABBgKGAsyCRAAGIAEGAoYCzIJEAAYgAQYChgLMgkQABiABBgKGAsyCRAAGIAEGAoYCzIJEAAYgAQYChgLMgkQABiABBgKGAsyCRAAGIAEGAoYC0ibNVDKD1ijK3ADeAGQAQCYAXqgAYMJqgEEMC4xMLgBA8gBAPgBAZgCDaACggrCAgoQABhHGNYEGLADwgIFEAAYgATCAgYQABgHGB7CAgcQABiABBgNwgIKEAAYgAQYDRjWBcICCBAAGAcYHhgKmAMAiAYBkAYIkgcEMy4xMKAHjEqyBwQwLjEwuAffCcIHBTItNi43yAdigAgB&sclient=gws-wiz-modeless-shopping,Brera curved sofa by Furninova - C category fabric - Footstool Module,https://encrypted-tbn1.gstatic.com/shopping?q=tbn:ANd9GcQSgpz91IYL-axhadoz-05P06XZkQEnePUqWlM_D--F6BCWXFDIql4HV8TuU-E8MAWtfIdx3QEa8mnJ2-8gFquVa66Rdz6WZf3sbQ20BsPqhp1DXShZaEg6,€805.00,Alarus Interiors,2710386007961122979,,
https://www.google.com/search?q=living+room+furniture&sca_esv=d64b47f615dedb78&udm=28&gl=DE&sxsrf=APpeQnvbtuQyLYBS4RMtsK5oUCBb62wYvw%3A1785762396033&ei=XJJwavy_AZ3EkPIP5PSRgAU&biw=1530&bih=786&oq=livingroom+furniture&gs_lp=Ehlnd3Mtd2l6LW1vZGVsZXNzLXNob3BwaW5nIhRsaXZpbmdyb29tIGZ1cm5pdHVyZSoCCAAyCRAAGIAEGAoYCzIJEAAYgAQYChgLMgkQABiABBgKGAsyCRAAGIAEGAoYCzIJEAAYgAQYChgLMgkQABiABBgKGAsyCRAAGIAEGAoYCzIJEAAYgAQYChgLMgkQABiABBgKGAsyCRAAGIAEGAoYC0ibNVDKD1ijK3ADeAGQAQCYAXqgAYMJqgEEMC4xMLgBA8gBAPgBAZgCDaACggrCAgoQABhHGNYEGLADwgIFEAAYgATCAgYQABgHGB7CAgcQABiABBgNwgIKEAAYgAQYDRjWBcICCBAAGAcYHhgKmAMAiAYBkAYIkgcEMy4xMKAHjEqyBwQwLjEwuAffCcIHBTItNi43yAdigAgB&sclient=gws-wiz-modeless-shopping,Modern Tufted Lounge Chair,https://encrypted-tbn3.gstatic.com/shopping?q=tbn:ANd9GcRz-jEn45L6YkZU8bjCR4e-bQwM-ZhJSe_CROLrE43Tc4kegbfPrDIc6OSMiUThAfaSwqbLLihFLghjolzwyBQMAdUjlXBmn0BS_0Bs6_UA5uf_G1uTRVA_,€762.50,Kiyo Home,7536948563536459009,2257963430761917697,10368457954932316514
https://www.google.com/search?q=living+room+furniture&sca_esv=d64b47f615dedb78&udm=28&gl=DE&sxsrf=APpeQnvbtuQyLYBS4RMtsK5oUCBb62wYvw%3A1785762396033&ei=XJJwavy_AZ3EkPIP5PSRgAU&biw=1530&bih=786&oq=livingroom+furniture&gs_lp=Ehlnd3Mtd2l6LW1vZGVsZXNzLXNob3BwaW5nIhRsaXZpbmdyb29tIGZ1cm5pdHVyZSoCCAAyCRAAGIAEGAoYCzIJEAAYgAQYChgLMgkQABiABBgKGAsyCRAAGIAEGAoYCzIJEAAYgAQYChgLMgkQABiABBgKGAsyCRAAGIAEGAoYCzIJEAAYgAQYChgLMgkQABiABBgKGAsyCRAAGIAEGAoYC0ibNVDKD1ijK3ADeAGQAQCYAXqgAYMJqgEEMC4xMLgBA8gBAPgBAZgCDaACggrCAgoQABhHGNYEGLADwgIFEAAYgATCAgYQABgHGB7CAgcQABiABBgNwgIKEAAYgAQYDRjWBcICCBAAGAcYHhgKmAMAiAYBkAYIkgcEMy4xMKAHjEqyBwQwLjEwuAffCcIHBTItNi43yAdigAgB&sclient=gws-wiz-modeless-shopping,Lake TV Stand with Wavy Design Storage Drawers for TVs Up to 1905mm,https://encrypted-tbn3.gstatic.com/shopping?q=tbn:ANd9GcQVbkWZtiIg5zxTR4c4vym2Xgkv8nbn0vwsxHu3-bXN34HhhgZSZN_sIUhLbHLQ9jTHPrIaltwKzVXqmiCT6j2DTo2Tqwl7c5mXEtG2Ko8L,€869.99,Homary.com,9680825647676245378,6122145662029572477,3276348718987913703
https://www.google.com/search?q=living+room+furniture&sca_esv=d64b47f615dedb78&udm=28&gl=DE&sxsrf=APpeQnvbtuQyLYBS4RMtsK5oUCBb62wYvw%3A1785762396033&ei=XJJwavy_AZ3EkPIP5PSRgAU&biw=1530&bih=786&oq=livingroom+furniture&gs_lp=Ehlnd3Mtd2l6LW1vZGVsZXNzLXNob3BwaW5nIhRsaXZpbmdyb29tIGZ1cm5pdHVyZSoCCAAyCRAAGIAEGAoYCzIJEAAYgAQYChgLMgkQABiABBgKGAsyCRAAGIAEGAoYCzIJEAAYgAQYChgLMgkQABiABBgKGAsyCRAAGIAEGAoYCzIJEAAYgAQYChgLMgkQABiABBgKGAsyCRAAGIAEGAoYC0ibNVDKD1ijK3ADeAGQAQCYAXqgAYMJqgEEMC4xMLgBA8gBAPgBAZgCDaACggrCAgoQABhHGNYEGLADwgIFEAAYgATCAgYQABgHGB7CAgcQABiABBgNwgIKEAAYgAQYDRjWBcICCBAAGAcYHhgKmAMAiAYBkAYIkgcEMy4xMKAHjEqyBwQwLjEwuAffCcIHBTItNi43yAdigAgB&sclient=gws-wiz-modeless-shopping,"SOFILAND Cordo U XXL Wohnlandschaft mit Schlaffunktion und 2 Bettkästen - Breitcord Tilia - U-Form Sofa (Cremig, Rechte Seite)",https://encrypted-tbn2.gstatic.com/shopping?q=tbn:ANd9GcQUDjJ0x7ONMwTnzmq7UiqEPIznyFJosbpb7iTJHAphAGCruTvo3HjOOKyam_Mvl5gXagPulwXbC-QIZEwlpOqskf2kX_NaJmLPMpcFqUF5KtvWikRV3xHI,"€1,370.00",Amazon.de - Amazon.de-Seller,16078028751330163626,11558941256045077610,
https://www.google.com/search?q=living+room+furniture&sca_esv=d64b47f615dedb78&udm=28&gl=DE&sxsrf=APpeQnvbtuQyLYBS4RMtsK5oUCBb62wYvw%3A1785762396033&ei=XJJwavy_AZ3EkPIP5PSRgAU&biw=1530&bih=786&oq=livingroom+furniture&gs_lp=Ehlnd3Mtd2l6LW1vZGVsZXNzLXNob3BwaW5nIhRsaXZpbmdyb29tIGZ1cm5pdHVyZSoCCAAyCRAAGIAEGAoYCzIJEAAYgAQYChgLMgkQABiABBgKGAsyCRAAGIAEGAoYCzIJEAAYgAQYChgLMgkQABiABBgKGAsyCRAAGIAEGAoYCzIJEAAYgAQYChgLMgkQABiABBgKGAsyCRAAGIAEGAoYC0ibNVDKD1ijK3ADeAGQAQCYAXqgAYMJqgEEMC4xMLgBA8gBAPgBAZgCDaACggrCAgoQABhHGNYEGLADwgIFEAAYgATCAgYQABgHGB7CAgcQABiABBgNwgIKEAAYgAQYDRjWBcICCBAAGAcYHhgKmAMAiAYBkAYIkgcEMy4xMKAHjEqyBwQwLjEwuAffCcIHBTItNi43yAdigAgB&sclient=gws-wiz-modeless-shopping,IKEA HYLTARP corner sofa,https://encrypted-tbn3.gstatic.com/shopping?q=tbn:ANd9GcTvWrRbhv2T1EXpsjpMnmjA6JnfKDv9njwPxsmghJQ8auQd0Z2mjTWo435q_UD17le2nwGL7ymS5kqga9skvLAsNXcp983dRrfAdnkNklPyFvFsBibrGKsYJA,"€1,399.00",IKEA Deutschland,12444467020171278368,7421014110168503124,12594681842920997676
https://www.google.com/search?q=living+room+furniture&sca_esv=d64b47f615dedb78&udm=28&gl=DE&sxsrf=APpeQnvbtuQyLYBS4RMtsK5oUCBb62wYvw%3A1785762396033&ei=XJJwavy_AZ3EkPIP5PSRgAU&biw=1530&bih=786&oq=livingroom+furniture&gs_lp=Ehlnd3Mtd2l6LW1vZGVsZXNzLXNob3BwaW5nIhRsaXZpbmdyb29tIGZ1cm5pdHVyZSoCCAAyCRAAGIAEGAoYCzIJEAAYgAQYChgLMgkQABiABBgKGAsyCRAAGIAEGAoYCzIJEAAYgAQYChgLMgkQABiABBgKGAsyCRAAGIAEGAoYCzIJEAAYgAQYChgLMgkQABiABBgKGAsyCRAAGIAEGAoYC0ibNVDKD1ijK3ADeAGQAQCYAXqgAYMJqgEEMC4xMLgBA8gBAPgBAZgCDaACggrCAgoQABhHGNYEGLADwgIFEAAYgATCAgYQABgHGB7CAgcQABiABBgNwgIKEAAYgAQYDRjWBcICCBAAGAcYHhgKmAMAiAYBkAYIkgcEMy4xMKAHjEqyBwQwLjEwuAffCcIHBTItNi43yAdigAgB&sclient=gws-wiz-modeless-shopping,Welly sofa,https://encrypted-tbn2.gstatic.com/shopping?q=tbn:ANd9GcTTJdHJUTeLXT1mkPYzvVWDz7OHpcql48sbamJAsCYN8YoBlw79Yh4TG-I-49HWmZX3E4tOpQu-paXsQiJkEdDhIoP1mn9-NTdesgcarqOi,"€1,580.00",Alarus Interiors,5631155166070564400,,
https://www.google.com/search?q=living+room+furniture&sca_esv=d64b47f615dedb78&udm=28&gl=DE&sxsrf=APpeQnvbtuQyLYBS4RMtsK5oUCBb62wYvw%3A1785762396033&ei=XJJwavy_AZ3EkPIP5PSRgAU&biw=1530&bih=786&oq=livingroom+furniture&gs_lp=Ehlnd3Mtd2l6LW1vZGVsZXNzLXNob3BwaW5nIhRsaXZpbmdyb29tIGZ1cm5pdHVyZSoCCAAyCRAAGIAEGAoYCzIJEAAYgAQYChgLMgkQABiABBgKGAsyCRAAGIAEGAoYCzIJEAAYgAQYChgLMgkQABiABBgKGAsyCRAAGIAEGAoYCzIJEAAYgAQYChgLMgkQABiABBgKGAsyCRAAGIAEGAoYC0ibNVDKD1ijK3ADeAGQAQCYAXqgAYMJqgEEMC4xMLgBA8gBAPgBAZgCDaACggrCAgoQABhHGNYEGLADwgIFEAAYgATCAgYQABgHGB7CAgcQABiABBgNwgIKEAAYgAQYDRjWBcICCBAAGAcYHhgKmAMAiAYBkAYIkgcEMy4xMKAHjEqyBwQwLjEwuAffCcIHBTItNi43yAdigAgB&sclient=gws-wiz-modeless-shopping,SOFILAND Cordo U XXL Wohnlandschaft mit Schlaffunktion und 2 Bettkästen,https://encrypted-tbn0.gstatic.com/shopping?q=tbn:ANd9GcTWTHckZ8ljidsnJC8eLjYEFmRJnHgh0txyQFHPPFDiymRFxvg-X65MlE-tBb_xr8UYwFJl32UeyDJLlo3A-dVC-S2HhbxOVtARLEsbR6Y45Jq2Jcn7M5cyRQ,"€1,370.00",Amazon.de - Amazon.de-Seller,8916232370338763522,2110571030690334262,2955485019593444084
https://www.google.com/search?q=living+room+furniture&sca_esv=d64b47f615dedb78&udm=28&gl=DE&sxsrf=APpeQnvbtuQyLYBS4RMtsK5oUCBb62wYvw%3A1785762396033&ei=XJJwavy_AZ3EkPIP5PSRgAU&biw=1530&bih=786&oq=livingroom+furniture&gs_lp=Ehlnd3Mtd2l6LW1vZGVsZXNzLXNob3BwaW5nIhRsaXZpbmdyb29tIGZ1cm5pdHVyZSoCCAAyCRAAGIAEGAoYCzIJEAAYgAQYChgLMgkQABiABBgKGAsyCRAAGIAEGAoYCzIJEAAYgAQYChgLMgkQABiABBgKGAsyCRAAGIAEGAoYCzIJEAAYgAQYChgLMgkQABiABBgKGAsyCRAAGIAEGAoYC0ibNVDKD1ijK3ADeAGQAQCYAXqgAYMJqgEEMC4xMLgBA8gBAPgBAZgCDaACggrCAgoQABhHGNYEGLADwgIFEAAYgATCAgYQABgHGB7CAgcQABiABBgNwgIKEAAYgAQYDRjWBcICCBAAGAcYHhgKmAMAiAYBkAYIkgcEMy4xMKAHjEqyBwQwLjEwuAffCcIHBTItNi43yAdigAgB&sclient=gws-wiz-modeless-shopping,Knoll MR Armchair In Rattan,https://encrypted-tbn2.gstatic.com/shopping?q=tbn:ANd9GcTGifrOzvHL7MkGCdKDsUBEshIgiOGrUqrhVqkuBQCXGOV9m9-yRl9brqpn4i6WRj5BBhip2cDzKIzM3-rS-vDfv37wyoU_BtNUeZOQvVkT4EmJ2_j-UBy1IQ,"€2,451.00",NO GA,6533112739571332541,9494483884419905155,3657544871358818418
https://www.google.com/search?q=living+room+furniture&sca_esv=d64b47f615dedb78&udm=28&gl=DE&sxsrf=APpeQnvbtuQyLYBS4RMtsK5oUCBb62wYvw%3A1785762396033&ei=XJJwavy_AZ3EkPIP5PSRgAU&biw=1530&bih=786&oq=livingroom+furniture&gs_lp=Ehlnd3Mtd2l6LW1vZGVsZXNzLXNob3BwaW5nIhRsaXZpbmdyb29tIGZ1cm5pdHVyZSoCCAAyCRAAGIAEGAoYCzIJEAAYgAQYChgLMgkQABiABBgKGAsyCRAAGIAEGAoYCzIJEAAYgAQYChgLMgkQABiABBgKGAsyCRAAGIAEGAoYCzIJEAAYgAQYChgLMgkQABiABBgKGAsyCRAAGIAEGAoYC0ibNVDKD1ijK3ADeAGQAQCYAXqgAYMJqgEEMC4xMLgBA8gBAPgBAZgCDaACggrCAgoQABhHGNYEGLADwgIFEAAYgATCAgYQABgHGB7CAgcQABiABBgNwgIKEAAYgAQYDRjWBcICCBAAGAcYHhgKmAMAiAYBkAYIkgcEMy4xMKAHjEqyBwQwLjEwuAffCcIHBTItNi43yAdigAgB&sclient=gws-wiz-modeless-shopping,Modern Multi-Functional Luxurious Leather Sectional Sofa,https://encrypted-tbn2.gstatic.com/shopping?q=tbn:ANd9GcTz1z4bG0XRohV2dfHXKexZ2hgL6dPKDzUsKx7yY7bWKCbXW7CM9ankn_GWg6gznCez8LGn0G0Zr5Qhtrbdzgwv_142yY0EZEBMzrbf6bn4,"€3,649.52",Lixra,9223853087094876814,15248371688238747075,11225751361797986846
https://www.google.com/search?q=living+room+furniture&sca_esv=d64b47f615dedb78&udm=28&gl=DE&sxsrf=APpeQnvbtuQyLYBS4RMtsK5oUCBb62wYvw%3A1785762396033&ei=XJJwavy_AZ3EkPIP5PSRgAU&biw=1530&bih=786&oq=livingroom+furniture&gs_lp=Ehlnd3Mtd2l6LW1vZGVsZXNzLXNob3BwaW5nIhRsaXZpbmdyb29tIGZ1cm5pdHVyZSoCCAAyCRAAGIAEGAoYCzIJEAAYgAQYChgLMgkQABiABBgKGAsyCRAAGIAEGAoYCzIJEAAYgAQYChgLMgkQABiABBgKGAsyCRAAGIAEGAoYCzIJEAAYgAQYChgLMgkQABiABBgKGAsyCRAAGIAEGAoYC0ibNVDKD1ijK3ADeAGQAQCYAXqgAYMJqgEEMC4xMLgBA8gBAPgBAZgCDaACggrCAgoQABhHGNYEGLADwgIFEAAYgATCAgYQABgHGB7CAgcQABiABBgNwgIKEAAYgAQYDRjWBcICCBAAGAcYHhgKmAMAiAYBkAYIkgcEMy4xMKAHjEqyBwQwLjEwuAffCcIHBTItNi43yAdigAgB&sclient=gws-wiz-modeless-shopping,Modern Curvy Leather Sectional Sofa,https://encrypted-tbn1.gstatic.com/shopping?q=tbn:ANd9GcSuKee_zBcbq1pmAoz1TeXqiSqHNS2dAUODU3X3umofTF7QviU0HwODJPUzmQo1YIENwWJKPBjq-QRR-2ZQBN2tRhJl7E_iKkZWIsN1D61CCw3RxrNV9F1y,"€3,474.87",My Aashis,4361931216371069042,10226958520146862425,
https://www.google.com/search?q=living+room+furniture&sca_esv=d64b47f615dedb78&udm=28&gl=DE&sxsrf=APpeQnvbtuQyLYBS4RMtsK5oUCBb62wYvw%3A1785762396033&ei=XJJwavy_AZ3EkPIP5PSRgAU&biw=1530&bih=786&oq=livingroom+furniture&gs_lp=Ehlnd3Mtd2l6LW1vZGVsZXNzLXNob3BwaW5nIhRsaXZpbmdyb29tIGZ1cm5pdHVyZSoCCAAyCRAAGIAEGAoYCzIJEAAYgAQYChgLMgkQABiABBgKGAsyCRAAGIAEGAoYCzIJEAAYgAQYChgLMgkQABiABBgKGAsyCRAAGIAEGAoYCzIJEAAYgAQYChgLMgkQABiABBgKGAsyCRAAGIAEGAoYC0ibNVDKD1ijK3ADeAGQAQCYAXqgAYMJqgEEMC4xMLgBA8gBAPgBAZgCDaACggrCAgoQABhHGNYEGLADwgIFEAAYgATCAgYQABgHGB7CAgcQABiABBgNwgIKEAAYgAQYDRjWBcICCBAAGAcYHhgKmAMAiAYBkAYIkgcEMy4xMKAHjEqyBwQwLjEwuAffCcIHBTItNi43yAdigAgB&sclient=gws-wiz-modeless-shopping,Sofa Rafael Eichholtz by IdHouse,https://encrypted-tbn2.gstatic.com/shopping?q=tbn:ANd9GcSxet8_B2mCaec8agNEpSN9IYlTSATDq7TFf3uoPttFPk6KwTZ36JdK87_yy3QTzVXgv7H5luI4tDomLSahHn35BFynwDmnfEoRcutEkNrorhkYjqRYqLV8nw,"€3,215.00",Piek Home,13994688604197923694,213259914893782562,14955908617421410855
https://www.google.com/search?q=living+room+furniture&sca_esv=d64b47f615dedb78&udm=28&gl=DE&sxsrf=APpeQnvbtuQyLYBS4RMtsK5oUCBb62wYvw%3A1785762396033&ei=XJJwavy_AZ3EkPIP5PSRgAU&biw=1530&bih=786&oq=livingroom+furniture&gs_lp=Ehlnd3Mtd2l6LW1vZGVsZXNzLXNob3BwaW5nIhRsaXZpbmdyb29tIGZ1cm5pdHVyZSoCCAAyCRAAGIAEGAoYCzIJEAAYgAQYChgLMgkQABiABBgKGAsyCRAAGIAEGAoYCzIJEAAYgAQYChgLMgkQABiABBgKGAsyCRAAGIAEGAoYCzIJEAAYgAQYChgLMgkQABiABBgKGAsyCRAAGIAEGAoYC0ibNVDKD1ijK3ADeAGQAQCYAXqgAYMJqgEEMC4xMLgBA8gBAPgBAZgCDaACggrCAgoQABhHGNYEGLADwgIFEAAYgATCAgYQABgHGB7CAgcQABiABBgNwgIKEAAYgAQYDRjWBcICCBAAGAcYHhgKmAMAiAYBkAYIkgcEMy4xMKAHjEqyBwQwLjEwuAffCcIHBTItNi43yAdigAgB&sclient=gws-wiz-modeless-shopping,Jive sectional sofa by Furninova - 56 category leather - Curved end part-Module L/R,https://encrypted-tbn2.gstatic.com/shopping?q=tbn:ANd9GcSZV8FYFoD0BTtWrCYQ__t6GiA3XDIxszGBC0ouxVK1E9EDy5bFbZ5v4861NIACA4g5I8Kwla4y1x_vwf88mgW0dmj5KiVXrfIxxB1aD7qll7LJ4zUGvmhU4g,"€3,795.00",Alarus Interiors,18365280096986618292,,
https://www.google.com/search?q=living+room+furniture&sca_esv=d64b47f615dedb78&udm=28&gl=DE&sxsrf=APpeQnvbtuQyLYBS4RMtsK5oUCBb62wYvw%3A1785762396033&ei=XJJwavy_AZ3EkPIP5PSRgAU&biw=1530&bih=786&oq=livingroom+furniture&gs_lp=Ehlnd3Mtd2l6LW1vZGVsZXNzLXNob3BwaW5nIhRsaXZpbmdyb29tIGZ1cm5pdHVyZSoCCAAyCRAAGIAEGAoYCzIJEAAYgAQYChgLMgkQABiABBgKGAsyCRAAGIAEGAoYCzIJEAAYgAQYChgLMgkQABiABBgKGAsyCRAAGIAEGAoYCzIJEAAYgAQYChgLMgkQABiABBgKGAsyCRAAGIAEGAoYC0ibNVDKD1ijK3ADeAGQAQCYAXqgAYMJqgEEMC4xMLgBA8gBAPgBAZgCDaACggrCAgoQABhHGNYEGLADwgIFEAAYgATCAgYQABgHGB7CAgcQABiABBgNwgIKEAAYgAQYDRjWBcICCBAAGAcYHhgKmAMAiAYBkAYIkgcEMy4xMKAHjEqyBwQwLjEwuAffCcIHBTItNi43yAdigAgB&sclient=gws-wiz-modeless-shopping,3 PCS Vertex Sofa Set with Chair Modern Living Room Sofa Set with Cushion,https://encrypted-tbn3.gstatic.com/shopping?q=tbn:ANd9GcTffX4zesTg40wNtPTS6Ws2keU9IaSebHC8jBw_px-FqV6WbVmmpSkDbjqLbWuY2HxdqnA7RTDFn2VIILF8u_tMYAxMaay2xeDAp3qRDX4,"€3,299.99",Homary.com,10899521929044877534,3643371719151475831,12423508153968308618
https://www.google.com/search?q=living+room+furniture&sca_esv=d64b47f615dedb78&udm=28&gl=DE&sxsrf=APpeQnvbtuQyLYBS4RMtsK5oUCBb62wYvw%3A1785762396033&ei=XJJwavy_AZ3EkPIP5PSRgAU&biw=1530&bih=786&oq=livingroom+furniture&gs_lp=Ehlnd3Mtd2l6LW1vZGVsZXNzLXNob3BwaW5nIhRsaXZpbmdyb29tIGZ1cm5pdHVyZSoCCAAyCRAAGIAEGAoYCzIJEAAYgAQYChgLMgkQABiABBgKGAsyCRAAGIAEGAoYCzIJEAAYgAQYChgLMgkQABiABBgKGAsyCRAAGIAEGAoYCzIJEAAYgAQYChgLMgkQABiABBgKGAsyCRAAGIAEGAoYC0ibNVDKD1ijK3ADeAGQAQCYAXqgAYMJqgEEMC4xMLgBA8gBAPgBAZgCDaACggrCAgoQABhHGNYEGLADwgIFEAAYgATCAgYQABgHGB7CAgcQABiABBgNwgIKEAAYgAQYDRjWBcICCBAAGAcYHhgKmAMAiAYBkAYIkgcEMy4xMKAHjEqyBwQwLjEwuAffCcIHBTItNi43yAdigAgB&sclient=gws-wiz-modeless-shopping,Vladon Wohnwand Movie,,€404.39,XXXLutz DE,2402461506436981940,8654276312838552797,172660008452968850
https://www.google.com/search?q=living+room+furniture&sca_esv=d64b47f615dedb78&udm=28&gl=DE&sxsrf=APpeQnvbtuQyLYBS4RMtsK5oUCBb62wYvw%3A1785762396033&ei=XJJwavy_AZ3EkPIP5PSRgAU&biw=1530&bih=786&oq=livingroom+furniture&gs_lp=Ehlnd3Mtd2l6LW1vZGVsZXNzLXNob3BwaW5nIhRsaXZpbmdyb29tIGZ1cm5pdHVyZSoCCAAyCRAAGIAEGAoYCzIJEAAYgAQYChgLMgkQABiABBgKGAsyCRAAGIAEGAoYCzIJEAAYgAQYChgLMgkQABiABBgKGAsyCRAAGIAEGAoYCzIJEAAYgAQYChgLMgkQABiABBgKGAsyCRAAGIAEGAoYC0ibNVDKD1ijK3ADeAGQAQCYAXqgAYMJqgEEMC4xMLgBA8gBAPgBAZgCDaACggrCAgoQABhHGNYEGLADwgIFEAAYgATCAgYQABgHGB7CAgcQABiABBgNwgIKEAAYgAQYDRjWBcICCBAAGAcYHhgKmAMAiAYBkAYIkgcEMy4xMKAHjEqyBwQwLjEwuAffCcIHBTItNi43yAdigAgB&sclient=gws-wiz-modeless-shopping,Welly sofa,,"€1,580.00",Alarus Interiors,5631155166070564400,,
https://www.google.com/search?q=living+room+furniture&sca_esv=d64b47f615dedb78&udm=28&gl=DE&sxsrf=APpeQnvbtuQyLYBS4RMtsK5oUCBb62wYvw%3A1785762396033&ei=XJJwavy_AZ3EkPIP5PSRgAU&biw=1530&bih=786&oq=livingroom+furniture&gs_lp=Ehlnd3Mtd2l6LW1vZGVsZXNzLXNob3BwaW5nIhRsaXZpbmdyb29tIGZ1cm5pdHVyZSoCCAAyCRAAGIAEGAoYCzIJEAAYgAQYChgLMgkQABiABBgKGAsyCRAAGIAEGAoYCzIJEAAYgAQYChgLMgkQABiABBgKGAsyCRAAGIAEGAoYCzIJEAAYgAQYChgLMgkQABiABBgKGAsyCRAAGIAEGAoYC0ibNVDKD1ijK3ADeAGQAQCYAXqgAYMJqgEEMC4xMLgBA8gBAPgBAZgCDaACggrCAgoQABhHGNYEGLADwgIFEAAYgATCAgYQABgHGB7CAgcQABiABBgNwgIKEAAYgAQYDRjWBcICCBAAGAcYHhgKmAMAiAYBkAYIkgcEMy4xMKAHjEqyBwQwLjEwuAffCcIHBTItNi43yAdigAgB&sclient=gws-wiz-modeless-shopping,Next Natural Bertie Bear Basket Bath Side Table,,€161.00,Next Germany,17848890296319993848,10840143743935708003,7054113628275306317
https://www.google.com/search?q=living+room+furniture&sca_esv=d64b47f615dedb78&udm=28&gl=DE&sxsrf=APpeQnvbtuQyLYBS4RMtsK5oUCBb62wYvw%3A1785762396033&ei=XJJwavy_AZ3EkPIP5PSRgAU&biw=1530&bih=786&oq=livingroom+furniture&gs_lp=Ehlnd3Mtd2l6LW1vZGVsZXNzLXNob3BwaW5nIhRsaXZpbmdyb29tIGZ1cm5pdHVyZSoCCAAyCRAAGIAEGAoYCzIJEAAYgAQYChgLMgkQABiABBgKGAsyCRAAGIAEGAoYCzIJEAAYgAQYChgLMgkQABiABBgKGAsyCRAAGIAEGAoYCzIJEAAYgAQYChgLMgkQABiABBgKGAsyCRAAGIAEGAoYC0ibNVDKD1ijK3ADeAGQAQCYAXqgAYMJqgEEMC4xMLgBA8gBAPgBAZgCDaACggrCAgoQABhHGNYEGLADwgIFEAAYgATCAgYQABgHGB7CAgcQABiABBgNwgIKEAAYgAQYDRjWBcICCBAAGAcYHhgKmAMAiAYBkAYIkgcEMy4xMKAHjEqyBwQwLjEwuAffCcIHBTItNi43yAdigAgB&sclient=gws-wiz-modeless-shopping,Baroque armchair of Louis XV leopard fabric and lacquered Black wood,,€189.00,Royal Art Palace,14678443072496970797,12923170957812726425,16979651101862805535
https://www.google.com/search?q=living+room+furniture&sca_esv=d64b47f615dedb78&udm=28&gl=DE&sxsrf=APpeQnvbtuQyLYBS4RMtsK5oUCBb62wYvw%3A1785762396033&ei=XJJwavy_AZ3EkPIP5PSRgAU&biw=1530&bih=786&oq=livingroom+furniture&gs_lp=Ehlnd3Mtd2l6LW1vZGVsZXNzLXNob3BwaW5nIhRsaXZpbmdyb29tIGZ1cm5pdHVyZSoCCAAyCRAAGIAEGAoYCzIJEAAYgAQYChgLMgkQABiABBgKGAsyCRAAGIAEGAoYCzIJEAAYgAQYChgLMgkQABiABBgKGAsyCRAAGIAEGAoYCzIJEAAYgAQYChgLMgkQABiABBgKGAsyCRAAGIAEGAoYC0ibNVDKD1ijK3ADeAGQAQCYAXqgAYMJqgEEMC4xMLgBA8gBAPgBAZgCDaACggrCAgoQABhHGNYEGLADwgIFEAAYgATCAgYQABgHGB7CAgcQABiABBgNwgIKEAAYgAQYDRjWBcICCBAAGAcYHhgKmAMAiAYBkAYIkgcEMy4xMKAHjEqyBwQwLjEwuAffCcIHBTItNi43yAdigAgB&sclient=gws-wiz-modeless-shopping,YITAHOME Ecksofa L-Form Boneless Sofa mit Schlaffunktion Modular Cord,,€245.99,Amazon.de - Amazon.de-Seller,5709759490950193330,4959753220684894097,1174166637961387251
https://www.google.com/search?q=living+room+furniture&sca_esv=d64b47f615dedb78&udm=28&gl=DE&sxsrf=APpeQnvbtuQyLYBS4RMtsK5oUCBb62wYvw%3A1785762396033&ei=XJJwavy_AZ3EkPIP5PSRgAU&biw=1530&bih=786&oq=livingroom+furniture&gs_lp=Ehlnd3Mtd2l6LW1vZGVsZXNzLXNob3BwaW5nIhRsaXZpbmdyb29tIGZ1cm5pdHVyZSoCCAAyCRAAGIAEGAoYCzIJEAAYgAQYChgLMgkQABiABBgKGAsyCRAAGIAEGAoYCzIJEAAYgAQYChgLMgkQABiABBgKGAsyCRAAGIAEGAoYCzIJEAAYgAQYChgLMgkQABiABBgKGAsyCRAAGIAEGAoYC0ibNVDKD1ijK3ADeAGQAQCYAXqgAYMJqgEEMC4xMLgBA8gBAPgBAZgCDaACggrCAgoQABhHGNYEGLADwgIFEAAYgATCAgYQABgHGB7CAgcQABiABBgNwgIKEAAYgAQYDRjWBcICCBAAGAcYHhgKmAMAiAYBkAYIkgcEMy4xMKAHjEqyBwQwLjEwuAffCcIHBTItNi43yAdigAgB&sclient=gws-wiz-modeless-shopping,Modern Multi-Functional Luxurious Leather Sectional Sofa,,"€3,649.52",Lixra,9223853087094876814,15248371688238747075,11225751361797986846
https://www.google.com/search?q=living+room+furniture&sca_esv=d64b47f615dedb78&udm=28&gl=DE&sxsrf=APpeQnvbtuQyLYBS4RMtsK5oUCBb62wYvw%3A1785762396033&ei=XJJwavy_AZ3EkPIP5PSRgAU&biw=1530&bih=786&oq=livingroom+furniture&gs_lp=Ehlnd3Mtd2l6LW1vZGVsZXNzLXNob3BwaW5nIhRsaXZpbmdyb29tIGZ1cm5pdHVyZSoCCAAyCRAAGIAEGAoYCzIJEAAYgAQYChgLMgkQABiABBgKGAsyCRAAGIAEGAoYCzIJEAAYgAQYChgLMgkQABiABBgKGAsyCRAAGIAEGAoYCzIJEAAYgAQYChgLMgkQABiABBgKGAsyCRAAGIAEGAoYC0ibNVDKD1ijK3ADeAGQAQCYAXqgAYMJqgEEMC4xMLgBA8gBAPgBAZgCDaACggrCAgoQABhHGNYEGLADwgIFEAAYgATCAgYQABgHGB7CAgcQABiABBgNwgIKEAAYgAQYDRjWBcICCBAAGAcYHhgKmAMAiAYBkAYIkgcEMy4xMKAHjEqyBwQwLjEwuAffCcIHBTItNi43yAdigAgB&sclient=gws-wiz-modeless-shopping,"CHAIRUS Sessel Relaxsessel Ohrensessel Freizeitsessel Polsterstuhl mit Metallbeinen (1-St), Gepolsterter Lehnensessel für Wohnzimmer, Schlafzimmer",,€82.38,joybuy.de,12678035149274490998,7449498425032089007,
https://www.google.com/search?q=living+room+furniture&sca_esv=d64b47f615dedb78&udm=28&gl=DE&sxsrf=APpeQnvbtuQyLYBS4RMtsK5oUCBb62wYvw%3A1785762396033&ei=XJJwavy_AZ3EkPIP5PSRgAU&biw=1530&bih=786&oq=livingroom+furniture&gs_lp=Ehlnd3Mtd2l6LW1vZGVsZXNzLXNob3BwaW5nIhRsaXZpbmdyb29tIGZ1cm5pdHVyZSoCCAAyCRAAGIAEGAoYCzIJEAAYgAQYChgLMgkQABiABBgKGAsyCRAAGIAEGAoYCzIJEAAYgAQYChgLMgkQABiABBgKGAsyCRAAGIAEGAoYCzIJEAAYgAQYChgLMgkQABiABBgKGAsyCRAAGIAEGAoYC0ibNVDKD1ijK3ADeAGQAQCYAXqgAYMJqgEEMC4xMLgBA8gBAPgBAZgCDaACggrCAgoQABhHGNYEGLADwgIFEAAYgATCAgYQABgHGB7CAgcQABiABBgNwgIKEAAYgAQYDRjWBcICCBAAGAcYHhgKmAMAiAYBkAYIkgcEMy4xMKAHjEqyBwQwLjEwuAffCcIHBTItNi43yAdigAgB&sclient=gws-wiz-modeless-shopping,Sofa Rafael Eichholtz by IdHouse,,"€3,215.00",Piek Home,13994688604197923694,213259914893782562,14955908617421410855
https://www.google.com/search?q=living+room+furniture&sca_esv=d64b47f615dedb78&udm=28&gl=DE&sxsrf=APpeQnvbtuQyLYBS4RMtsK5oUCBb62wYvw%3A1785762396033&ei=XJJwavy_AZ3EkPIP5PSRgAU&biw=1530&bih=786&oq=livingroom+furniture&gs_lp=Ehlnd3Mtd2l6LW1vZGVsZXNzLXNob3BwaW5nIhRsaXZpbmdyb29tIGZ1cm5pdHVyZSoCCAAyCRAAGIAEGAoYCzIJEAAYgAQYChgLMgkQABiABBgKGAsyCRAAGIAEGAoYCzIJEAAYgAQYChgLMgkQABiABBgKGAsyCRAAGIAEGAoYCzIJEAAYgAQYChgLMgkQABiABBgKGAsyCRAAGIAEGAoYC0ibNVDKD1ijK3ADeAGQAQCYAXqgAYMJqgEEMC4xMLgBA8gBAPgBAZgCDaACggrCAgoQABhHGNYEGLADwgIFEAAYgATCAgYQABgHGB7CAgcQABiABBgNwgIKEAAYgAQYDRjWBcICCBAAGAcYHhgKmAMAiAYBkAYIkgcEMy4xMKAHjEqyBwQwLjEwuAffCcIHBTItNi43yAdigAgB&sclient=gws-wiz-modeless-shopping,Ferm Living Post Coffee Table,,€679.00,NO GA,822530499729888121,6274059783156036783,12300250412093536732
https://www.google.com/search?q=living+room+furniture&sca_esv=d64b47f615dedb78&udm=28&gl=DE&sxsrf=APpeQnvbtuQyLYBS4RMtsK5oUCBb62wYvw%3A1785762396033&ei=XJJwavy_AZ3EkPIP5PSRgAU&biw=1530&bih=786&oq=livingroom+furniture&gs_lp=Ehlnd3Mtd2l6LW1vZGVsZXNzLXNob3BwaW5nIhRsaXZpbmdyb29tIGZ1cm5pdHVyZSoCCAAyCRAAGIAEGAoYCzIJEAAYgAQYChgLMgkQABiABBgKGAsyCRAAGIAEGAoYCzIJEAAYgAQYChgLMgkQABiABBgKGAsyCRAAGIAEGAoYCzIJEAAYgAQYChgLMgkQABiABBgKGAsyCRAAGIAEGAoYC0ibNVDKD1ijK3ADeAGQAQCYAXqgAYMJqgEEMC4xMLgBA8gBAPgBAZgCDaACggrCAgoQABhHGNYEGLADwgIFEAAYgATCAgYQABgHGB7CAgcQABiABBgNwgIKEAAYgAQYDRjWBcICCBAAGAcYHhgKmAMAiAYBkAYIkgcEMy4xMKAHjEqyBwQwLjEwuAffCcIHBTItNi43yAdigAgB&sclient=gws-wiz-modeless-shopping,Handmade Kilim Ottoman Bench – Turkish Rug Seat,,€396.23,Sanwariya Rugs,6834085518907346468,8448292776138441620,9059170566600343925
https://www.google.com/search?q=living+room+furniture&sca_esv=d64b47f615dedb78&udm=28&gl=DE&sxsrf=APpeQnvbtuQyLYBS4RMtsK5oUCBb62wYvw%3A1785762396033&ei=XJJwavy_AZ3EkPIP5PSRgAU&biw=1530&bih=786&oq=livingroom+furniture&gs_lp=Ehlnd3Mtd2l6LW1vZGVsZXNzLXNob3BwaW5nIhRsaXZpbmdyb29tIGZ1cm5pdHVyZSoCCAAyCRAAGIAEGAoYCzIJEAAYgAQYChgLMgkQABiABBgKGAsyCRAAGIAEGAoYCzIJEAAYgAQYChgLMgkQABiABBgKGAsyCRAAGIAEGAoYCzIJEAAYgAQYChgLMgkQABiABBgKGAsyCRAAGIAEGAoYC0ibNVDKD1ijK3ADeAGQAQCYAXqgAYMJqgEEMC4xMLgBA8gBAPgBAZgCDaACggrCAgoQABhHGNYEGLADwgIFEAAYgATCAgYQABgHGB7CAgcQABiABBgNwgIKEAAYgAQYDRjWBcICCBAAGAcYHhgKmAMAiAYBkAYIkgcEMy4xMKAHjEqyBwQwLjEwuAffCcIHBTItNi43yAdigAgB&sclient=gws-wiz-modeless-shopping,IKEA OLSERÖD side table,https://encrypted-tbn1.gstatic.com/shopping?q=tbn:ANd9GcR9BE_JLMDoE7Z2kIr2WHOnszWcy8o6H_AN79uwsam-USrUdxE86yimf8vtxOV_LoatrFNBqNmnGmKeuZcKbFNWDR86vowgg4agkxs633QF_J2XJUCG0qKt,€39.99,IKEA Deutschland,13240275358943025062,18231549464888924118,2866433326941796135
https://www.google.com/search?q=living+room+furniture&sca_esv=d64b47f615dedb78&udm=28&gl=DE&sxsrf=APpeQnvbtuQyLYBS4RMtsK5oUCBb62wYvw%3A1785762396033&ei=XJJwavy_AZ3EkPIP5PSRgAU&biw=1530&bih=786&oq=livingroom+furniture&gs_lp=Ehlnd3Mtd2l6LW1vZGVsZXNzLXNob3BwaW5nIhRsaXZpbmdyb29tIGZ1cm5pdHVyZSoCCAAyCRAAGIAEGAoYCzIJEAAYgAQYChgLMgkQABiABBgKGAsyCRAAGIAEGAoYCzIJEAAYgAQYChgLMgkQABiABBgKGAsyCRAAGIAEGAoYCzIJEAAYgAQYChgLMgkQABiABBgKGAsyCRAAGIAEGAoYC0ibNVDKD1ijK3ADeAGQAQCYAXqgAYMJqgEEMC4xMLgBA8gBAPgBAZgCDaACggrCAgoQABhHGNYEGLADwgIFEAAYgATCAgYQABgHGB7CAgcQABiABBgNwgIKEAAYgAQYDRjWBcICCBAAGAcYHhgKmAMAiAYBkAYIkgcEMy4xMKAHjEqyBwQwLjEwuAffCcIHBTItNi43yAdigAgB&sclient=gws-wiz-modeless-shopping,Brera curved sofa by Furninova - C category fabric - Footstool Module,https://encrypted-tbn1.gstatic.com/shopping?q=tbn:ANd9GcQSgpz91IYL-axhadoz-05P06XZkQEnePUqWlM_D--F6BCWXFDIql4HV8TuU-E8MAWtfIdx3QEa8mnJ2-8gFquVa66Rdz6WZf3sbQ20BsPqhp1DXShZaEg6,€805.00,Alarus Interiors,2710386007961122979,,
https://www.google.com/search?q=living+room+furniture&sca_esv=d64b47f615dedb78&udm=28&gl=DE&sxsrf=APpeQnvbtuQyLYBS4RMtsK5oUCBb62wYvw%3A1785762396033&ei=XJJwavy_AZ3EkPIP5PSRgAU&biw=1530&bih=786&oq=livingroom+furniture&gs_lp=Ehlnd3Mtd2l6LW1vZGVsZXNzLXNob3BwaW5nIhRsaXZpbmdyb29tIGZ1cm5pdHVyZSoCCAAyCRAAGIAEGAoYCzIJEAAYgAQYChgLMgkQABiABBgKGAsyCRAAGIAEGAoYCzIJEAAYgAQYChgLMgkQABiABBgKGAsyCRAAGIAEGAoYCzIJEAAYgAQYChgLMgkQABiABBgKGAsyCRAAGIAEGAoYC0ibNVDKD1ijK3ADeAGQAQCYAXqgAYMJqgEEMC4xMLgBA8gBAPgBAZgCDaACggrCAgoQABhHGNYEGLADwgIFEAAYgATCAgYQABgHGB7CAgcQABiABBgNwgIKEAAYgAQYDRjWBcICCBAAGAcYHhgKmAMAiAYBkAYIkgcEMy4xMKAHjEqyBwQwLjEwuAffCcIHBTItNi43yAdigAgB&sclient=gws-wiz-modeless-shopping,Modern Tufted Lounge Chair,https://encrypted-tbn3.gstatic.com/shopping?q=tbn:ANd9GcRz-jEn45L6YkZU8bjCR4e-bQwM-ZhJSe_CROLrE43Tc4kegbfPrDIc6OSMiUThAfaSwqbLLihFLghjolzwyBQMAdUjlXBmn0BS_0Bs6_UA5uf_G1uTRVA_,€762.50,Kiyo Home,7536948563536459009,2257963430761917697,10368457954932316514
https://www.google.com/search?q=living+room+furniture&sca_esv=d64b47f615dedb78&udm=28&gl=DE&sxsrf=APpeQnvbtuQyLYBS4RMtsK5oUCBb62wYvw%3A1785762396033&ei=XJJwavy_AZ3EkPIP5PSRgAU&biw=1530&bih=786&oq=livingroom+furniture&gs_lp=Ehlnd3Mtd2l6LW1vZGVsZXNzLXNob3BwaW5nIhRsaXZpbmdyb29tIGZ1cm5pdHVyZSoCCAAyCRAAGIAEGAoYCzIJEAAYgAQYChgLMgkQABiABBgKGAsyCRAAGIAEGAoYCzIJEAAYgAQYChgLMgkQABiABBgKGAsyCRAAGIAEGAoYCzIJEAAYgAQYChgLMgkQABiABBgKGAsyCRAAGIAEGAoYC0ibNVDKD1ijK3ADeAGQAQCYAXqgAYMJqgEEMC4xMLgBA8gBAPgBAZgCDaACggrCAgoQABhHGNYEGLADwgIFEAAYgATCAgYQABgHGB7CAgcQABiABBgNwgIKEAAYgAQYDRjWBcICCBAAGAcYHhgKmAMAiAYBkAYIkgcEMy4xMKAHjEqyBwQwLjEwuAffCcIHBTItNi43yAdigAgB&sclient=gws-wiz-modeless-shopping,Knoll MR Armchair In Rattan,https://encrypted-tbn2.gstatic.com/shopping?q=tbn:ANd9GcTAaxytDDYYYfthZpI57gBE9KNCeOoZMe-nneZgvvvLg3eQ8WNF2ppF-m8ywl22Pvq4T7wrLjqZ8Rn7g1Xb_EZ-XfqS1EnphKRhhUlKQoKOVwZes4emmnJ6EQ,"€2,451.00",NO GA,6533112739571332541,9494483884419905155,3657544871358818418
https://www.google.com/search?q=living+room+furniture&sca_esv=d64b47f615dedb78&udm=28&gl=DE&sxsrf=APpeQnvbtuQyLYBS4RMtsK5oUCBb62wYvw%3A1785762396033&ei=XJJwavy_AZ3EkPIP5PSRgAU&biw=1530&bih=786&oq=livingroom+furniture&gs_lp=Ehlnd3Mtd2l6LW1vZGVsZXNzLXNob3BwaW5nIhRsaXZpbmdyb29tIGZ1cm5pdHVyZSoCCAAyCRAAGIAEGAoYCzIJEAAYgAQYChgLMgkQABiABBgKGAsyCRAAGIAEGAoYCzIJEAAYgAQYChgLMgkQABiABBgKGAsyCRAAGIAEGAoYCzIJEAAYgAQYChgLMgkQABiABBgKGAsyCRAAGIAEGAoYC0ibNVDKD1ijK3ADeAGQAQCYAXqgAYMJqgEEMC4xMLgBA8gBAPgBAZgCDaACggrCAgoQABhHGNYEGLADwgIFEAAYgATCAgYQABgHGB7CAgcQABiABBgNwgIKEAAYgAQYDRjWBcICCBAAGAcYHhgKmAMAiAYBkAYIkgcEMy4xMKAHjEqyBwQwLjEwuAffCcIHBTItNi43yAdigAgB&sclient=gws-wiz-modeless-shopping,Fusion Living Eero Saarinen Tulip Style Armchair,https://encrypted-tbn2.gstatic.com/shopping?q=tbn:ANd9GcRvfuauuktbRbHwMLq6F6BVTdFIMtvfathQ-1q5Q-b36Xlvgq8Dj-uOLJPqVxx5M3p8N9Wt3IAWcUWQVoDTCev-JuOUaM6SzO4VnjUWb29jAMXdFCaKbtZQ,€176.00,Fusion Living DE,15000906802092326458,6953832970205256748,9077988850941040343
https://www.google.com/search?q=living+room+furniture&sca_esv=d64b47f615dedb78&udm=28&gl=DE&sxsrf=APpeQnvbtuQyLYBS4RMtsK5oUCBb62wYvw%3A1785762396033&ei=XJJwavy_AZ3EkPIP5PSRgAU&biw=1530&bih=786&oq=livingroom+furniture&gs_lp=Ehlnd3Mtd2l6LW1vZGVsZXNzLXNob3BwaW5nIhRsaXZpbmdyb29tIGZ1cm5pdHVyZSoCCAAyCRAAGIAEGAoYCzIJEAAYgAQYChgLMgkQABiABBgKGAsyCRAAGIAEGAoYCzIJEAAYgAQYChgLMgkQABiABBgKGAsyCRAAGIAEGAoYCzIJEAAYgAQYChgLMgkQABiABBgKGAsyCRAAGIAEGAoYC0ibNVDKD1ijK3ADeAGQAQCYAXqgAYMJqgEEMC4xMLgBA8gBAPgBAZgCDaACggrCAgoQABhHGNYEGLADwgIFEAAYgATCAgYQABgHGB7CAgcQABiABBgNwgIKEAAYgAQYDRjWBcICCBAAGAcYHhgKmAMAiAYBkAYIkgcEMy4xMKAHjEqyBwQwLjEwuAffCcIHBTItNi43yAdigAgB&sclient=gws-wiz-modeless-shopping,Light & Living PETO console table 100x42x76,https://encrypted-tbn2.gstatic.com/shopping?q=tbn:ANd9GcQcXHXGOzuvGLsBEQssne4mnI9Hg7jZKI78QJ4xbzAsYu7AKw_j9ZHbIg2ht2eTLfIL417NFQBhmZGmt6qotuBL3ksw0uXVyqZKSPo_B8YgFuk8s5mC8xW7M6E,€356.00,Piek Home,17658091160792141738,4833274869142349220,4675962855126773967
https://www.google.com/search?q=living+room+furniture&sca_esv=d64b47f615dedb78&udm=28&gl=DE&sxsrf=APpeQnvbtuQyLYBS4RMtsK5oUCBb62wYvw%3A1785762396033&ei=XJJwavy_AZ3EkPIP5PSRgAU&biw=1530&bih=786&oq=livingroom+furniture&gs_lp=Ehlnd3Mtd2l6LW1vZGVsZXNzLXNob3BwaW5nIhRsaXZpbmdyb29tIGZ1cm5pdHVyZSoCCAAyCRAAGIAEGAoYCzIJEAAYgAQYChgLMgkQABiABBgKGAsyCRAAGIAEGAoYCzIJEAAYgAQYChgLMgkQABiABBgKGAsyCRAAGIAEGAoYCzIJEAAYgAQYChgLMgkQABiABBgKGAsyCRAAGIAEGAoYC0ibNVDKD1ijK3ADeAGQAQCYAXqgAYMJqgEEMC4xMLgBA8gBAPgBAZgCDaACggrCAgoQABhHGNYEGLADwgIFEAAYgATCAgYQABgHGB7CAgcQABiABBgNwgIKEAAYgAQYDRjWBcICCBAAGAcYHhgKmAMAiAYBkAYIkgcEMy4xMKAHjEqyBwQwLjEwuAffCcIHBTItNi43yAdigAgB&sclient=gws-wiz-modeless-shopping,Stefan Lounge Chair,https://encrypted-tbn0.gstatic.com/shopping?q=tbn:ANd9GcQGfgILjpc_OAWjtOXavcXyd8frA5ZZaKtx4YcF1xDndX3Aj9CgswDQQ6y8uQuO8EPthEKvHxBOQj6acfriSGLwZbCDewoscfNJ_ct7vdYS3_HRVKvo_l5UPw,"€1,332.80",Decovry.com,7133257083009481387,6710079723143081921,2040576057288469627
https://www.google.com/search?q=living+room+furniture&sca_esv=d64b47f615dedb78&udm=28&gl=DE&sxsrf=APpeQnvbtuQyLYBS4RMtsK5oUCBb62wYvw%3A1785762396033&ei=XJJwavy_AZ3EkPIP5PSRgAU&biw=1530&bih=786&oq=livingroom+furniture&gs_lp=Ehlnd3Mtd2l6LW1vZGVsZXNzLXNob3BwaW5nIhRsaXZpbmdyb29tIGZ1cm5pdHVyZSoCCAAyCRAAGIAEGAoYCzIJEAAYgAQYChgLMgkQABiABBgKGAsyCRAAGIAEGAoYCzIJEAAYgAQYChgLMgkQABiABBgKGAsyCRAAGIAEGAoYCzIJEAAYgAQYChgLMgkQABiABBgKGAsyCRAAGIAEGAoYC0ibNVDKD1ijK3ADeAGQAQCYAXqgAYMJqgEEMC4xMLgBA8gBAPgBAZgCDaACggrCAgoQABhHGNYEGLADwgIFEAAYgATCAgYQABgHGB7CAgcQABiABBgNwgIKEAAYgAQYDRjWBcICCBAAGAcYHhgKmAMAiAYBkAYIkgcEMy4xMKAHjEqyBwQwLjEwuAffCcIHBTItNi43yAdigAgB&sclient=gws-wiz-modeless-shopping,Montana Sofa,https://encrypted-tbn2.gstatic.com/shopping?q=tbn:ANd9GcTNzPknYbuvTsdiX8uDSRIL51vXB2pMWLp74gg7Btm5-WUADj_lH_LADwAfU5hK4CH2MxPURzZPgVJ9Uv1kxZFWgmTITUPv5HdtrwD1rhnJi2CQ2FQsS3CV,€666.24,nordic decoration,8411882604022771726,17304689819277781844,14209109404041722773
https://www.google.com/search?q=living+room+furniture&sca_esv=d64b47f615dedb78&udm=28&gl=DE&sxsrf=APpeQnvbtuQyLYBS4RMtsK5oUCBb62wYvw%3A1785762396033&ei=XJJwavy_AZ3EkPIP5PSRgAU&biw=1530&bih=786&oq=livingroom+furniture&gs_lp=Ehlnd3Mtd2l6LW1vZGVsZXNzLXNob3BwaW5nIhRsaXZpbmdyb29tIGZ1cm5pdHVyZSoCCAAyCRAAGIAEGAoYCzIJEAAYgAQYChgLMgkQABiABBgKGAsyCRAAGIAEGAoYCzIJEAAYgAQYChgLMgkQABiABBgKGAsyCRAAGIAEGAoYCzIJEAAYgAQYChgLMgkQABiABBgKGAsyCRAAGIAEGAoYC0ibNVDKD1ijK3ADeAGQAQCYAXqgAYMJqgEEMC4xMLgBA8gBAPgBAZgCDaACggrCAgoQABhHGNYEGLADwgIFEAAYgATCAgYQABgHGB7CAgcQABiABBgNwgIKEAAYgAQYDRjWBcICCBAAGAcYHhgKmAMAiAYBkAYIkgcEMy4xMKAHjEqyBwQwLjEwuAffCcIHBTItNi43yAdigAgB&sclient=gws-wiz-modeless-shopping,Montana Save legs Cabinet,https://encrypted-tbn3.gstatic.com/shopping?q=tbn:ANd9GcSaJJvWQ-cv5Klr5EwdDx16Z3oRGZn40Mdnok8xKFFzgGxMS2uqzLQbicxGTObNHk6n5ubyqCZETboEjbaY7vMPyFo4_O6raS5mF0hPl_1s3YWpI9j_gkSZ,"€2,266.00",NO GA,2289183238087633645,12688864103482269227,17801710488287087066
https://www.google.com/search?q=living+room+furniture&sca_esv=d64b47f615dedb78&udm=28&gl=DE&sxsrf=APpeQnvbtuQyLYBS4RMtsK5oUCBb62wYvw%3A1785762396033&ei=XJJwavy_AZ3EkPIP5PSRgAU&biw=1530&bih=786&oq=livingroom+furniture&gs_lp=Ehlnd3Mtd2l6LW1vZGVsZXNzLXNob3BwaW5nIhRsaXZpbmdyb29tIGZ1cm5pdHVyZSoCCAAyCRAAGIAEGAoYCzIJEAAYgAQYChgLMgkQABiABBgKGAsyCRAAGIAEGAoYCzIJEAAYgAQYChgLMgkQABiABBgKGAsyCRAAGIAEGAoYCzIJEAAYgAQYChgLMgkQABiABBgKGAsyCRAAGIAEGAoYC0ibNVDKD1ijK3ADeAGQAQCYAXqgAYMJqgEEMC4xMLgBA8gBAPgBAZgCDaACggrCAgoQABhHGNYEGLADwgIFEAAYgATCAgYQABgHGB7CAgcQABiABBgNwgIKEAAYgAQYDRjWBcICCBAAGAcYHhgKmAMAiAYBkAYIkgcEMy4xMKAHjEqyBwQwLjEwuAffCcIHBTItNi43yAdigAgB&sclient=gws-wiz-modeless-shopping,IKEA HYLTARP corner sofa,https://encrypted-tbn3.gstatic.com/shopping?q=tbn:ANd9GcTvWrRbhv2T1EXpsjpMnmjA6JnfKDv9njwPxsmghJQ8auQd0Z2mjTWo435q_UD17le2nwGL7ymS5kqga9skvLAsNXcp983dRrfAdnkNklPyFvFsBibrGKsYJA,"€1,399.00",IKEA Deutschland,12444467020171278368,7421014110168503124,12594681842920997676
https://www.google.com/search?q=living+room+furniture&sca_esv=d64b47f615dedb78&udm=28&gl=DE&sxsrf=APpeQnvbtuQyLYBS4RMtsK5oUCBb62wYvw%3A1785762396033&ei=XJJwavy_AZ3EkPIP5PSRgAU&biw=1530&bih=786&oq=livingroom+furniture&gs_lp=Ehlnd3Mtd2l6LW1vZGVsZXNzLXNob3BwaW5nIhRsaXZpbmdyb29tIGZ1cm5pdHVyZSoCCAAyCRAAGIAEGAoYCzIJEAAYgAQYChgLMgkQABiABBgKGAsyCRAAGIAEGAoYCzIJEAAYgAQYChgLMgkQABiABBgKGAsyCRAAGIAEGAoYCzIJEAAYgAQYChgLMgkQABiABBgKGAsyCRAAGIAEGAoYC0ibNVDKD1ijK3ADeAGQAQCYAXqgAYMJqgEEMC4xMLgBA8gBAPgBAZgCDaACggrCAgoQABhHGNYEGLADwgIFEAAYgATCAgYQABgHGB7CAgcQABiABBgNwgIKEAAYgAQYDRjWBcICCBAAGAcYHhgKmAMAiAYBkAYIkgcEMy4xMKAHjEqyBwQwLjEwuAffCcIHBTItNi43yAdigAgB&sclient=gws-wiz-modeless-shopping,Carl Hansen & Søn Bench Bm0489 with Hand-braided Seat Surface,https://encrypted-tbn0.gstatic.com/shopping?q=tbn:ANd9GcQWK7n7nOv6uMKxUPttqFe0Bw1fuYxj7sHVuGE-KGXWnSVPGVqn-F5f7JsvrkpeKdHPv6d9EzSkvaLwZZWa6MT4XLm-x4Iusaje2ADtY6nKQ811VOo9WL7QlMHB,"€1,376.00",Der neue Beckmann,1367400303239045228,16529488540781131059,3579735892494858589
https://www.google.com/search?q=living+room+furniture&sca_esv=d64b47f615dedb78&udm=28&gl=DE&sxsrf=APpeQnvbtuQyLYBS4RMtsK5oUCBb62wYvw%3A1785762396033&ei=XJJwavy_AZ3EkPIP5PSRgAU&biw=1530&bih=786&oq=livingroom+furniture&gs_lp=Ehlnd3Mtd2l6LW1vZGVsZXNzLXNob3BwaW5nIhRsaXZpbmdyb29tIGZ1cm5pdHVyZSoCCAAyCRAAGIAEGAoYCzIJEAAYgAQYChgLMgkQABiABBgKGAsyCRAAGIAEGAoYCzIJEAAYgAQYChgLMgkQABiABBgKGAsyCRAAGIAEGAoYCzIJEAAYgAQYChgLMgkQABiABBgKGAsyCRAAGIAEGAoYC0ibNVDKD1ijK3ADeAGQAQCYAXqgAYMJqgEEMC4xMLgBA8gBAPgBAZgCDaACggrCAgoQABhHGNYEGLADwgIFEAAYgATCAgYQABgHGB7CAgcQABiABBgNwgIKEAAYgAQYDRjWBcICCBAAGAcYHhgKmAMAiAYBkAYIkgcEMy4xMKAHjEqyBwQwLjEwuAffCcIHBTItNi43yAdigAgB&sclient=gws-wiz-modeless-shopping,Minita Sofa Nisu Home,https://encrypted-tbn0.gstatic.com/shopping?q=tbn:ANd9GcQ9qmcAG11FtHTY2tnJq2NYEEtUxNoh25J3cHAnQhWAQx-SUBgzeoYyhARR2gdzF4xRSJhZ3BL59j4bSN0OajWGz3HOnYmwaufabFRe5RHJngYKuq-7bSWf,"€1,988.95",Nisu Home,12681251593774960339,5213161585977360660,5175851737600376802
https://www.google.com/search?q=living+room+furniture&sca_esv=d64b47f615dedb78&udm=28&gl=DE&sxsrf=APpeQnvbtuQyLYBS4RMtsK5oUCBb62wYvw%3A1785762396033&ei=XJJwavy_AZ3EkPIP5PSRgAU&biw=1530&bih=786&oq=livingroom+furniture&gs_lp=Ehlnd3Mtd2l6LW1vZGVsZXNzLXNob3BwaW5nIhRsaXZpbmdyb29tIGZ1cm5pdHVyZSoCCAAyCRAAGIAEGAoYCzIJEAAYgAQYChgLMgkQABiABBgKGAsyCRAAGIAEGAoYCzIJEAAYgAQYChgLMgkQABiABBgKGAsyCRAAGIAEGAoYCzIJEAAYgAQYChgLMgkQABiABBgKGAsyCRAAGIAEGAoYC0ibNVDKD1ijK3ADeAGQAQCYAXqgAYMJqgEEMC4xMLgBA8gBAPgBAZgCDaACggrCAgoQABhHGNYEGLADwgIFEAAYgATCAgYQABgHGB7CAgcQABiABBgNwgIKEAAYgAQYDRjWBcICCBAAGAcYHhgKmAMAiAYBkAYIkgcEMy4xMKAHjEqyBwQwLjEwuAffCcIHBTItNi43yAdigAgB&sclient=gws-wiz-modeless-shopping,Modern Curvy Leather Sectional Sofa,https://encrypted-tbn1.gstatic.com/shopping?q=tbn:ANd9GcSuKee_zBcbq1pmAoz1TeXqiSqHNS2dAUODU3X3umofTF7QviU0HwODJPUzmQo1YIENwWJKPBjq-QRR-2ZQBN2tRhJl7E_iKkZWIsN1D61CCw3RxrNV9F1y,"€3,474.87",My Aashis,4361931216371069042,10226958520146862425,
https://www.google.com/search?q=living+room+furniture&sca_esv=d64b47f615dedb78&udm=28&gl=DE&sxsrf=APpeQnvbtuQyLYBS4RMtsK5oUCBb62wYvw%3A1785762396033&ei=XJJwavy_AZ3EkPIP5PSRgAU&biw=1530&bih=786&oq=livingroom+furniture&gs_lp=Ehlnd3Mtd2l6LW1vZGVsZXNzLXNob3BwaW5nIhRsaXZpbmdyb29tIGZ1cm5pdHVyZSoCCAAyCRAAGIAEGAoYCzIJEAAYgAQYChgLMgkQABiABBgKGAsyCRAAGIAEGAoYCzIJEAAYgAQYChgLMgkQABiABBgKGAsyCRAAGIAEGAoYCzIJEAAYgAQYChgLMgkQABiABBgKGAsyCRAAGIAEGAoYC0ibNVDKD1ijK3ADeAGQAQCYAXqgAYMJqgEEMC4xMLgBA8gBAPgBAZgCDaACggrCAgoQABhHGNYEGLADwgIFEAAYgATCAgYQABgHGB7CAgcQABiABBgNwgIKEAAYgAQYDRjWBcICCBAAGAcYHhgKmAMAiAYBkAYIkgcEMy4xMKAHjEqyBwQwLjEwuAffCcIHBTItNi43yAdigAgB&sclient=gws-wiz-modeless-shopping,Delilah Violet Two Seater Three Seater Four Seater Sofa,https://encrypted-tbn1.gstatic.com/shopping?q=tbn:ANd9GcQFkjgTMjQMw-qdi-tZidZjlOEoLyWsEuJ0YGRB807-X0LfxBB5kIh5a2gMAerrJPxdR__RfrnuFYjU8gMwl_zBexYkigYlR-IlyTNBN60,"€1,865.55",Rit Concept,9521175069605640403,18261751403761276641,3526303276187112502
https://www.google.com/search?q=living+room+furniture&sca_esv=d64b47f615dedb78&udm=28&gl=DE&sxsrf=APpeQnvbtuQyLYBS4RMtsK5oUCBb62wYvw%3A1785762396033&ei=XJJwavy_AZ3EkPIP5PSRgAU&biw=1530&bih=786&oq=livingroom+furniture&gs_lp=Ehlnd3Mtd2l6LW1vZGVsZXNzLXNob3BwaW5nIhRsaXZpbmdyb29tIGZ1cm5pdHVyZSoCCAAyCRAAGIAEGAoYCzIJEAAYgAQYChgLMgkQABiABBgKGAsyCRAAGIAEGAoYCzIJEAAYgAQYChgLMgkQABiABBgKGAsyCRAAGIAEGAoYCzIJEAAYgAQYChgLMgkQABiABBgKGAsyCRAAGIAEGAoYC0ibNVDKD1ijK3ADeAGQAQCYAXqgAYMJqgEEMC4xMLgBA8gBAPgBAZgCDaACggrCAgoQABhHGNYEGLADwgIFEAAYgATCAgYQABgHGB7CAgcQABiABBgNwgIKEAAYgAQYDRjWBcICCBAAGAcYHhgKmAMAiAYBkAYIkgcEMy4xMKAHjEqyBwQwLjEwuAffCcIHBTItNi43yAdigAgB&sclient=gws-wiz-modeless-shopping,Fabric Clean-Design High-Back corner sofa corner right sofa,https://encrypted-tbn3.gstatic.com/shopping?q=tbn:ANd9GcRnYo7D4lDcbWeAXI5LKd4agdcyXqZ9spCxvLjk800GBfSD9bxiy3uwA66jYMNaUDlKtzVIDMYq_jHz5-5D9AFQ9PSvlstRu2M3qq2NJEQxgo5n-DrH1IeZ,"€2,413.55",GVAwood,5340054310236876534,8307814844611397600,14726041049485204951
https://www.google.com/search?q=living+room+furniture&sca_esv=d64b47f615dedb78&udm=28&gl=DE&sxsrf=APpeQnvbtuQyLYBS4RMtsK5oUCBb62wYvw%3A1785762396033&ei=XJJwavy_AZ3EkPIP5PSRgAU&biw=1530&bih=786&oq=livingroom+furniture&gs_lp=Ehlnd3Mtd2l6LW1vZGVsZXNzLXNob3BwaW5nIhRsaXZpbmdyb29tIGZ1cm5pdHVyZSoCCAAyCRAAGIAEGAoYCzIJEAAYgAQYChgLMgkQABiABBgKGAsyCRAAGIAEGAoYCzIJEAAYgAQYChgLMgkQABiABBgKGAsyCRAAGIAEGAoYCzIJEAAYgAQYChgLMgkQABiABBgKGAsyCRAAGIAEGAoYC0ibNVDKD1ijK3ADeAGQAQCYAXqgAYMJqgEEMC4xMLgBA8gBAPgBAZgCDaACggrCAgoQABhHGNYEGLADwgIFEAAYgATCAgYQABgHGB7CAgcQABiABBgNwgIKEAAYgAQYDRjWBcICCBAAGAcYHhgKmAMAiAYBkAYIkgcEMy4xMKAHjEqyBwQwLjEwuAffCcIHBTItNi43yAdigAgB&sclient=gws-wiz-modeless-shopping,"vidaXL, Display cabinet + buffet cabinet, Rivka TV cabinet with 2 drawers +2x Highboard with 4 glass doors (39 x 39 x 30 cm)",https://encrypted-tbn0.gstatic.com/shopping?q=tbn:ANd9GcSb5zIpn0xO2zVONmCEo1QWa5mvUjfYVCM4NctuhkJm4Oe6d5kmSlXDGg6ME45evzrgVUgr0L6PkqACRnW_eqkK7pOLRnOgZWUXsHmTVOnCvX1VjeFKA-4u,€452.99,vidaXL.de,9319960641439330450,10137917884079588454,1035512035977874280
https://www.google.com/search?q=living+room+furniture&sca_esv=d64b47f615dedb78&udm=28&gl=DE&sxsrf=APpeQnvbtuQyLYBS4RMtsK5oUCBb62wYvw%3A1785762396033&ei=XJJwavy_AZ3EkPIP5PSRgAU&biw=1530&bih=786&oq=livingroom+furniture&gs_lp=Ehlnd3Mtd2l6LW1vZGVsZXNzLXNob3BwaW5nIhRsaXZpbmdyb29tIGZ1cm5pdHVyZSoCCAAyCRAAGIAEGAoYCzIJEAAYgAQYChgLMgkQABiABBgKGAsyCRAAGIAEGAoYCzIJEAAYgAQYChgLMgkQABiABBgKGAsyCRAAGIAEGAoYCzIJEAAYgAQYChgLMgkQABiABBgKGAsyCRAAGIAEGAoYC0ibNVDKD1ijK3ADeAGQAQCYAXqgAYMJqgEEMC4xMLgBA8gBAPgBAZgCDaACggrCAgoQABhHGNYEGLADwgIFEAAYgATCAgYQABgHGB7CAgcQABiABBgNwgIKEAAYgAQYDRjWBcICCBAAGAcYHhgKmAMAiAYBkAYIkgcEMy4xMKAHjEqyBwQwLjEwuAffCcIHBTItNi43yAdigAgB&sclient=gws-wiz-modeless-shopping,IKEA KJUGE pouffe with storage,https://encrypted-tbn0.gstatic.com/shopping?q=tbn:ANd9GcQeQCDLFKOC-mF96WCOccNEdU0i_fl8MxN4vxmTQTVqgjl5fVvJV6pSijcEYKShFkhYstd0fbTfFoIbwZJSzlH-OsqqxluAXrbtVm5GT43pKvfTx6DSIILwoA,€9.50,IKEA Deutschland,862633859132405116,16249410069147711,8033206565391506006
https://www.google.com/search?q=living+room+furniture&sca_esv=d64b47f615dedb78&udm=28&gl=DE&sxsrf=APpeQnvbtuQyLYBS4RMtsK5oUCBb62wYvw%3A1785762396033&ei=XJJwavy_AZ3EkPIP5PSRgAU&biw=1530&bih=786&oq=livingroom+furniture&gs_lp=Ehlnd3Mtd2l6LW1vZGVsZXNzLXNob3BwaW5nIhRsaXZpbmdyb29tIGZ1cm5pdHVyZSoCCAAyCRAAGIAEGAoYCzIJEAAYgAQYChgLMgkQABiABBgKGAsyCRAAGIAEGAoYCzIJEAAYgAQYChgLMgkQABiABBgKGAsyCRAAGIAEGAoYCzIJEAAYgAQYChgLMgkQABiABBgKGAsyCRAAGIAEGAoYC0ibNVDKD1ijK3ADeAGQAQCYAXqgAYMJqgEEMC4xMLgBA8gBAPgBAZgCDaACggrCAgoQABhHGNYEGLADwgIFEAAYgATCAgYQABgHGB7CAgcQABiABBgNwgIKEAAYgAQYDRjWBcICCBAAGAcYHhgKmAMAiAYBkAYIkgcEMy4xMKAHjEqyBwQwLjEwuAffCcIHBTItNi43yAdigAgB&sclient=gws-wiz-modeless-shopping,Muuto Chaiselongue Outline,https://encrypted-tbn2.gstatic.com/shopping?q=tbn:ANd9GcQeWheqQRolofwyZgoq_RreOELz0BaaUAfmj6kgMEiyrU-LyjfLKaLosokQXimPTwwq-tx5XvUcArhjTZT-9oEaHzsurec3zxs-ghAFot_7u6rOLQsa1sCeSA,"€5,649.00",NO GA,5834653402388365480,13074161954650434523,6570313636720021944
https://www.google.com/search?q=living+room+furniture&sca_esv=d64b47f615dedb78&udm=28&gl=DE&sxsrf=APpeQnvbtuQyLYBS4RMtsK5oUCBb62wYvw%3A1785762396033&ei=XJJwavy_AZ3EkPIP5PSRgAU&biw=1530&bih=786&oq=livingroom+furniture&gs_lp=Ehlnd3Mtd2l6LW1vZGVsZXNzLXNob3BwaW5nIhRsaXZpbmdyb29tIGZ1cm5pdHVyZSoCCAAyCRAAGIAEGAoYCzIJEAAYgAQYChgLMgkQABiABBgKGAsyCRAAGIAEGAoYCzIJEAAYgAQYChgLMgkQABiABBgKGAsyCRAAGIAEGAoYCzIJEAAYgAQYChgLMgkQABiABBgKGAsyCRAAGIAEGAoYC0ibNVDKD1ijK3ADeAGQAQCYAXqgAYMJqgEEMC4xMLgBA8gBAPgBAZgCDaACggrCAgoQABhHGNYEGLADwgIFEAAYgATCAgYQABgHGB7CAgcQABiABBgNwgIKEAAYgAQYDRjWBcICCBAAGAcYHhgKmAMAiAYBkAYIkgcEMy4xMKAHjEqyBwQwLjEwuAffCcIHBTItNi43yAdigAgB&sclient=gws-wiz-modeless-shopping,Fero Extendable TV Stand with 3 Drawers,https://encrypted-tbn0.gstatic.com/shopping?q=tbn:ANd9GcS3-03jZqaH-Iy3wk_sejX2XQWO0w_4e-35QOKhzPkwajGIAhf1E4yTV2CWZux5KvPjCH_gveJwEa7OxaFlFLkRIbfp_NOmPHgWsVSHEHTV,€399.99,Homary.com,11563404369890834445,13486413777899842664,1467044518411084380
https://www.google.com/search?q=living+room+furniture&sca_esv=d64b47f615dedb78&udm=28&gl=DE&sxsrf=APpeQnvbtuQyLYBS4RMtsK5oUCBb62wYvw%3A1785762396033&ei=XJJwavy_AZ3EkPIP5PSRgAU&biw=1530&bih=786&oq=livingroom+furniture&gs_lp=Ehlnd3Mtd2l6LW1vZGVsZXNzLXNob3BwaW5nIhRsaXZpbmdyb29tIGZ1cm5pdHVyZSoCCAAyCRAAGIAEGAoYCzIJEAAYgAQYChgLMgkQABiABBgKGAsyCRAAGIAEGAoYCzIJEAAYgAQYChgLMgkQABiABBgKGAsyCRAAGIAEGAoYCzIJEAAYgAQYChgLMgkQABiABBgKGAsyCRAAGIAEGAoYC0ibNVDKD1ijK3ADeAGQAQCYAXqgAYMJqgEEMC4xMLgBA8gBAPgBAZgCDaACggrCAgoQABhHGNYEGLADwgIFEAAYgATCAgYQABgHGB7CAgcQABiABBgNwgIKEAAYgAQYDRjWBcICCBAAGAcYHhgKmAMAiAYBkAYIkgcEMy4xMKAHjEqyBwQwLjEwuAffCcIHBTItNi43yAdigAgB&sclient=gws-wiz-modeless-shopping,Leather Power Recliner LED Sectional Sofa: Ultimate Comfort,https://encrypted-tbn2.gstatic.com/shopping?q=tbn:ANd9GcTWShGI7G7o_vppo0AReczturJV9_l79YYkN67QtShKIvyHu2Idke0DjK5j47ZL5O32HMquuFaL_14GEH9-D9p_0KwCzKM5P3FOOrCfUzPs,"€3,546.95",Ruchi Collection,5180458341742020176,,
https://www.google.com/search?q=living+room+furniture&sca_esv=d64b47f615dedb78&udm=28&gl=DE&sxsrf=APpeQnvbtuQyLYBS4RMtsK5oUCBb62wYvw%3A1785762396033&ei=XJJwavy_AZ3EkPIP5PSRgAU&biw=1530&bih=786&oq=livingroom+furniture&gs_lp=Ehlnd3Mtd2l6LW1vZGVsZXNzLXNob3BwaW5nIhRsaXZpbmdyb29tIGZ1cm5pdHVyZSoCCAAyCRAAGIAEGAoYCzIJEAAYgAQYChgLMgkQABiABBgKGAsyCRAAGIAEGAoYCzIJEAAYgAQYChgLMgkQABiABBgKGAsyCRAAGIAEGAoYCzIJEAAYgAQYChgLMgkQABiABBgKGAsyCRAAGIAEGAoYC0ibNVDKD1ijK3ADeAGQAQCYAXqgAYMJqgEEMC4xMLgBA8gBAPgBAZgCDaACggrCAgoQABhHGNYEGLADwgIFEAAYgATCAgYQABgHGB7CAgcQABiABBgNwgIKEAAYgAQYDRjWBcICCBAAGAcYHhgKmAMAiAYBkAYIkgcEMy4xMKAHjEqyBwQwLjEwuAffCcIHBTItNi43yAdigAgB&sclient=gws-wiz-modeless-shopping,Jive sectional sofa by Furninova - 56 category leather - Curved end part-Module L/R,https://encrypted-tbn2.gstatic.com/shopping?q=tbn:ANd9GcSZV8FYFoD0BTtWrCYQ__t6GiA3XDIxszGBC0ouxVK1E9EDy5bFbZ5v4861NIACA4g5I8Kwla4y1x_vwf88mgW0dmj5KiVXrfIxxB1aD7qll7LJ4zUGvmhU4g,"€3,795.00",Alarus Interiors,18365280096986618292,,
https://www.google.com/search?q=living+room+furniture&sca_esv=d64b47f615dedb78&udm=28&gl=DE&sxsrf=APpeQnvbtuQyLYBS4RMtsK5oUCBb62wYvw%3A1785762396033&ei=XJJwavy_AZ3EkPIP5PSRgAU&biw=1530&bih=786&oq=livingroom+furniture&gs_lp=Ehlnd3Mtd2l6LW1vZGVsZXNzLXNob3BwaW5nIhRsaXZpbmdyb29tIGZ1cm5pdHVyZSoCCAAyCRAAGIAEGAoYCzIJEAAYgAQYChgLMgkQABiABBgKGAsyCRAAGIAEGAoYCzIJEAAYgAQYChgLMgkQABiABBgKGAsyCRAAGIAEGAoYCzIJEAAYgAQYChgLMgkQABiABBgKGAsyCRAAGIAEGAoYC0ibNVDKD1ijK3ADeAGQAQCYAXqgAYMJqgEEMC4xMLgBA8gBAPgBAZgCDaACggrCAgoQABhHGNYEGLADwgIFEAAYgATCAgYQABgHGB7CAgcQABiABBgNwgIKEAAYgAQYDRjWBcICCBAAGAcYHhgKmAMAiAYBkAYIkgcEMy4xMKAHjEqyBwQwLjEwuAffCcIHBTItNi43yAdigAgB&sclient=gws-wiz-modeless-shopping,&Tradition - Develius Mellow Sofa,https://encrypted-tbn1.gstatic.com/shopping?q=tbn:ANd9GcSzwNrJesxjK8mggPON7xIsrypNMtEor2JHYEPVIGQJ-tbvjheEhZY6Lk1jbd61fWDcqAsHLeQzhqYwhafg14xx9f60BFqBO1M_vCwxeVUbNYtUppXTMcIwvqQ,"€4,658.00",NUG Nordic Urban,2622563695031374330,,
https://www.google.com/search?q=living+room+furniture&sca_esv=d64b47f615dedb78&udm=28&gl=DE&sxsrf=APpeQnvbtuQyLYBS4RMtsK5oUCBb62wYvw%3A1785762396033&ei=XJJwavy_AZ3EkPIP5PSRgAU&biw=1530&bih=786&oq=livingroom+furniture&gs_lp=Ehlnd3Mtd2l6LW1vZGVsZXNzLXNob3BwaW5nIhRsaXZpbmdyb29tIGZ1cm5pdHVyZSoCCAAyCRAAGIAEGAoYCzIJEAAYgAQYChgLMgkQABiABBgKGAsyCRAAGIAEGAoYCzIJEAAYgAQYChgLMgkQABiABBgKGAsyCRAAGIAEGAoYCzIJEAAYgAQYChgLMgkQABiABBgKGAsyCRAAGIAEGAoYC0ibNVDKD1ijK3ADeAGQAQCYAXqgAYMJqgEEMC4xMLgBA8gBAPgBAZgCDaACggrCAgoQABhHGNYEGLADwgIFEAAYgATCAgYQABgHGB7CAgcQABiABBgNwgIKEAAYgAQYDRjWBcICCBAAGAcYHhgKmAMAiAYBkAYIkgcEMy4xMKAHjEqyBwQwLjEwuAffCcIHBTItNi43yAdigAgB&sclient=gws-wiz-modeless-shopping,Classic Style Sectional Leather,https://encrypted-tbn1.gstatic.com/shopping?q=tbn:ANd9GcTw00-RaKHmrqYafUNbxB6kyskccf_WCkWg87OUZlb5uEkNqlRVpqr-qCzvAkRYxlVEpO4hqUZorBTy_ghKAw5ovPzVuz7bU-L0SvcZgFJg,"€3,736.42",My Aashis,7826683064652854502,4655719726880009450,15766932758120203492
https://www.google.com/search?q=living+room+furniture&sca_esv=d64b47f615dedb78&udm=28&gl=DE&sxsrf=APpeQnvbtuQyLYBS4RMtsK5oUCBb62wYvw%3A1785762396033&ei=XJJwavy_AZ3EkPIP5PSRgAU&biw=1530&bih=786&oq=livingroom+furniture&gs_lp=Ehlnd3Mtd2l6LW1vZGVsZXNzLXNob3BwaW5nIhRsaXZpbmdyb29tIGZ1cm5pdHVyZSoCCAAyCRAAGIAEGAoYCzIJEAAYgAQYChgLMgkQABiABBgKGAsyCRAAGIAEGAoYCzIJEAAYgAQYChgLMgkQABiABBgKGAsyCRAAGIAEGAoYCzIJEAAYgAQYChgLMgkQABiABBgKGAsyCRAAGIAEGAoYC0ibNVDKD1ijK3ADeAGQAQCYAXqgAYMJqgEEMC4xMLgBA8gBAPgBAZgCDaACggrCAgoQABhHGNYEGLADwgIFEAAYgATCAgYQABgHGB7CAgcQABiABBgNwgIKEAAYgAQYDRjWBcICCBAAGAcYHhgKmAMAiAYBkAYIkgcEMy4xMKAHjEqyBwQwLjEwuAffCcIHBTItNi43yAdigAgB&sclient=gws-wiz-modeless-shopping,Solid Wood Round Nesting Coffee Table,https://encrypted-tbn1.gstatic.com/shopping?q=tbn:ANd9GcSB6GCphCgiW0URJRrLsqoa1thg2xxu4SRqjQ7JskkC0U8ECBb1mFCQ0EWHhdxrsUc7A6DmtJo5563DbHzh05zLO3FB61FM0J_gIW3o36Y,€171.95,Furnirem,12292729757267737227,8297474448547285608,1926829248335778012
https://www.google.com/search?q=living+room+furniture&sca_esv=d64b47f615dedb78&udm=28&gl=DE&sxsrf=APpeQnvbtuQyLYBS4RMtsK5oUCBb62wYvw%3A1785762396033&ei=XJJwavy_AZ3EkPIP5PSRgAU&biw=1530&bih=786&oq=livingroom+furniture&gs_lp=Ehlnd3Mtd2l6LW1vZGVsZXNzLXNob3BwaW5nIhRsaXZpbmdyb29tIGZ1cm5pdHVyZSoCCAAyCRAAGIAEGAoYCzIJEAAYgAQYChgLMgkQABiABBgKGAsyCRAAGIAEGAoYCzIJEAAYgAQYChgLMgkQABiABBgKGAsyCRAAGIAEGAoYCzIJEAAYgAQYChgLMgkQABiABBgKGAsyCRAAGIAEGAoYC0ibNVDKD1ijK3ADeAGQAQCYAXqgAYMJqgEEMC4xMLgBA8gBAPgBAZgCDaACggrCAgoQABhHGNYEGLADwgIFEAAYgATCAgYQABgHGB7CAgcQABiABBgNwgIKEAAYgAQYDRjWBcICCBAAGAcYHhgKmAMAiAYBkAYIkgcEMy4xMKAHjEqyBwQwLjEwuAffCcIHBTItNi43yAdigAgB&sclient=gws-wiz-modeless-shopping,String Living room E,https://encrypted-tbn3.gstatic.com/shopping?q=tbn:ANd9GcTRocxqIMmQNfHLANQrhJLUmhafmBSA4LLSMRq05WioNgowrWTZsEsSpTlRiacgn-O_1oOvDfiUVc1tFXaLBC6f-koX3wtoLLCVn8xiE7qw1Hu1YoysFb19QA,"€1,669.00",NO GA,162097626494590029,1469280802066049428,11705059647483314791
https://www.google.com/search?q=living+room+furniture&sca_esv=d64b47f615dedb78&udm=28&gl=DE&sxsrf=APpeQnvbtuQyLYBS4RMtsK5oUCBb62wYvw%3A1785762396033&ei=XJJwavy_AZ3EkPIP5PSRgAU&biw=1530&bih=786&oq=livingroom+furniture&gs_lp=Ehlnd3Mtd2l6LW1vZGVsZXNzLXNob3BwaW5nIhRsaXZpbmdyb29tIGZ1cm5pdHVyZSoCCAAyCRAAGIAEGAoYCzIJEAAYgAQYChgLMgkQABiABBgKGAsyCRAAGIAEGAoYCzIJEAAYgAQYChgLMgkQABiABBgKGAsyCRAAGIAEGAoYCzIJEAAYgAQYChgLMgkQABiABBgKGAsyCRAAGIAEGAoYC0ibNVDKD1ijK3ADeAGQAQCYAXqgAYMJqgEEMC4xMLgBA8gBAPgBAZgCDaACggrCAgoQABhHGNYEGLADwgIFEAAYgATCAgYQABgHGB7CAgcQABiABBgNwgIKEAAYgAQYDRjWBcICCBAAGAcYHhgKmAMAiAYBkAYIkgcEMy4xMKAHjEqyBwQwLjEwuAffCcIHBTItNi43yAdigAgB&sclient=gws-wiz-modeless-shopping,IKEA BESTÅ TV storage combination/glass doors black-brown/Selsviken high-gloss/black clear glass,https://encrypted-tbn3.gstatic.com/shopping?q=tbn:ANd9GcRgLiVgJ0e0RuNVtNRrKbP_Mcl7CzhCDuOl_55nJ83AKWEJRrdqutKiViWEOy6q4lor8YijEEH1uDffue1JAdIYCL8PYWYc1anPxtUXwwY9nQVuHLM26SFZ,€911.00,IKEA Deutschland,14013204229751157833,10059328880966170088,4388704450298054163
https://www.google.com/search?q=living+room+furniture&sca_esv=d64b47f615dedb78&udm=28&gl=DE&sxsrf=APpeQnvbtuQyLYBS4RMtsK5oUCBb62wYvw%3A1785762396033&ei=XJJwavy_AZ3EkPIP5PSRgAU&biw=1530&bih=786&oq=livingroom+furniture&gs_lp=Ehlnd3Mtd2l6LW1vZGVsZXNzLXNob3BwaW5nIhRsaXZpbmdyb29tIGZ1cm5pdHVyZSoCCAAyCRAAGIAEGAoYCzIJEAAYgAQYChgLMgkQABiABBgKGAsyCRAAGIAEGAoYCzIJEAAYgAQYChgLMgkQABiABBgKGAsyCRAAGIAEGAoYCzIJEAAYgAQYChgLMgkQABiABBgKGAsyCRAAGIAEGAoYC0ibNVDKD1ijK3ADeAGQAQCYAXqgAYMJqgEEMC4xMLgBA8gBAPgBAZgCDaACggrCAgoQABhHGNYEGLADwgIFEAAYgATCAgYQABgHGB7CAgcQABiABBgNwgIKEAAYgAQYDRjWBcICCBAAGAcYHhgKmAMAiAYBkAYIkgcEMy4xMKAHjEqyBwQwLjEwuAffCcIHBTItNi43yAdigAgB&sclient=gws-wiz-modeless-shopping,LOFT Ecksofa 3,https://encrypted-tbn0.gstatic.com/shopping?q=tbn:ANd9GcTJ61uiotFcZFpJ6k2JXm7gv-JAmb0oDNu-0_VAHB_yLa3fjyTBYeYdCsJ6GNIs37ZT5wFUhmOwKJT5TMxmlQK4XmSmb9YfPZ5ve1X92LgE,"€1,532.01",Strade Furniture DE,14817424412571531922,13143646766911427374,15693708233597858760
https://www.google.com/search?q=living+room+furniture&sca_esv=d64b47f615dedb78&udm=28&gl=DE&sxsrf=APpeQnvbtuQyLYBS4RMtsK5oUCBb62wYvw%3A1785762396033&ei=XJJwavy_AZ3EkPIP5PSRgAU&biw=1530&bih=786&oq=livingroom+furniture&gs_lp=Ehlnd3Mtd2l6LW1vZGVsZXNzLXNob3BwaW5nIhRsaXZpbmdyb29tIGZ1cm5pdHVyZSoCCAAyCRAAGIAEGAoYCzIJEAAYgAQYChgLMgkQABiABBgKGAsyCRAAGIAEGAoYCzIJEAAYgAQYChgLMgkQABiABBgKGAsyCRAAGIAEGAoYCzIJEAAYgAQYChgLMgkQABiABBgKGAsyCRAAGIAEGAoYC0ibNVDKD1ijK3ADeAGQAQCYAXqgAYMJqgEEMC4xMLgBA8gBAPgBAZgCDaACggrCAgoQABhHGNYEGLADwgIFEAAYgATCAgYQABgHGB7CAgcQABiABBgNwgIKEAAYgAQYDRjWBcICCBAAGAcYHhgKmAMAiAYBkAYIkgcEMy4xMKAHjEqyBwQwLjEwuAffCcIHBTItNi43yAdigAgB&sclient=gws-wiz-modeless-shopping,Romeo Italian Living Room,https://encrypted-tbn2.gstatic.com/shopping?q=tbn:ANd9GcSOztxptCM9Z8MD7cNFeLn6fJBZ9o5W6BcDY3L6TMiLWu1xvDCH_I6W3BNFQ5_GDXl92ijsEe8FmFwNfpeuv67sGz3jH3_8Mvh2xJpiBN6r,"€11,726.27",frenchfurnitureorlando.com,10073851696949392094,10510366210245954249,3846832541032515906
https://www.google.com/search?q=living+room+furniture&sca_esv=d64b47f615dedb78&udm=28&gl=DE&sxsrf=APpeQnvbtuQyLYBS4RMtsK5oUCBb62wYvw%3A1785762396033&ei=XJJwavy_AZ3EkPIP5PSRgAU&biw=1530&bih=786&oq=livingroom+furniture&gs_lp=Ehlnd3Mtd2l6LW1vZGVsZXNzLXNob3BwaW5nIhRsaXZpbmdyb29tIGZ1cm5pdHVyZSoCCAAyCRAAGIAEGAoYCzIJEAAYgAQYChgLMgkQABiABBgKGAsyCRAAGIAEGAoYCzIJEAAYgAQYChgLMgkQABiABBgKGAsyCRAAGIAEGAoYCzIJEAAYgAQYChgLMgkQABiABBgKGAsyCRAAGIAEGAoYC0ibNVDKD1ijK3ADeAGQAQCYAXqgAYMJqgEEMC4xMLgBA8gBAPgBAZgCDaACggrCAgoQABhHGNYEGLADwgIFEAAYgATCAgYQABgHGB7CAgcQABiABBgNwgIKEAAYgAQYDRjWBcICCBAAGAcYHhgKmAMAiAYBkAYIkgcEMy4xMKAHjEqyBwQwLjEwuAffCcIHBTItNi43yAdigAgB&sclient=gws-wiz-modeless-shopping,"Kokon Club, Varier Furniture, Armchair",https://encrypted-tbn2.gstatic.com/shopping?q=tbn:ANd9GcSNsO0rvz_yOCs0ugFr3rceEKJa2Dl9P62Pz_nwukrKC3it2L5y_oAp3bfxe4vnGp6kuvZmCd7zE3kPIQpvRaTacQvQkC0oWB3ImzooWvtlfCyCpHSUu5ny,"€3,199.00",Varier Furniture,4773737093585153448,18232865785278681914,3793044018811903318
https://www.google.com/search?q=living+room+furniture&sca_esv=d64b47f615dedb78&udm=28&gl=DE&sxsrf=APpeQnvbtuQyLYBS4RMtsK5oUCBb62wYvw%3A1785762396033&ei=XJJwavy_AZ3EkPIP5PSRgAU&biw=1530&bih=786&oq=livingroom+furniture&gs_lp=Ehlnd3Mtd2l6LW1vZGVsZXNzLXNob3BwaW5nIhRsaXZpbmdyb29tIGZ1cm5pdHVyZSoCCAAyCRAAGIAEGAoYCzIJEAAYgAQYChgLMgkQABiABBgKGAsyCRAAGIAEGAoYCzIJEAAYgAQYChgLMgkQABiABBgKGAsyCRAAGIAEGAoYCzIJEAAYgAQYChgLMgkQABiABBgKGAsyCRAAGIAEGAoYC0ibNVDKD1ijK3ADeAGQAQCYAXqgAYMJqgEEMC4xMLgBA8gBAPgBAZgCDaACggrCAgoQABhHGNYEGLADwgIFEAAYgATCAgYQABgHGB7CAgcQABiABBgNwgIKEAAYgAQYDRjWBcICCBAAGAcYHhgKmAMAiAYBkAYIkgcEMy4xMKAHjEqyBwQwLjEwuAffCcIHBTItNi43yAdigAgB&sclient=gws-wiz-modeless-shopping,CACTUS VIBES 3-Door Sideboard in Grey Finish Without legs,https://encrypted-tbn2.gstatic.com/shopping?q=tbn:ANd9GcSG51X9DhXiXTUnMcb7pWko3zLiFw6skvHksr4PLXSRAtUpzbJKtkT9PUZJBxGG0AO9K9Xtmdf1tWPcgn4YJYkB73RG9UO2HdYIOKMxuXfFIBvt5lLQTGBMyQ,€367.20,spacerebels.it,10800636413642547447,,
https://www.google.com/search?q=living+room+furniture&sca_esv=d64b47f615dedb78&udm=28&gl=DE&sxsrf=APpeQnvbtuQyLYBS4RMtsK5oUCBb62wYvw%3A1785762396033&ei=XJJwavy_AZ3EkPIP5PSRgAU&biw=1530&bih=786&oq=livingroom+furniture&gs_lp=Ehlnd3Mtd2l6LW1vZGVsZXNzLXNob3BwaW5nIhRsaXZpbmdyb29tIGZ1cm5pdHVyZSoCCAAyCRAAGIAEGAoYCzIJEAAYgAQYChgLMgkQABiABBgKGAsyCRAAGIAEGAoYCzIJEAAYgAQYChgLMgkQABiABBgKGAsyCRAAGIAEGAoYCzIJEAAYgAQYChgLMgkQABiABBgKGAsyCRAAGIAEGAoYC0ibNVDKD1ijK3ADeAGQAQCYAXqgAYMJqgEEMC4xMLgBA8gBAPgBAZgCDaACggrCAgoQABhHGNYEGLADwgIFEAAYgATCAgYQABgHGB7CAgcQABiABBgNwgIKEAAYgAQYDRjWBcICCBAAGAcYHhgKmAMAiAYBkAYIkgcEMy4xMKAHjEqyBwQwLjEwuAffCcIHBTItNi43yAdigAgB&sclient=gws-wiz-modeless-shopping,KINOS floor lounger,https://encrypted-tbn1.gstatic.com/shopping?q=tbn:ANd9GcSIIK9XL6MYUjPLod-6shOnAkyrPxrVJcrHYQpdqky8IUqR8NshkoP9nuPSQNdKPgJ80aPyiWq-lcD-FYk6QgU9TOdh_3tIfZ7QqbIWu8ZX,€399.00,FitWood of Scandinavia,512160552339801951,1928850870651171849,9823108158762899291
https://www.google.com/search?q=living+room+furniture&sca_esv=d64b47f615dedb78&udm=28&gl=DE&sxsrf=APpeQnvbtuQyLYBS4RMtsK5oUCBb62wYvw%3A1785762396033&ei=XJJwavy_AZ3EkPIP5PSRgAU&biw=1530&bih=786&oq=livingroom+furniture&gs_lp=Ehlnd3Mtd2l6LW1vZGVsZXNzLXNob3BwaW5nIhRsaXZpbmdyb29tIGZ1cm5pdHVyZSoCCAAyCRAAGIAEGAoYCzIJEAAYgAQYChgLMgkQABiABBgKGAsyCRAAGIAEGAoYCzIJEAAYgAQYChgLMgkQABiABBgKGAsyCRAAGIAEGAoYCzIJEAAYgAQYChgLMgkQABiABBgKGAsyCRAAGIAEGAoYC0ibNVDKD1ijK3ADeAGQAQCYAXqgAYMJqgEEMC4xMLgBA8gBAPgBAZgCDaACggrCAgoQABhHGNYEGLADwgIFEAAYgATCAgYQABgHGB7CAgcQABiABBgNwgIKEAAYgAQYDRjWBcICCBAAGAcYHhgKmAMAiAYBkAYIkgcEMy4xMKAHjEqyBwQwLjEwuAffCcIHBTItNi43yAdigAgB&sclient=gws-wiz-modeless-shopping,Vitra - Eames Lounge Chair Natural Walnut Leather Natural Chocolate 68 Polished Aluminium/Deep Black - Lounge Chairs - Charles & Ray Eames - Leather/,https://encrypted-tbn1.gstatic.com/shopping?q=tbn:ANd9GcTOwPEXZJUhPISxoxr7OL_KztFwsNRX9SZic8-kvrzgM3hboXzVU7AcHqZQNWgGYXNUegYBNmUFnwa3LYd5_SIV-ARPuYHPv52U7wTkCr-xzwXtx8xRLQlpMA,"€8,490.00",NO GA,13107927456356953252,,
https://www.google.com/search?q=living+room+furniture&sca_esv=d64b47f615dedb78&udm=28&gl=DE&sxsrf=APpeQnvbtuQyLYBS4RMtsK5oUCBb62wYvw%3A1785762396033&ei=XJJwavy_AZ3EkPIP5PSRgAU&biw=1530&bih=786&oq=livingroom+furniture&gs_lp=Ehlnd3Mtd2l6LW1vZGVsZXNzLXNob3BwaW5nIhRsaXZpbmdyb29tIGZ1cm5pdHVyZSoCCAAyCRAAGIAEGAoYCzIJEAAYgAQYChgLMgkQABiABBgKGAsyCRAAGIAEGAoYCzIJEAAYgAQYChgLMgkQABiABBgKGAsyCRAAGIAEGAoYCzIJEAAYgAQYChgLMgkQABiABBgKGAsyCRAAGIAEGAoYC0ibNVDKD1ijK3ADeAGQAQCYAXqgAYMJqgEEMC4xMLgBA8gBAPgBAZgCDaACggrCAgoQABhHGNYEGLADwgIFEAAYgATCAgYQABgHGB7CAgcQABiABBgNwgIKEAAYgAQYDRjWBcICCBAAGAcYHhgKmAMAiAYBkAYIkgcEMy4xMKAHjEqyBwQwLjEwuAffCcIHBTItNi43yAdigAgB&sclient=gws-wiz-modeless-shopping,Unique Ultra Modern Design Sectional Fabric Sofa Featuring LED,https://encrypted-tbn2.gstatic.com/shopping?q=tbn:ANd9GcRX4ILoKSNMu0YTJC6VzlazVqMUJEjDf_h4fN931E6RnbWLkwCE4xqYM_B9MOUP8a3duF9Z5HDEmjwo97_8Ds3whjGpWGu8tAIQBSFjjAU,"€2,954.38",My Aashis,15034249746531513874,7321398317612968097,18429924606882986960
https://www.google.com/search?q=living+room+furniture&sca_esv=d64b47f615dedb78&udm=28&gl=DE&sxsrf=APpeQnvbtuQyLYBS4RMtsK5oUCBb62wYvw%3A1785762396033&ei=XJJwavy_AZ3EkPIP5PSRgAU&biw=1530&bih=786&oq=livingroom+furniture&gs_lp=Ehlnd3Mtd2l6LW1vZGVsZXNzLXNob3BwaW5nIhRsaXZpbmdyb29tIGZ1cm5pdHVyZSoCCAAyCRAAGIAEGAoYCzIJEAAYgAQYChgLMgkQABiABBgKGAsyCRAAGIAEGAoYCzIJEAAYgAQYChgLMgkQABiABBgKGAsyCRAAGIAEGAoYCzIJEAAYgAQYChgLMgkQABiABBgKGAsyCRAAGIAEGAoYC0ibNVDKD1ijK3ADeAGQAQCYAXqgAYMJqgEEMC4xMLgBA8gBAPgBAZgCDaACggrCAgoQABhHGNYEGLADwgIFEAAYgATCAgYQABgHGB7CAgcQABiABBgNwgIKEAAYgAQYDRjWBcICCBAAGAcYHhgKmAMAiAYBkAYIkgcEMy4xMKAHjEqyBwQwLjEwuAffCcIHBTItNi43yAdigAgB&sclient=gws-wiz-modeless-shopping,"IKEA UPPÅKRA u-shaped sofa 4,5-seat",https://encrypted-tbn0.gstatic.com/shopping?q=tbn:ANd9GcTriDRbh1rZduRF0NTVywj_5yjs6oVXUVy8zaJOLqAWPDa3-mQmy6zpS0SnzmNpTRAC0V5bJP_FUWapIj6pLX9TTpGz9Lilrzm6_KsS4jnFymhC08tzR5mE,"€2,389.00",IKEA Deutschland,7496282690280145339,3577852422772597977,16724641866472992767
https://www.google.com/search?q=living+room+furniture&sca_esv=d64b47f615dedb78&udm=28&gl=DE&sxsrf=APpeQnvbtuQyLYBS4RMtsK5oUCBb62wYvw%3A1785762396033&ei=XJJwavy_AZ3EkPIP5PSRgAU&biw=1530&bih=786&oq=livingroom+furniture&gs_lp=Ehlnd3Mtd2l6LW1vZGVsZXNzLXNob3BwaW5nIhRsaXZpbmdyb29tIGZ1cm5pdHVyZSoCCAAyCRAAGIAEGAoYCzIJEAAYgAQYChgLMgkQABiABBgKGAsyCRAAGIAEGAoYCzIJEAAYgAQYChgLMgkQABiABBgKGAsyCRAAGIAEGAoYCzIJEAAYgAQYChgLMgkQABiABBgKGAsyCRAAGIAEGAoYC0ibNVDKD1ijK3ADeAGQAQCYAXqgAYMJqgEEMC4xMLgBA8gBAPgBAZgCDaACggrCAgoQABhHGNYEGLADwgIFEAAYgATCAgYQABgHGB7CAgcQABiABBgNwgIKEAAYgAQYDRjWBcICCBAAGAcYHhgKmAMAiAYBkAYIkgcEMy4xMKAHjEqyBwQwLjEwuAffCcIHBTItNi43yAdigAgB&sclient=gws-wiz-modeless-shopping,ARTWOOD Montana 4-seater fabric sofa,https://encrypted-tbn0.gstatic.com/shopping?q=tbn:ANd9GcRjxiOELRHLLiIPV0vLHMD7gKxLU4-quNvtLYLdkeORjH-DVsV2FNxomi4XVnSzBEzaMxD_13AGbCMKXQEt0j804kvIJhtRdq9S2Jv9bRj3,"€3,597.39",Hamptons,4211320263488919304,15751224810634202104,17363861609149211805
https://www.google.com/search?q=living+room+furniture&sca_esv=d64b47f615dedb78&udm=28&gl=DE&sxsrf=APpeQnvbtuQyLYBS4RMtsK5oUCBb62wYvw%3A1785762396033&ei=XJJwavy_AZ3EkPIP5PSRgAU&biw=1530&bih=786&oq=livingroom+furniture&gs_lp=Ehlnd3Mtd2l6LW1vZGVsZXNzLXNob3BwaW5nIhRsaXZpbmdyb29tIGZ1cm5pdHVyZSoCCAAyCRAAGIAEGAoYCzIJEAAYgAQYChgLMgkQABiABBgKGAsyCRAAGIAEGAoYCzIJEAAYgAQYChgLMgkQABiABBgKGAsyCRAAGIAEGAoYCzIJEAAYgAQYChgLMgkQABiABBgKGAsyCRAAGIAEGAoYC0ibNVDKD1ijK3ADeAGQAQCYAXqgAYMJqgEEMC4xMLgBA8gBAPgBAZgCDaACggrCAgoQABhHGNYEGLADwgIFEAAYgATCAgYQABgHGB7CAgcQABiABBgNwgIKEAAYgAQYDRjWBcICCBAAGAcYHhgKmAMAiAYBkAYIkgcEMy4xMKAHjEqyBwQwLjEwuAffCcIHBTItNi43yAdigAgB&sclient=gws-wiz-modeless-shopping,Vicco Sofa + Sofa bed Sofa Nuvio,https://encrypted-tbn3.gstatic.com/shopping?q=tbn:ANd9GcSmS4hWaEu5haz-bWiUCKTdadTCC_roIAD2buByZrjiUXW_0zDTikRtz7VHY8kZRjvMdsGXiwTLvthJhyArCCPC7jVWIfOEvt2O2ZcaSD5p3WyCKAGAKI6D,€430.66,Galaxus,6608528620430704935,16970250371448603495,15736603289256058489
https://www.google.com/search?q=living+room+furniture&sca_esv=d64b47f615dedb78&udm=28&gl=DE&sxsrf=APpeQnvbtuQyLYBS4RMtsK5oUCBb62wYvw%3A1785762396033&ei=XJJwavy_AZ3EkPIP5PSRgAU&biw=1530&bih=786&oq=livingroom+furniture&gs_lp=Ehlnd3Mtd2l6LW1vZGVsZXNzLXNob3BwaW5nIhRsaXZpbmdyb29tIGZ1cm5pdHVyZSoCCAAyCRAAGIAEGAoYCzIJEAAYgAQYChgLMgkQABiABBgKGAsyCRAAGIAEGAoYCzIJEAAYgAQYChgLMgkQABiABBgKGAsyCRAAGIAEGAoYCzIJEAAYgAQYChgLMgkQABiABBgKGAsyCRAAGIAEGAoYC0ibNVDKD1ijK3ADeAGQAQCYAXqgAYMJqgEEMC4xMLgBA8gBAPgBAZgCDaACggrCAgoQABhHGNYEGLADwgIFEAAYgATCAgYQABgHGB7CAgcQABiABBgNwgIKEAAYgAQYDRjWBcICCBAAGAcYHhgKmAMAiAYBkAYIkgcEMy4xMKAHjEqyBwQwLjEwuAffCcIHBTItNi43yAdigAgB&sclient=gws-wiz-modeless-shopping,Saga sofa by Furninova - 1 seat - Celine Mightnight Blue,https://encrypted-tbn0.gstatic.com/shopping?q=tbn:ANd9GcSzdZ5K7x4CeOTS5vJXClMim_2KR9UZfaCTRL7Ry-EOsixP-Ee5lh-hoIOpSz_tPGreF37Ne_U0qHt20cDuV9VVQyAlLv-7APTSEyFBv-qLZuKM9DjLdONsCA,€935.00,Alarus Interiors,17530767603887724603,,
https://www.google.com/search?q=living+room+furniture&sca_esv=d64b47f615dedb78&udm=28&gl=DE&sxsrf=APpeQnvbtuQyLYBS4RMtsK5oUCBb62wYvw%3A1785762396033&ei=XJJwavy_AZ3EkPIP5PSRgAU&biw=1530&bih=786&oq=livingroom+furniture&gs_lp=Ehlnd3Mtd2l6LW1vZGVsZXNzLXNob3BwaW5nIhRsaXZpbmdyb29tIGZ1cm5pdHVyZSoCCAAyCRAAGIAEGAoYCzIJEAAYgAQYChgLMgkQABiABBgKGAsyCRAAGIAEGAoYCzIJEAAYgAQYChgLMgkQABiABBgKGAsyCRAAGIAEGAoYCzIJEAAYgAQYChgLMgkQABiABBgKGAsyCRAAGIAEGAoYC0ibNVDKD1ijK3ADeAGQAQCYAXqgAYMJqgEEMC4xMLgBA8gBAPgBAZgCDaACggrCAgoQABhHGNYEGLADwgIFEAAYgATCAgYQABgHGB7CAgcQABiABBgNwgIKEAAYgAQYDRjWBcICCBAAGAcYHhgKmAMAiAYBkAYIkgcEMy4xMKAHjEqyBwQwLjEwuAffCcIHBTItNi43yAdigAgB&sclient=gws-wiz-modeless-shopping,Lake TV Stand with Wavy Design Storage Drawers for TVs Up to 1905mm,https://encrypted-tbn3.gstatic.com/shopping?q=tbn:ANd9GcQVbkWZtiIg5zxTR4c4vym2Xgkv8nbn0vwsxHu3-bXN34HhhgZSZN_sIUhLbHLQ9jTHPrIaltwKzVXqmiCT6j2DTo2Tqwl7c5mXEtG2Ko8L,€869.99,Homary.com,9680825647676245378,6122145662029572477,3276348718987913703
https://www.google.com/search?q=living+room+furniture&sca_esv=d64b47f615dedb78&udm=28&gl=DE&sxsrf=APpeQnvbtuQyLYBS4RMtsK5oUCBb62wYvw%3A1785762396033&ei=XJJwavy_AZ3EkPIP5PSRgAU&biw=1530&bih=786&oq=livingroom+furniture&gs_lp=Ehlnd3Mtd2l6LW1vZGVsZXNzLXNob3BwaW5nIhRsaXZpbmdyb29tIGZ1cm5pdHVyZSoCCAAyCRAAGIAEGAoYCzIJEAAYgAQYChgLMgkQABiABBgKGAsyCRAAGIAEGAoYCzIJEAAYgAQYChgLMgkQABiABBgKGAsyCRAAGIAEGAoYCzIJEAAYgAQYChgLMgkQABiABBgKGAsyCRAAGIAEGAoYC0ibNVDKD1ijK3ADeAGQAQCYAXqgAYMJqgEEMC4xMLgBA8gBAPgBAZgCDaACggrCAgoQABhHGNYEGLADwgIFEAAYgATCAgYQABgHGB7CAgcQABiABBgNwgIKEAAYgAQYDRjWBcICCBAAGAcYHhgKmAMAiAYBkAYIkgcEMy4xMKAHjEqyBwQwLjEwuAffCcIHBTItNi43yAdigAgB&sclient=gws-wiz-modeless-shopping,CH008 Coffee Table,https://encrypted-tbn3.gstatic.com/shopping?q=tbn:ANd9GcQ9b4V4dywLWld3qKAJpSWRAiUmfYVwgjSlXdS717e_qVB1jEyAkJ1a2M3irgNlx1EowfRoWCGh3WER4BUH-ye13tpENSwKcKw0USzDUScK0M-C5HpCWbCsJw,"€2,177.00",NO GA,12982596720243882611,14027730523220839945,10586072830883691557
https://www.google.com/search?q=living+room+furniture&sca_esv=d64b47f615dedb78&udm=28&gl=DE&sxsrf=APpeQnvbtuQyLYBS4RMtsK5oUCBb62wYvw%3A1785762396033&ei=XJJwavy_AZ3EkPIP5PSRgAU&biw=1530&bih=786&oq=livingroom+furniture&gs_lp=Ehlnd3Mtd2l6LW1vZGVsZXNzLXNob3BwaW5nIhRsaXZpbmdyb29tIGZ1cm5pdHVyZSoCCAAyCRAAGIAEGAoYCzIJEAAYgAQYChgLMgkQABiABBgKGAsyCRAAGIAEGAoYCzIJEAAYgAQYChgLMgkQABiABBgKGAsyCRAAGIAEGAoYCzIJEAAYgAQYChgLMgkQABiABBgKGAsyCRAAGIAEGAoYC0ibNVDKD1ijK3ADeAGQAQCYAXqgAYMJqgEEMC4xMLgBA8gBAPgBAZgCDaACggrCAgoQABhHGNYEGLADwgIFEAAYgATCAgYQABgHGB7CAgcQABiABBgNwgIKEAAYgAQYDRjWBcICCBAAGAcYHhgKmAMAiAYBkAYIkgcEMy4xMKAHjEqyBwQwLjEwuAffCcIHBTItNi43yAdigAgB&sclient=gws-wiz-modeless-shopping,Normann Copenhagen Bit Coffee Table,https://encrypted-tbn0.gstatic.com/shopping?q=tbn:ANd9GcQgXqVwL_GXD6sqz-JIrVZWFtjCA1AQVo6yEAfKOhpOLRs4jiuVnmj1J2cAPeOxSzsLnIfLuro3nV2uEXpp25KpaWCFbavH_VdSQNmdJzUOz82JBFNN-fYZ4A,€340.00,Scandinavia Design,6480473464552102418,15232435347064494469,7440250854937802043
https://www.google.com/search?q=living+room+furniture&sca_esv=d64b47f615dedb78&udm=28&gl=DE&sxsrf=APpeQnvbtuQyLYBS4RMtsK5oUCBb62wYvw%3A1785762396033&ei=XJJwavy_AZ3EkPIP5PSRgAU&biw=1530&bih=786&oq=livingroom+furniture&gs_lp=Ehlnd3Mtd2l6LW1vZGVsZXNzLXNob3BwaW5nIhRsaXZpbmdyb29tIGZ1cm5pdHVyZSoCCAAyCRAAGIAEGAoYCzIJEAAYgAQYChgLMgkQABiABBgKGAsyCRAAGIAEGAoYCzIJEAAYgAQYChgLMgkQABiABBgKGAsyCRAAGIAEGAoYCzIJEAAYgAQYChgLMgkQABiABBgKGAsyCRAAGIAEGAoYC0ibNVDKD1ijK3ADeAGQAQCYAXqgAYMJqgEEMC4xMLgBA8gBAPgBAZgCDaACggrCAgoQABhHGNYEGLADwgIFEAAYgATCAgYQABgHGB7CAgcQABiABBgNwgIKEAAYgAQYDRjWBcICCBAAGAcYHhgKmAMAiAYBkAYIkgcEMy4xMKAHjEqyBwQwLjEwuAffCcIHBTItNi43yAdigAgB&sclient=gws-wiz-modeless-shopping,"Eave Seamline Modular Sofa, 86, Open Section 172 by Norm Architects - Audo Bouclé 07",https://encrypted-tbn0.gstatic.com/shopping?q=tbn:ANd9GcTwN4aQILqTu8eBszeM-BPPvwiCThQlzOOXhfoqDapgh1gsy8fouZqEMRbYqUQazYWwW7WkIQF0dRw0NgdOn0uwzELlgvA0htoC_n9W1ocXEp1P6uhHXx0_,"€2,165.00",Audo Copenhagen,6455910885490932863,,
https://www.google.com/search?q=living+room+furniture&sca_esv=d64b47f615dedb78&udm=28&gl=DE&sxsrf=APpeQnvbtuQyLYBS4RMtsK5oUCBb62wYvw%3A1785762396033&ei=XJJwavy_AZ3EkPIP5PSRgAU&biw=1530&bih=786&oq=livingroom+furniture&gs_lp=Ehlnd3Mtd2l6LW1vZGVsZXNzLXNob3BwaW5nIhRsaXZpbmdyb29tIGZ1cm5pdHVyZSoCCAAyCRAAGIAEGAoYCzIJEAAYgAQYChgLMgkQABiABBgKGAsyCRAAGIAEGAoYCzIJEAAYgAQYChgLMgkQABiABBgKGAsyCRAAGIAEGAoYCzIJEAAYgAQYChgLMgkQABiABBgKGAsyCRAAGIAEGAoYC0ibNVDKD1ijK3ADeAGQAQCYAXqgAYMJqgEEMC4xMLgBA8gBAPgBAZgCDaACggrCAgoQABhHGNYEGLADwgIFEAAYgATCAgYQABgHGB7CAgcQABiABBgNwgIKEAAYgAQYDRjWBcICCBAAGAcYHhgKmAMAiAYBkAYIkgcEMy4xMKAHjEqyBwQwLjEwuAffCcIHBTItNi43yAdigAgB&sclient=gws-wiz-modeless-shopping,Bruunmunch Chiara Chair with Fabric Seat,https://encrypted-tbn3.gstatic.com/shopping?q=tbn:ANd9GcRlqr6T0hq3IWNKSHla15bvR58fRmIBQiX5vxMDYLfGDxIYmJiVB6u9XuLZ2soJTs6-bzaBSgpS3hJq0S-HqIfoYd4ixy2r8mmiTTrF0zPHQBLaf2pUkZrTEw,€558.00,bruunmunch.com,3974174456811400216,8508265587546462772,17601330281823568551
https://www.google.com/search?q=living+room+furniture&sca_esv=d64b47f615dedb78&udm=28&gl=DE&sxsrf=APpeQnvbtuQyLYBS4RMtsK5oUCBb62wYvw%3A1785762396033&ei=XJJwavy_AZ3EkPIP5PSRgAU&biw=1530&bih=786&oq=livingroom+furniture&gs_lp=Ehlnd3Mtd2l6LW1vZGVsZXNzLXNob3BwaW5nIhRsaXZpbmdyb29tIGZ1cm5pdHVyZSoCCAAyCRAAGIAEGAoYCzIJEAAYgAQYChgLMgkQABiABBgKGAsyCRAAGIAEGAoYCzIJEAAYgAQYChgLMgkQABiABBgKGAsyCRAAGIAEGAoYCzIJEAAYgAQYChgLMgkQABiABBgKGAsyCRAAGIAEGAoYC0ibNVDKD1ijK3ADeAGQAQCYAXqgAYMJqgEEMC4xMLgBA8gBAPgBAZgCDaACggrCAgoQABhHGNYEGLADwgIFEAAYgATCAgYQABgHGB7CAgcQABiABBgNwgIKEAAYgAQYDRjWBcICCBAAGAcYHhgKmAMAiAYBkAYIkgcEMy4xMKAHjEqyBwQwLjEwuAffCcIHBTItNi43yAdigAgB&sclient=gws-wiz-modeless-shopping,Exclusive Luxurious Modern Leather LED-Featured Sectional Sofa Set,https://encrypted-tbn2.gstatic.com/shopping?q=tbn:ANd9GcSshK3u21HPULBIpt59fZ0lhi0my3sT9dda9eJAzUzIQmpuCIa2w5ML_gdvrBEAJ4SdSyW-jeSyOpY_p0is7nlkaIeX0w_SghZcK9_Q_8hh,"€3,127.29",My Aashis,6904862155465318745,10034200958900551208,10637691345175606783
https://www.google.com/search?q=living+room+furniture&sca_esv=d64b47f615dedb78&udm=28&gl=DE&sxsrf=APpeQnvbtuQyLYBS4RMtsK5oUCBb62wYvw%3A1785762396033&ei=XJJwavy_AZ3EkPIP5PSRgAU&biw=1530&bih=786&oq=livingroom+furniture&gs_lp=Ehlnd3Mtd2l6LW1vZGVsZXNzLXNob3BwaW5nIhRsaXZpbmdyb29tIGZ1cm5pdHVyZSoCCAAyCRAAGIAEGAoYCzIJEAAYgAQYChgLMgkQABiABBgKGAsyCRAAGIAEGAoYCzIJEAAYgAQYChgLMgkQABiABBgKGAsyCRAAGIAEGAoYCzIJEAAYgAQYChgLMgkQABiABBgKGAsyCRAAGIAEGAoYC0ibNVDKD1ijK3ADeAGQAQCYAXqgAYMJqgEEMC4xMLgBA8gBAPgBAZgCDaACggrCAgoQABhHGNYEGLADwgIFEAAYgATCAgYQABgHGB7CAgcQABiABBgNwgIKEAAYgAQYDRjWBcICCBAAGAcYHhgKmAMAiAYBkAYIkgcEMy4xMKAHjEqyBwQwLjEwuAffCcIHBTItNi43yAdigAgB&sclient=gws-wiz-modeless-shopping,Saga Sessel Rückdrehfunktion,https://encrypted-tbn2.gstatic.com/shopping?q=tbn:ANd9GcS4pqXsQs2MP8sbs-PlMTyX0dfUuhSI9wK4-se9masU2K-aIP_4jJeLavk_2DAQFZz6bY5ZBK5-G_-1_FACKVrTKE9EnSlGyf0EH3Aqx_u8redLE5rVaKELKg,"€2,349.00",BOLIA,16374607219312862965,7014078331086589759,3379152864220065600
https://www.google.com/search?q=living+room+furniture&sca_esv=d64b47f615dedb78&udm=28&gl=DE&sxsrf=APpeQnvbtuQyLYBS4RMtsK5oUCBb62wYvw%3A1785762396033&ei=XJJwavy_AZ3EkPIP5PSRgAU&biw=1530&bih=786&oq=livingroom+furniture&gs_lp=Ehlnd3Mtd2l6LW1vZGVsZXNzLXNob3BwaW5nIhRsaXZpbmdyb29tIGZ1cm5pdHVyZSoCCAAyCRAAGIAEGAoYCzIJEAAYgAQYChgLMgkQABiABBgKGAsyCRAAGIAEGAoYCzIJEAAYgAQYChgLMgkQABiABBgKGAsyCRAAGIAEGAoYCzIJEAAYgAQYChgLMgkQABiABBgKGAsyCRAAGIAEGAoYC0ibNVDKD1ijK3ADeAGQAQCYAXqgAYMJqgEEMC4xMLgBA8gBAPgBAZgCDaACggrCAgoQABhHGNYEGLADwgIFEAAYgATCAgYQABgHGB7CAgcQABiABBgNwgIKEAAYgAQYDRjWBcICCBAAGAcYHhgKmAMAiAYBkAYIkgcEMy4xMKAHjEqyBwQwLjEwuAffCcIHBTItNi43yAdigAgB&sclient=gws-wiz-modeless-shopping,Fornasetti Curved cabinet Arlecchini Arlecchini blue/black/white,https://encrypted-tbn1.gstatic.com/shopping?q=tbn:ANd9GcRC7kvEc1F6n1mEw_rBGAmW0TFyO8VxT9R7naMC__Oy1imiG8V0X3iU8E71E7BLyv7WjZP46ejE6H0zfNFSkS92QkUv2Saj65IoekJR_ZqzXZdBdlFOeYJP,"€19,600.50",Milk Concept Boutique,3945142003418632578,,
https://www.google.com/search?q=living+room+furniture&sca_esv=d64b47f615dedb78&udm=28&gl=DE&sxsrf=APpeQnvbtuQyLYBS4RMtsK5oUCBb62wYvw%3A1785762396033&ei=XJJwavy_AZ3EkPIP5PSRgAU&biw=1530&bih=786&oq=livingroom+furniture&gs_lp=Ehlnd3Mtd2l6LW1vZGVsZXNzLXNob3BwaW5nIhRsaXZpbmdyb29tIGZ1cm5pdHVyZSoCCAAyCRAAGIAEGAoYCzIJEAAYgAQYChgLMgkQABiABBgKGAsyCRAAGIAEGAoYCzIJEAAYgAQYChgLMgkQABiABBgKGAsyCRAAGIAEGAoYCzIJEAAYgAQYChgLMgkQABiABBgKGAsyCRAAGIAEGAoYC0ibNVDKD1ijK3ADeAGQAQCYAXqgAYMJqgEEMC4xMLgBA8gBAPgBAZgCDaACggrCAgoQABhHGNYEGLADwgIFEAAYgATCAgYQABgHGB7CAgcQABiABBgNwgIKEAAYgAQYDRjWBcICCBAAGAcYHhgKmAMAiAYBkAYIkgcEMy4xMKAHjEqyBwQwLjEwuAffCcIHBTItNi43yAdigAgB&sclient=gws-wiz-modeless-shopping,Ndiaye Corner Sofa L Shape Sofa With Storage,https://encrypted-tbn1.gstatic.com/shopping?q=tbn:ANd9GcRtbvCq7B8i_wQX4KdklJBJJ-z4Vt7Kr3tGw3DFLK2M6RXkNhXJjgQGWoazVyuNu407e2vJjPR-ZkzrLVjs75gRTSv0oHyTaMvwOJa-eH1Kbh5Fs4v-aPCciw,"€3,498.92",DC Concept,12216376222099022477,7406142420916264738,606071746538629525
https://www.google.com/search?q=living+room+furniture&sca_esv=d64b47f615dedb78&udm=28&gl=DE&sxsrf=APpeQnvbtuQyLYBS4RMtsK5oUCBb62wYvw%3A1785762396033&ei=XJJwavy_AZ3EkPIP5PSRgAU&biw=1530&bih=786&oq=livingroom+furniture&gs_lp=Ehlnd3Mtd2l6LW1vZGVsZXNzLXNob3BwaW5nIhRsaXZpbmdyb29tIGZ1cm5pdHVyZSoCCAAyCRAAGIAEGAoYCzIJEAAYgAQYChgLMgkQABiABBgKGAsyCRAAGIAEGAoYCzIJEAAYgAQYChgLMgkQABiABBgKGAsyCRAAGIAEGAoYCzIJEAAYgAQYChgLMgkQABiABBgKGAsyCRAAGIAEGAoYC0ibNVDKD1ijK3ADeAGQAQCYAXqgAYMJqgEEMC4xMLgBA8gBAPgBAZgCDaACggrCAgoQABhHGNYEGLADwgIFEAAYgATCAgYQABgHGB7CAgcQABiABBgNwgIKEAAYgAQYDRjWBcICCBAAGAcYHhgKmAMAiAYBkAYIkgcEMy4xMKAHjEqyBwQwLjEwuAffCcIHBTItNi43yAdigAgB&sclient=gws-wiz-modeless-shopping,Sofa | Mags Corner Combination 2 Right Overlap 03,https://encrypted-tbn0.gstatic.com/shopping?q=tbn:ANd9GcT1v--oWu4UjLSL92rioDTitbtwqUm1j8mVMb3y818IsNvFwadXjDe04yfdYrK4qPdGcqALud38Xa5LME-9T0vaJEo2kfMlL3-xzZouon6fRYTkmtCplUPWPA,"€4,275.00",Studio Wohnglück,12316184799627340724,919764741488356703,4274852173555993959
https://www.google.com/search?q=living+room+furniture&sca_esv=d64b47f615dedb78&udm=28&gl=DE&sxsrf=APpeQnvbtuQyLYBS4RMtsK5oUCBb62wYvw%3A1785762396033&ei=XJJwavy_AZ3EkPIP5PSRgAU&biw=1530&bih=786&oq=livingroom+furniture&gs_lp=Ehlnd3Mtd2l6LW1vZGVsZXNzLXNob3BwaW5nIhRsaXZpbmdyb29tIGZ1cm5pdHVyZSoCCAAyCRAAGIAEGAoYCzIJEAAYgAQYChgLMgkQABiABBgKGAsyCRAAGIAEGAoYCzIJEAAYgAQYChgLMgkQABiABBgKGAsyCRAAGIAEGAoYCzIJEAAYgAQYChgLMgkQABiABBgKGAsyCRAAGIAEGAoYC0ibNVDKD1ijK3ADeAGQAQCYAXqgAYMJqgEEMC4xMLgBA8gBAPgBAZgCDaACggrCAgoQABhHGNYEGLADwgIFEAAYgATCAgYQABgHGB7CAgcQABiABBgNwgIKEAAYgAQYDRjWBcICCBAAGAcYHhgKmAMAiAYBkAYIkgcEMy4xMKAHjEqyBwQwLjEwuAffCcIHBTItNi43yAdigAgB&sclient=gws-wiz-modeless-shopping,Nora Sofa Set,https://encrypted-tbn2.gstatic.com/shopping?q=tbn:ANd9GcQvBa2WjkDxcg1d_i1-w8XmgV2IcQSrGrGno2yfjqqgjo5hpozSS-nx-yDeLueqnjVscMACiAefRTbPCQ6F_U1kLzYa5csxCxnpvej57GCC,"€2,017.06",Carsi24,10477998288662357839,9296378794530351907,13056292232004502908
https://www.google.com/search?q=living+room+furniture&sca_esv=d64b47f615dedb78&udm=28&gl=DE&sxsrf=APpeQnvbtuQyLYBS4RMtsK5oUCBb62wYvw%3A1785762396033&ei=XJJwavy_AZ3EkPIP5PSRgAU&biw=1530&bih=786&oq=livingroom+furniture&gs_lp=Ehlnd3Mtd2l6LW1vZGVsZXNzLXNob3BwaW5nIhRsaXZpbmdyb29tIGZ1cm5pdHVyZSoCCAAyCRAAGIAEGAoYCzIJEAAYgAQYChgLMgkQABiABBgKGAsyCRAAGIAEGAoYCzIJEAAYgAQYChgLMgkQABiABBgKGAsyCRAAGIAEGAoYCzIJEAAYgAQYChgLMgkQABiABBgKGAsyCRAAGIAEGAoYC0ibNVDKD1ijK3ADeAGQAQCYAXqgAYMJqgEEMC4xMLgBA8gBAPgBAZgCDaACggrCAgoQABhHGNYEGLADwgIFEAAYgATCAgYQABgHGB7CAgcQABiABBgNwgIKEAAYgAQYDRjWBcICCBAAGAcYHhgKmAMAiAYBkAYIkgcEMy4xMKAHjEqyBwQwLjEwuAffCcIHBTItNi43yAdigAgB&sclient=gws-wiz-modeless-shopping,3 PCS Vertex Sofa Set with Chair Modern Living Room Sofa Set with Cushion,https://encrypted-tbn3.gstatic.com/shopping?q=tbn:ANd9GcTffX4zesTg40wNtPTS6Ws2keU9IaSebHC8jBw_px-FqV6WbVmmpSkDbjqLbWuY2HxdqnA7RTDFn2VIILF8u_tMYAxMaay2xeDAp3qRDX4,"€3,299.99",Homary.com,10899521929044877534,3643371719151475831,12423508153968308618
https://www.google.com/search?q=living+room+furniture&sca_esv=d64b47f615dedb78&udm=28&gl=DE&sxsrf=APpeQnvbtuQyLYBS4RMtsK5oUCBb62wYvw%3A1785762396033&ei=XJJwavy_AZ3EkPIP5PSRgAU&biw=1530&bih=786&oq=livingroom+furniture&gs_lp=Ehlnd3Mtd2l6LW1vZGVsZXNzLXNob3BwaW5nIhRsaXZpbmdyb29tIGZ1cm5pdHVyZSoCCAAyCRAAGIAEGAoYCzIJEAAYgAQYChgLMgkQABiABBgKGAsyCRAAGIAEGAoYCzIJEAAYgAQYChgLMgkQABiABBgKGAsyCRAAGIAEGAoYCzIJEAAYgAQYChgLMgkQABiABBgKGAsyCRAAGIAEGAoYC0ibNVDKD1ijK3ADeAGQAQCYAXqgAYMJqgEEMC4xMLgBA8gBAPgBAZgCDaACggrCAgoQABhHGNYEGLADwgIFEAAYgATCAgYQABgHGB7CAgcQABiABBgNwgIKEAAYgAQYDRjWBcICCBAAGAcYHhgKmAMAiAYBkAYIkgcEMy4xMKAHjEqyBwQwLjEwuAffCcIHBTItNi43yAdigAgB&sclient=gws-wiz-modeless-shopping,Harris Single Seater Two Seater Sofa Bed With Side Table & Smart Phone Holder,https://encrypted-tbn2.gstatic.com/shopping?q=tbn:ANd9GcSUbmAREeCFvV6b3VMXCy6bUKXiT97Dcrd3bgLvi9ZG057HvuUWP66OxH79OqDcFY_cF2lw1GZmS-6BJqi-26Vc3Q1p2X5x56S9UpMfXuNCvva8wEXA_KhBIA,€932.19,Rit Concept,6873358397701393333,3243803848388998853,13357776755959151975
https://www.google.com/search?q=living+room+furniture&sca_esv=d64b47f615dedb78&udm=28&gl=DE&sxsrf=APpeQnvbtuQyLYBS4RMtsK5oUCBb62wYvw%3A1785762396033&ei=XJJwavy_AZ3EkPIP5PSRgAU&biw=1530&bih=786&oq=livingroom+furniture&gs_lp=Ehlnd3Mtd2l6LW1vZGVsZXNzLXNob3BwaW5nIhRsaXZpbmdyb29tIGZ1cm5pdHVyZSoCCAAyCRAAGIAEGAoYCzIJEAAYgAQYChgLMgkQABiABBgKGAsyCRAAGIAEGAoYCzIJEAAYgAQYChgLMgkQABiABBgKGAsyCRAAGIAEGAoYCzIJEAAYgAQYChgLMgkQABiABBgKGAsyCRAAGIAEGAoYC0ibNVDKD1ijK3ADeAGQAQCYAXqgAYMJqgEEMC4xMLgBA8gBAPgBAZgCDaACggrCAgoQABhHGNYEGLADwgIFEAAYgATCAgYQABgHGB7CAgcQABiABBgNwgIKEAAYgAQYDRjWBcICCBAAGAcYHhgKmAMAiAYBkAYIkgcEMy4xMKAHjEqyBwQwLjEwuAffCcIHBTItNi43yAdigAgB&sclient=gws-wiz-modeless-shopping,Extra Comfy Large Sectional Fabric Sofa,https://encrypted-tbn2.gstatic.com/shopping?q=tbn:ANd9GcSS7uqyR0vn5rW8HbkuZzqeRvzBzo2X1ifG5TxsKzZF1TqMGlzynLO-1O-l99kQ_0_UXSfk_Rp7gQdnB01bg0ODYOs9iQsKWj3zIDmxE2Bgtybu3VJZQ8dD,"€3,215.06",My Aashis,15287882217188638398,12588794107341678520,1353074020993905330
https://www.google.com/search?q=living+room+furniture&sca_esv=d64b47f615dedb78&udm=28&gl=DE&sxsrf=APpeQnvbtuQyLYBS4RMtsK5oUCBb62wYvw%3A1785762396033&ei=XJJwavy_AZ3EkPIP5PSRgAU&biw=1530&bih=786&oq=livingroom+furniture&gs_lp=Ehlnd3Mtd2l6LW1vZGVsZXNzLXNob3BwaW5nIhRsaXZpbmdyb29tIGZ1cm5pdHVyZSoCCAAyCRAAGIAEGAoYCzIJEAAYgAQYChgLMgkQABiABBgKGAsyCRAAGIAEGAoYCzIJEAAYgAQYChgLMgkQABiABBgKGAsyCRAAGIAEGAoYCzIJEAAYgAQYChgLMgkQABiABBgKGAsyCRAAGIAEGAoYC0ibNVDKD1ijK3ADeAGQAQCYAXqgAYMJqgEEMC4xMLgBA8gBAPgBAZgCDaACggrCAgoQABhHGNYEGLADwgIFEAAYgATCAgYQABgHGB7CAgcQABiABBgNwgIKEAAYgAQYDRjWBcICCBAAGAcYHhgKmAMAiAYBkAYIkgcEMy4xMKAHjEqyBwQwLjEwuAffCcIHBTItNi43yAdigAgB&sclient=gws-wiz-modeless-shopping,Sakura Sofa Bed With Storage - Grey / 200cm ( With Two Drawers ),https://encrypted-tbn2.gstatic.com/shopping?q=tbn:ANd9GcRpkcmvxZbkNmcb9LZ-bGd72GnoUFBX-uFkRNZTtntCVduB4SclHNCF-koQEIM751OEExDU4qNkgThWB4f6j-cp5ac3_hg_K7Cl-YVMJZWt,"€1,002.19",Weilai Concept,12873909300543906132,,
https://www.google.com/search?q=living+room+furniture&sca_esv=d64b47f615dedb78&udm=28&gl=DE&sxsrf=APpeQnvbtuQyLYBS4RMtsK5oUCBb62wYvw%3A1785762396033&ei=XJJwavy_AZ3EkPIP5PSRgAU&biw=1530&bih=786&oq=livingroom+furniture&gs_lp=Ehlnd3Mtd2l6LW1vZGVsZXNzLXNob3BwaW5nIhRsaXZpbmdyb29tIGZ1cm5pdHVyZSoCCAAyCRAAGIAEGAoYCzIJEAAYgAQYChgLMgkQABiABBgKGAsyCRAAGIAEGAoYCzIJEAAYgAQYChgLMgkQABiABBgKGAsyCRAAGIAEGAoYCzIJEAAYgAQYChgLMgkQABiABBgKGAsyCRAAGIAEGAoYC0ibNVDKD1ijK3ADeAGQAQCYAXqgAYMJqgEEMC4xMLgBA8gBAPgBAZgCDaACggrCAgoQABhHGNYEGLADwgIFEAAYgATCAgYQABgHGB7CAgcQABiABBgNwgIKEAAYgAQYDRjWBcICCBAAGAcYHhgKmAMAiAYBkAYIkgcEMy4xMKAHjEqyBwQwLjEwuAffCcIHBTItNi43yAdigAgB&sclient=gws-wiz-modeless-shopping,Eichholtz sofa Kelly XS,https://encrypted-tbn2.gstatic.com/shopping?q=tbn:ANd9GcS2GzlaeIYtY3pIVlCgn8lw1Xej9ngzxJmJJ79JE2Pnsab-yii7PmXPDIkpOQJvakHW_YNYCJS3WxI7vXn4_L6mrX7ta4PI7gInoR549fq4mO8slSosyKsq,"€4,946.00",Piek Home,4387833623100465227,10339250023066622006,11257792899584401462
https://www.google.com/search?q=living+room+furniture&sca_esv=d64b47f615dedb78&udm=28&gl=DE&sxsrf=APpeQnvbtuQyLYBS4RMtsK5oUCBb62wYvw%3A1785762396033&ei=XJJwavy_AZ3EkPIP5PSRgAU&biw=1530&bih=786&oq=livingroom+furniture&gs_lp=Ehlnd3Mtd2l6LW1vZGVsZXNzLXNob3BwaW5nIhRsaXZpbmdyb29tIGZ1cm5pdHVyZSoCCAAyCRAAGIAEGAoYCzIJEAAYgAQYChgLMgkQABiABBgKGAsyCRAAGIAEGAoYCzIJEAAYgAQYChgLMgkQABiABBgKGAsyCRAAGIAEGAoYCzIJEAAYgAQYChgLMgkQABiABBgKGAsyCRAAGIAEGAoYC0ibNVDKD1ijK3ADeAGQAQCYAXqgAYMJqgEEMC4xMLgBA8gBAPgBAZgCDaACggrCAgoQABhHGNYEGLADwgIFEAAYgATCAgYQABgHGB7CAgcQABiABBgNwgIKEAAYgAQYDRjWBcICCBAAGAcYHhgKmAMAiAYBkAYIkgcEMy4xMKAHjEqyBwQwLjEwuAffCcIHBTItNi43yAdigAgB&sclient=gws-wiz-modeless-shopping,HAY Pouf,https://encrypted-tbn1.gstatic.com/shopping?q=tbn:ANd9GcShT09ajDW5w5Q5FIgfPeTEXXBj-7VvQydvAVQKfF-qSwMA0ghstlob31CE4sR2jNki5qkkR0KOdDJOsSQGg4jL_jyYApi16c0HQRLPwWaUOWu-pXjuFHUgag,€213.50,Coolshop.de,2666947014225014232,11821039815266410496,927378805104074008
https://www.google.com/search?q=living+room+furniture&sca_esv=d64b47f615dedb78&udm=28&gl=DE&sxsrf=APpeQnvbtuQyLYBS4RMtsK5oUCBb62wYvw%3A1785762396033&ei=XJJwavy_AZ3EkPIP5PSRgAU&biw=1530&bih=786&oq=livingroom+furniture&gs_lp=Ehlnd3Mtd2l6LW1vZGVsZXNzLXNob3BwaW5nIhRsaXZpbmdyb29tIGZ1cm5pdHVyZSoCCAAyCRAAGIAEGAoYCzIJEAAYgAQYChgLMgkQABiABBgKGAsyCRAAGIAEGAoYCzIJEAAYgAQYChgLMgkQABiABBgKGAsyCRAAGIAEGAoYCzIJEAAYgAQYChgLMgkQABiABBgKGAsyCRAAGIAEGAoYC0ibNVDKD1ijK3ADeAGQAQCYAXqgAYMJqgEEMC4xMLgBA8gBAPgBAZgCDaACggrCAgoQABhHGNYEGLADwgIFEAAYgATCAgYQABgHGB7CAgcQABiABBgNwgIKEAAYgAQYDRjWBcICCBAAGAcYHhgKmAMAiAYBkAYIkgcEMy4xMKAHjEqyBwQwLjEwuAffCcIHBTItNi43yAdigAgB&sclient=gws-wiz-modeless-shopping,Darwen Minimalist TV Stand – Solid Wood TV Unit with Square Legs Square Legs,https://encrypted-tbn3.gstatic.com/shopping?q=tbn:ANd9GcQUdPkS3yiB1vvxbo1p4DuJYXImmwC7iyGZAsunp1n0t0DLKjky3h7H1M66ERPh1xbydxtWw-mnfsjEgLg82PAq4-W5v0u6qgohdraG1ehNbIkz22xYoqmV,€985.86,The Urban Editions,13835764184567181946,17252160939210195643,5070290151473399808
https://www.google.com/search?q=living+room+furniture&sca_esv=d64b47f615dedb78&udm=28&gl=DE&sxsrf=APpeQnvbtuQyLYBS4RMtsK5oUCBb62wYvw%3A1785762396033&ei=XJJwavy_AZ3EkPIP5PSRgAU&biw=1530&bih=786&oq=livingroom+furniture&gs_lp=Ehlnd3Mtd2l6LW1vZGVsZXNzLXNob3BwaW5nIhRsaXZpbmdyb29tIGZ1cm5pdHVyZSoCCAAyCRAAGIAEGAoYCzIJEAAYgAQYChgLMgkQABiABBgKGAsyCRAAGIAEGAoYCzIJEAAYgAQYChgLMgkQABiABBgKGAsyCRAAGIAEGAoYCzIJEAAYgAQYChgLMgkQABiABBgKGAsyCRAAGIAEGAoYC0ibNVDKD1ijK3ADeAGQAQCYAXqgAYMJqgEEMC4xMLgBA8gBAPgBAZgCDaACggrCAgoQABhHGNYEGLADwgIFEAAYgATCAgYQABgHGB7CAgcQABiABBgNwgIKEAAYgAQYDRjWBcICCBAAGAcYHhgKmAMAiAYBkAYIkgcEMy4xMKAHjEqyBwQwLjEwuAffCcIHBTItNi43yAdigAgB&sclient=gws-wiz-modeless-shopping,&Tradition Develius Sofa,https://encrypted-tbn0.gstatic.com/shopping?q=tbn:ANd9GcRFsDHOwdygd15v5odtpCED-uftnvOWwq1GQfNqo0cgigZBhSaUIuiQpd6FjgfHwHL3QqJWho2rTTas2Ou7yccIz1Jlk404vQUer3T3GFJMdbTCEO5VT1DU,"€4,138.00",NUG Nordic Urban,13892596349885129434,,
https://www.google.com/search?q=living+room+furniture&sca_esv=d64b47f615dedb78&udm=28&gl=DE&sxsrf=APpeQnvbtuQyLYBS4RMtsK5oUCBb62wYvw%3A1785762396033&ei=XJJwavy_AZ3EkPIP5PSRgAU&biw=1530&bih=786&oq=livingroom+furniture&gs_lp=Ehlnd3Mtd2l6LW1vZGVsZXNzLXNob3BwaW5nIhRsaXZpbmdyb29tIGZ1cm5pdHVyZSoCCAAyCRAAGIAEGAoYCzIJEAAYgAQYChgLMgkQABiABBgKGAsyCRAAGIAEGAoYCzIJEAAYgAQYChgLMgkQABiABBgKGAsyCRAAGIAEGAoYCzIJEAAYgAQYChgLMgkQABiABBgKGAsyCRAAGIAEGAoYC0ibNVDKD1ijK3ADeAGQAQCYAXqgAYMJqgEEMC4xMLgBA8gBAPgBAZgCDaACggrCAgoQABhHGNYEGLADwgIFEAAYgATCAgYQABgHGB7CAgcQABiABBgNwgIKEAAYgAQYDRjWBcICCBAAGAcYHhgKmAMAiAYBkAYIkgcEMy4xMKAHjEqyBwQwLjEwuAffCcIHBTItNi43yAdigAgB&sclient=gws-wiz-modeless-shopping,Otto Armchair |Walnut & Black,https://encrypted-tbn0.gstatic.com/shopping?q=tbn:ANd9GcTZHMye9V3ea0R0m0PDfTJ7qCSxfM_C42mE_tp14ejW1-oYp3qNySIINAl7IUA2D2wkrMxalvRxLVrPD4WD5mY5PJcjruKfSrkl-7aFjOijZy9zjxli6vCHqw,€670.85,Hayche,4740152143047615540,8982343342003547408,11837348827386069622
https://www.google.com/search?q=living+room+furniture&sca_esv=d64b47f615dedb78&udm=28&gl=DE&sxsrf=APpeQnvbtuQyLYBS4RMtsK5oUCBb62wYvw%3A1785762396033&ei=XJJwavy_AZ3EkPIP5PSRgAU&biw=1530&bih=786&oq=livingroom+furniture&gs_lp=Ehlnd3Mtd2l6LW1vZGVsZXNzLXNob3BwaW5nIhRsaXZpbmdyb29tIGZ1cm5pdHVyZSoCCAAyCRAAGIAEGAoYCzIJEAAYgAQYChgLMgkQABiABBgKGAsyCRAAGIAEGAoYCzIJEAAYgAQYChgLMgkQABiABBgKGAsyCRAAGIAEGAoYCzIJEAAYgAQYChgLMgkQABiABBgKGAsyCRAAGIAEGAoYC0ibNVDKD1ijK3ADeAGQAQCYAXqgAYMJqgEEMC4xMLgBA8gBAPgBAZgCDaACggrCAgoQABhHGNYEGLADwgIFEAAYgATCAgYQABgHGB7CAgcQABiABBgNwgIKEAAYgAQYDRjWBcICCBAAGAcYHhgKmAMAiAYBkAYIkgcEMy4xMKAHjEqyBwQwLjEwuAffCcIHBTItNi43yAdigAgB&sclient=gws-wiz-modeless-shopping,Jhoomer Sikka Chair Kalamkaar Furniture,https://encrypted-tbn3.gstatic.com/shopping?q=tbn:ANd9GcSM6ysvoGl04kvYbE3tMdDGTh2fSMCa1-5l_x0pBiCSOuYeT3e7jCSK38F6xB_byuksPaAyyEiZbcGZuH3cdkNHysZaG8WixWgQJORtHDk,€206.22,Kalamkaar Furniture,11566354562881834285,15033575952958415455,1639245711244986626
https://www.google.com/search?q=living+room+furniture&sca_esv=d64b47f615dedb78&udm=28&gl=DE&sxsrf=APpeQnvbtuQyLYBS4RMtsK5oUCBb62wYvw%3A1785762396033&ei=XJJwavy_AZ3EkPIP5PSRgAU&biw=1530&bih=786&oq=livingroom+furniture&gs_lp=Ehlnd3Mtd2l6LW1vZGVsZXNzLXNob3BwaW5nIhRsaXZpbmdyb29tIGZ1cm5pdHVyZSoCCAAyCRAAGIAEGAoYCzIJEAAYgAQYChgLMgkQABiABBgKGAsyCRAAGIAEGAoYCzIJEAAYgAQYChgLMgkQABiABBgKGAsyCRAAGIAEGAoYCzIJEAAYgAQYChgLMgkQABiABBgKGAsyCRAAGIAEGAoYC0ibNVDKD1ijK3ADeAGQAQCYAXqgAYMJqgEEMC4xMLgBA8gBAPgBAZgCDaACggrCAgoQABhHGNYEGLADwgIFEAAYgATCAgYQABgHGB7CAgcQABiABBgNwgIKEAAYgAQYDRjWBcICCBAAGAcYHhgKmAMAiAYBkAYIkgcEMy4xMKAHjEqyBwQwLjEwuAffCcIHBTItNi43yAdigAgB&sclient=gws-wiz-modeless-shopping,Multifunctional Sofa Bed,https://encrypted-tbn1.gstatic.com/shopping?q=tbn:ANd9GcRaGWuy8ick9MB0KfMvy0Myr8IrdF7jQr6gOSDcEiVSXvctkZRAwmEZZUqfJFaWkcrwRaQLYPTyFW5nJBFWpaeJ_n9jQVf5djvLAIJj9tc,"€2,954.38",My Aashis,16033692309465880265,13245618835480192633,17861126219821257443
https://www.google.com/search?q=living+room+furniture&sca_esv=d64b47f615dedb78&udm=28&gl=DE&sxsrf=APpeQnvbtuQyLYBS4RMtsK5oUCBb62wYvw%3A1785762396033&ei=XJJwavy_AZ3EkPIP5PSRgAU&biw=1530&bih=786&oq=livingroom+furniture&gs_lp=Ehlnd3Mtd2l6LW1vZGVsZXNzLXNob3BwaW5nIhRsaXZpbmdyb29tIGZ1cm5pdHVyZSoCCAAyCRAAGIAEGAoYCzIJEAAYgAQYChgLMgkQABiABBgKGAsyCRAAGIAEGAoYCzIJEAAYgAQYChgLMgkQABiABBgKGAsyCRAAGIAEGAoYCzIJEAAYgAQYChgLMgkQABiABBgKGAsyCRAAGIAEGAoYC0ibNVDKD1ijK3ADeAGQAQCYAXqgAYMJqgEEMC4xMLgBA8gBAPgBAZgCDaACggrCAgoQABhHGNYEGLADwgIFEAAYgATCAgYQABgHGB7CAgcQABiABBgNwgIKEAAYgAQYDRjWBcICCBAAGAcYHhgKmAMAiAYBkAYIkgcEMy4xMKAHjEqyBwQwLjEwuAffCcIHBTItNi43yAdigAgB&sclient=gws-wiz-modeless-shopping,Frama Symmetry Lounge Chair,https://encrypted-tbn0.gstatic.com/shopping?q=tbn:ANd9GcTL_zgljB1WBI0YmgZHGcBR-Aimc3ND-3CWBXpfIEjfBjFDApqBlr77DevHaBzTVLJGL7UxOgEw8Mjk7jo4I1XqaqFrGfFQeIvPEoMkRnpPWazON2yI6rcMLg,"€3,920.00",FRAMA,10085501210680760281,3416789777964781973,17410911630907761932
https://www.google.com/search?q=dining+furniture&sca_esv=d64b47f615dedb78&udm=28&gl=DE&biw=1530&bih=786&sxsrf=APpeQnsqNIRORTz5CM0gAdmKMkb4Kvyf7w%3A1785762408176&ei=aJJwaruwCuv5seMPhMuTkAU&oq=dinnin+furniture&gs_lp=Ehlnd3Mtd2l6LW1vZGVsZXNzLXNob3BwaW5nIhBkaW5uaW4gZnVybml0dXJlKgIIADIHEAAYgAQYDTIHEAAYgAQYDTIHEAAYgAQYDTIHEAAYgAQYDTIHEAAYgAQYDTIHEAAYgAQYDTIHEAAYgAQYDTIHEAAYgAQYDTIHEAAYgAQYDTIHEAAYgAQYDUiRJlCREFiBF3ACeAGQAQCYAYYBoAHfBaoBAzAuNrgBA8gBAPgBAZgCB6AC-ATCAgoQABhHGNYEGLADwgIGEAAYBxgewgIKEAAYgAQYDRjWBcICCBAAGAcYHhgKwgIIEAAYCBgHGB7CAgoQABgIGAcYHhgKwgIJEAAYHhgNGNYFmAMAiAYBkAYIkgcDMi41oAeNJLIHAzAuNbgH8gTCBwMwLjfIBw-ACAE&sclient=gws-wiz-modeless-shopping,IKEA HÄGERNÄS table and 4 chairs,https://encrypted-tbn1.gstatic.com/shopping?q=tbn:ANd9GcQaJaedZChaFltRvM1E59wpSGJU_H0Mz44piJ6BZrtoegiMVjJIJ4CnkioS7Ez3TubOnBJv8YwKdmwjCgoquGk246zY-IXb_CoL4fpsBWjEizjueCmw2G5Nfg,€199.00,IKEA Deutschland,5797097642912693,13947931278367730607,9320597512646206390
https://www.google.com/search?q=dining+furniture&sca_esv=d64b47f615dedb78&udm=28&gl=DE&biw=1530&bih=786&sxsrf=APpeQnsqNIRORTz5CM0gAdmKMkb4Kvyf7w%3A1785762408176&ei=aJJwaruwCuv5seMPhMuTkAU&oq=dinnin+furniture&gs_lp=Ehlnd3Mtd2l6LW1vZGVsZXNzLXNob3BwaW5nIhBkaW5uaW4gZnVybml0dXJlKgIIADIHEAAYgAQYDTIHEAAYgAQYDTIHEAAYgAQYDTIHEAAYgAQYDTIHEAAYgAQYDTIHEAAYgAQYDTIHEAAYgAQYDTIHEAAYgAQYDTIHEAAYgAQYDTIHEAAYgAQYDUiRJlCREFiBF3ACeAGQAQCYAYYBoAHfBaoBAzAuNrgBA8gBAPgBAZgCB6AC-ATCAgoQABhHGNYEGLADwgIGEAAYBxgewgIKEAAYgAQYDRjWBcICCBAAGAcYHhgKwgIIEAAYCBgHGB7CAgoQABgIGAcYHhgKwgIJEAAYHhgNGNYFmAMAiAYBkAYIkgcDMi41oAeNJLIHAzAuNbgH8gTCBwMwLjfIBw-ACAE&sclient=gws-wiz-modeless-shopping,1200mm-1600mm Gray Extendable Dining Table with Fluted Base and Storage,https://encrypted-tbn1.gstatic.com/shopping?q=tbn:ANd9GcQZLYCDI9dAKzW5iPDFqLg6Gf0XfDqJyeKQAGg2gfWHlHhZl_YVp1fDvwPknCkXKhIr9AToBx4sPrXfJ-qVNDp5KDoeqoKOOWo3YeAeK0e0,€599.99,Homary.com,541598194410114757,10478432495503951856,14682706370135494128
https://www.google.com/search?q=dining+furniture&sca_esv=d64b47f615dedb78&udm=28&gl=DE&biw=1530&bih=786&sxsrf=APpeQnsqNIRORTz5CM0gAdmKMkb4Kvyf7w%3A1785762408176&ei=aJJwaruwCuv5seMPhMuTkAU&oq=dinnin+furniture&gs_lp=Ehlnd3Mtd2l6LW1vZGVsZXNzLXNob3BwaW5nIhBkaW5uaW4gZnVybml0dXJlKgIIADIHEAAYgAQYDTIHEAAYgAQYDTIHEAAYgAQYDTIHEAAYgAQYDTIHEAAYgAQYDTIHEAAYgAQYDTIHEAAYgAQYDTIHEAAYgAQYDTIHEAAYgAQYDTIHEAAYgAQYDUiRJlCREFiBF3ACeAGQAQCYAYYBoAHfBaoBAzAuNrgBA8gBAPgBAZgCB6AC-ATCAgoQABhHGNYEGLADwgIGEAAYBxgewgIKEAAYgAQYDRjWBcICCBAAGAcYHhgKwgIIEAAYCBgHGB7CAgoQABgIGAcYHhgKwgIJEAAYHhgNGNYFmAMAiAYBkAYIkgcDMi41oAeNJLIHAzAuNbgH8gTCBwMwLjfIBw-ACAE&sclient=gws-wiz-modeless-shopping,IKEA ÅLHULT extendable table,https://encrypted-tbn2.gstatic.com/shopping?q=tbn:ANd9GcTqwaV7I1J1ooW3Lfd7w_rjKb4lohL9YtGiS5I48sFP1138FgZCryXZEePhu5DBHa4cnxykdbfTt3EXA2mUeDy6O3bnsqqNhdiz5ER4smp_BpPz2awUJq2g,€199.00,IKEA Deutschland,17327115902637336410,3741359378468406818,15509293631417062230
https://www.google.com/search?q=dining+furniture&sca_esv=d64b47f615dedb78&udm=28&gl=DE&biw=1530&bih=786&sxsrf=APpeQnsqNIRORTz5CM0gAdmKMkb4Kvyf7w%3A1785762408176&ei=aJJwaruwCuv5seMPhMuTkAU&oq=dinnin+furniture&gs_lp=Ehlnd3Mtd2l6LW1vZGVsZXNzLXNob3BwaW5nIhBkaW5uaW4gZnVybml0dXJlKgIIADIHEAAYgAQYDTIHEAAYgAQYDTIHEAAYgAQYDTIHEAAYgAQYDTIHEAAYgAQYDTIHEAAYgAQYDTIHEAAYgAQYDTIHEAAYgAQYDTIHEAAYgAQYDTIHEAAYgAQYDUiRJlCREFiBF3ACeAGQAQCYAYYBoAHfBaoBAzAuNrgBA8gBAPgBAZgCB6AC-ATCAgoQABhHGNYEGLADwgIGEAAYBxgewgIKEAAYgAQYDRjWBcICCBAAGAcYHhgKwgIIEAAYCBgHGB7CAgoQABgIGAcYHhgKwgIJEAAYHhgNGNYFmAMAiAYBkAYIkgcDMi41oAeNJLIHAzAuNbgH8gTCBwMwLjfIBw-ACAE&sclient=gws-wiz-modeless-shopping,Oak dining table and bench wood HYGG,https://encrypted-tbn0.gstatic.com/shopping?q=tbn:ANd9GcSMEAiPU-M2Y2jzasZ_DmnLgjQe3BncVR4xvl98uLIygnBgUTZCY0tgbTz5j2VNgI7pf7xQO0IHDfsrDH5CGDecNiN54lJJH5zrkwyhymwtKs3HoM1eeKvN,"€2,552.00",Mo Woodwork,13310798543105814981,9098196073096448917,11269917178111374018
https://www.google.com/search?q=dining+furniture&sca_esv=d64b47f615dedb78&udm=28&gl=DE&biw=1530&bih=786&sxsrf=APpeQnsqNIRORTz5CM0gAdmKMkb4Kvyf7w%3A1785762408176&ei=aJJwaruwCuv5seMPhMuTkAU&oq=dinnin+furniture&gs_lp=Ehlnd3Mtd2l6LW1vZGVsZXNzLXNob3BwaW5nIhBkaW5uaW4gZnVybml0dXJlKgIIADIHEAAYgAQYDTIHEAAYgAQYDTIHEAAYgAQYDTIHEAAYgAQYDTIHEAAYgAQYDTIHEAAYgAQYDTIHEAAYgAQYDTIHEAAYgAQYDTIHEAAYgAQYDTIHEAAYgAQYDUiRJlCREFiBF3ACeAGQAQCYAYYBoAHfBaoBAzAuNrgBA8gBAPgBAZgCB6AC-ATCAgoQABhHGNYEGLADwgIGEAAYBxgewgIKEAAYgAQYDRjWBcICCBAAGAcYHhgKwgIIEAAYCBgHGB7CAgoQABgIGAcYHhgKwgIJEAAYHhgNGNYFmAMAiAYBkAYIkgcDMi41oAeNJLIHAzAuNbgH8gTCBwMwLjfIBw-ACAE&sclient=gws-wiz-modeless-shopping,Round Travertine Effect Dining Table Jackson in various sizes Beige,https://encrypted-tbn2.gstatic.com/shopping?q=tbn:ANd9GcSbxneng6VI12iQDUsJV2lfbWub-cozl2XIdlhJ6jQmb8Q7JSiFOS1gPgpKP4UfrFWW6c489-YZliHpfzqg0URK1qDRqHd4htE2Zr8KXw-vqRp4W67qrYFT,€499.00,westwing.de,8834240090679356195,1218241530443149957,7058647984717624097
https://www.google.com/search?q=dining+furniture&sca_esv=d64b47f615dedb78&udm=28&gl=DE&biw=1530&bih=786&sxsrf=APpeQnsqNIRORTz5CM0gAdmKMkb4Kvyf7w%3A1785762408176&ei=aJJwaruwCuv5seMPhMuTkAU&oq=dinnin+furniture&gs_lp=Ehlnd3Mtd2l6LW1vZGVsZXNzLXNob3BwaW5nIhBkaW5uaW4gZnVybml0dXJlKgIIADIHEAAYgAQYDTIHEAAYgAQYDTIHEAAYgAQYDTIHEAAYgAQYDTIHEAAYgAQYDTIHEAAYgAQYDTIHEAAYgAQYDTIHEAAYgAQYDTIHEAAYgAQYDTIHEAAYgAQYDUiRJlCREFiBF3ACeAGQAQCYAYYBoAHfBaoBAzAuNrgBA8gBAPgBAZgCB6AC-ATCAgoQABhHGNYEGLADwgIGEAAYBxgewgIKEAAYgAQYDRjWBcICCBAAGAcYHhgKwgIIEAAYCBgHGB7CAgoQABgIGAcYHhgKwgIJEAAYHhgNGNYFmAMAiAYBkAYIkgcDMi41oAeNJLIHAzAuNbgH8gTCBwMwLjfIBw-ACAE&sclient=gws-wiz-modeless-shopping,IKEA MELLANSEL extendable table,https://encrypted-tbn0.gstatic.com/shopping?q=tbn:ANd9GcTkZA_wC05-zIPStOezzUAin06QR79alTT82Ne4XHVL2ZFzjVD_oXcS8YsOBtNUE0nXNQqgPG-3v-LRLJwTVOkSGOQDmhP3Dlue0gw1IhVEr5xAOnch7jX9qw,€599.00,IKEA Deutschland,7239728926056021419,8388580815702706354,15780593495936385985
https://www.google.com/search?q=dining+furniture&sca_esv=d64b47f615dedb78&udm=28&gl=DE&biw=1530&bih=786&sxsrf=APpeQnsqNIRORTz5CM0gAdmKMkb4Kvyf7w%3A1785762408176&ei=aJJwaruwCuv5seMPhMuTkAU&oq=dinnin+furniture&gs_lp=Ehlnd3Mtd2l6LW1vZGVsZXNzLXNob3BwaW5nIhBkaW5uaW4gZnVybml0dXJlKgIIADIHEAAYgAQYDTIHEAAYgAQYDTIHEAAYgAQYDTIHEAAYgAQYDTIHEAAYgAQYDTIHEAAYgAQYDTIHEAAYgAQYDTIHEAAYgAQYDTIHEAAYgAQYDTIHEAAYgAQYDUiRJlCREFiBF3ACeAGQAQCYAYYBoAHfBaoBAzAuNrgBA8gBAPgBAZgCB6AC-ATCAgoQABhHGNYEGLADwgIGEAAYBxgewgIKEAAYgAQYDRjWBcICCBAAGAcYHhgKwgIIEAAYCBgHGB7CAgoQABgIGAcYHhgKwgIJEAAYHhgNGNYFmAMAiAYBkAYIkgcDMi41oAeNJLIHAzAuNbgH8gTCBwMwLjfIBw-ACAE&sclient=gws-wiz-modeless-shopping,HAY Copenhague CPH25 Table Ø 140 cm,https://encrypted-tbn3.gstatic.com/favicon-tbn?q=tbn%3AANd9GcQqFFI5KMI9ugi83vc4D02MRI93qw0Ton5h-kbZW4f-GjKasQU53CF52NNEvaxYZ7GM0u9aoNitNyNWBpu3NhtV-432hCaFlsERMM8,"€1,917.31",Frama Space,4852513240444723540,6480701011026239236,17992869724771461202
https://www.google.com/search?q=dining+furniture&sca_esv=d64b47f615dedb78&udm=28&gl=DE&biw=1530&bih=786&sxsrf=APpeQnsqNIRORTz5CM0gAdmKMkb4Kvyf7w%3A1785762408176&ei=aJJwaruwCuv5seMPhMuTkAU&oq=dinnin+furniture&gs_lp=Ehlnd3Mtd2l6LW1vZGVsZXNzLXNob3BwaW5nIhBkaW5uaW4gZnVybml0dXJlKgIIADIHEAAYgAQYDTIHEAAYgAQYDTIHEAAYgAQYDTIHEAAYgAQYDTIHEAAYgAQYDTIHEAAYgAQYDTIHEAAYgAQYDTIHEAAYgAQYDTIHEAAYgAQYDTIHEAAYgAQYDUiRJlCREFiBF3ACeAGQAQCYAYYBoAHfBaoBAzAuNrgBA8gBAPgBAZgCB6AC-ATCAgoQABhHGNYEGLADwgIGEAAYBxgewgIKEAAYgAQYDRjWBcICCBAAGAcYHhgKwgIIEAAYCBgHGB7CAgoQABgIGAcYHhgKwgIJEAAYHhgNGNYFmAMAiAYBkAYIkgcDMi41oAeNJLIHAzAuNbgH8gTCBwMwLjfIBw-ACAE&sclient=gws-wiz-modeless-shopping,Reclaimed Wood Dining Table Reclaimed Collection SEATS,https://encrypted-tbn3.gstatic.com/shopping?q=tbn:ANd9GcTdNwnFrQlJ9iX8hfwA_pdE4VPINKU7Paub6qA-wjfCs_ZlN2DtaZSu6pSISPDq_YVq-hUT5GADmqa_PbbcmaFhRXqqokV5c_vgBYUSm-tdt2RBQldhTdjd,€675.95,7MAGOKfurniture,14207513881827483316,12954302701553677870,14967070311928634320
https://www.google.com/search?q=dining+furniture&sca_esv=d64b47f615dedb78&udm=28&gl=DE&biw=1530&bih=786&sxsrf=APpeQnsqNIRORTz5CM0gAdmKMkb4Kvyf7w%3A1785762408176&ei=aJJwaruwCuv5seMPhMuTkAU&oq=dinnin+furniture&gs_lp=Ehlnd3Mtd2l6LW1vZGVsZXNzLXNob3BwaW5nIhBkaW5uaW4gZnVybml0dXJlKgIIADIHEAAYgAQYDTIHEAAYgAQYDTIHEAAYgAQYDTIHEAAYgAQYDTIHEAAYgAQYDTIHEAAYgAQYDTIHEAAYgAQYDTIHEAAYgAQYDTIHEAAYgAQYDTIHEAAYgAQYDUiRJlCREFiBF3ACeAGQAQCYAYYBoAHfBaoBAzAuNrgBA8gBAPgBAZgCB6AC-ATCAgoQABhHGNYEGLADwgIGEAAYBxgewgIKEAAYgAQYDRjWBcICCBAAGAcYHhgKwgIIEAAYCBgHGB7CAgoQABgIGAcYHhgKwgIJEAAYHhgNGNYFmAMAiAYBkAYIkgcDMi41oAeNJLIHAzAuNbgH8gTCBwMwLjfIBw-ACAE&sclient=gws-wiz-modeless-shopping,IKEA NORDVIKEN extendable table,https://encrypted-tbn3.gstatic.com/shopping?q=tbn:ANd9GcRwXCd9X_8Wu_jH65IlDb0ilxN0eo0ASdFuAllPcD1VLWuZGzOwnjVZiXTa63KZH2sjSWCScKrxAGFXjBbLD_gl6QHu2onfp0ts2CSSCE89ToP5FKoDaIuxng,€599.00,IKEA Deutschland,15508546142867542099,5628009712267648187,3966654664725431761
https://www.google.com/search?q=dining+furniture&sca_esv=d64b47f615dedb78&udm=28&gl=DE&biw=1530&bih=786&sxsrf=APpeQnsqNIRORTz5CM0gAdmKMkb4Kvyf7w%3A1785762408176&ei=aJJwaruwCuv5seMPhMuTkAU&oq=dinnin+furniture&gs_lp=Ehlnd3Mtd2l6LW1vZGVsZXNzLXNob3BwaW5nIhBkaW5uaW4gZnVybml0dXJlKgIIADIHEAAYgAQYDTIHEAAYgAQYDTIHEAAYgAQYDTIHEAAYgAQYDTIHEAAYgAQYDTIHEAAYgAQYDTIHEAAYgAQYDTIHEAAYgAQYDTIHEAAYgAQYDTIHEAAYgAQYDUiRJlCREFiBF3ACeAGQAQCYAYYBoAHfBaoBAzAuNrgBA8gBAPgBAZgCB6AC-ATCAgoQABhHGNYEGLADwgIGEAAYBxgewgIKEAAYgAQYDRjWBcICCBAAGAcYHhgKwgIIEAAYCBgHGB7CAgoQABgIGAcYHhgKwgIJEAAYHhgNGNYFmAMAiAYBkAYIkgcDMi41oAeNJLIHAzAuNbgH8gTCBwMwLjfIBw-ACAE&sclient=gws-wiz-modeless-shopping,Elmer Dining Table White Top,https://encrypted-tbn1.gstatic.com/shopping?q=tbn:ANd9GcSKiBC6qQvcDr55G0hLGhig58J3mbcFbMOv0bjAv-UzfXS3GnmJoHsNmDsMK0WZc1k354qirKPiCLbJTBA6R8cqRjTz8ku1v_XPd6Qc27vQ,€885.33,Rit Concept,15014945910972800474,17797395840547454977,11898308076689337016
https://www.google.com/search?q=dining+furniture&sca_esv=d64b47f615dedb78&udm=28&gl=DE&biw=1530&bih=786&sxsrf=APpeQnsqNIRORTz5CM0gAdmKMkb4Kvyf7w%3A1785762408176&ei=aJJwaruwCuv5seMPhMuTkAU&oq=dinnin+furniture&gs_lp=Ehlnd3Mtd2l6LW1vZGVsZXNzLXNob3BwaW5nIhBkaW5uaW4gZnVybml0dXJlKgIIADIHEAAYgAQYDTIHEAAYgAQYDTIHEAAYgAQYDTIHEAAYgAQYDTIHEAAYgAQYDTIHEAAYgAQYDTIHEAAYgAQYDTIHEAAYgAQYDTIHEAAYgAQYDTIHEAAYgAQYDUiRJlCREFiBF3ACeAGQAQCYAYYBoAHfBaoBAzAuNrgBA8gBAPgBAZgCB6AC-ATCAgoQABhHGNYEGLADwgIGEAAYBxgewgIKEAAYgAQYDRjWBcICCBAAGAcYHhgKwgIIEAAYCBgHGB7CAgoQABgIGAcYHhgKwgIJEAAYHhgNGNYFmAMAiAYBkAYIkgcDMi41oAeNJLIHAzAuNbgH8gTCBwMwLjfIBw-ACAE&sclient=gws-wiz-modeless-shopping,IKEA HÄGERNÄS table and 4 chairs,,€199.00,IKEA Deutschland,5797097642912693,13947931278367730607,9320597512646206390
https://www.google.com/search?q=dining+furniture&sca_esv=d64b47f615dedb78&udm=28&gl=DE&biw=1530&bih=786&sxsrf=APpeQnsqNIRORTz5CM0gAdmKMkb4Kvyf7w%3A1785762408176&ei=aJJwaruwCuv5seMPhMuTkAU&oq=dinnin+furniture&gs_lp=Ehlnd3Mtd2l6LW1vZGVsZXNzLXNob3BwaW5nIhBkaW5uaW4gZnVybml0dXJlKgIIADIHEAAYgAQYDTIHEAAYgAQYDTIHEAAYgAQYDTIHEAAYgAQYDTIHEAAYgAQYDTIHEAAYgAQYDTIHEAAYgAQYDTIHEAAYgAQYDTIHEAAYgAQYDTIHEAAYgAQYDUiRJlCREFiBF3ACeAGQAQCYAYYBoAHfBaoBAzAuNrgBA8gBAPgBAZgCB6AC-ATCAgoQABhHGNYEGLADwgIGEAAYBxgewgIKEAAYgAQYDRjWBcICCBAAGAcYHhgKwgIIEAAYCBgHGB7CAgoQABgIGAcYHhgKwgIJEAAYHhgNGNYFmAMAiAYBkAYIkgcDMi41oAeNJLIHAzAuNbgH8gTCBwMwLjfIBw-ACAE&sclient=gws-wiz-modeless-shopping,Round Travertine Effect Dining Table Jackson in various sizes Beige,,€499.00,westwing.de,8834240090679356195,1218241530443149957,7058647984717624097
https://www.google.com/search?q=dining+furniture&sca_esv=d64b47f615dedb78&udm=28&gl=DE&biw=1530&bih=786&sxsrf=APpeQnsqNIRORTz5CM0gAdmKMkb4Kvyf7w%3A1785762408176&ei=aJJwaruwCuv5seMPhMuTkAU&oq=dinnin+furniture&gs_lp=Ehlnd3Mtd2l6LW1vZGVsZXNzLXNob3BwaW5nIhBkaW5uaW4gZnVybml0dXJlKgIIADIHEAAYgAQYDTIHEAAYgAQYDTIHEAAYgAQYDTIHEAAYgAQYDTIHEAAYgAQYDTIHEAAYgAQYDTIHEAAYgAQYDTIHEAAYgAQYDTIHEAAYgAQYDTIHEAAYgAQYDUiRJlCREFiBF3ACeAGQAQCYAYYBoAHfBaoBAzAuNrgBA8gBAPgBAZgCB6AC-ATCAgoQABhHGNYEGLADwgIGEAAYBxgewgIKEAAYgAQYDRjWBcICCBAAGAcYHhgKwgIIEAAYCBgHGB7CAgoQABgIGAcYHhgKwgIJEAAYHhgNGNYFmAMAiAYBkAYIkgcDMi41oAeNJLIHAzAuNbgH8gTCBwMwLjfIBw-ACAE&sclient=gws-wiz-modeless-shopping,IKEA ÅLHULT extendable table,,€199.00,IKEA Deutschland,17327115902637336410,3741359378468406818,15509293631417062230
https://www.google.com/search?q=dining+furniture&sca_esv=d64b47f615dedb78&udm=28&gl=DE&biw=1530&bih=786&sxsrf=APpeQnsqNIRORTz5CM0gAdmKMkb4Kvyf7w%3A1785762408176&ei=aJJwaruwCuv5seMPhMuTkAU&oq=dinnin+furniture&gs_lp=Ehlnd3Mtd2l6LW1vZGVsZXNzLXNob3BwaW5nIhBkaW5uaW4gZnVybml0dXJlKgIIADIHEAAYgAQYDTIHEAAYgAQYDTIHEAAYgAQYDTIHEAAYgAQYDTIHEAAYgAQYDTIHEAAYgAQYDTIHEAAYgAQYDTIHEAAYgAQYDTIHEAAYgAQYDTIHEAAYgAQYDUiRJlCREFiBF3ACeAGQAQCYAYYBoAHfBaoBAzAuNrgBA8gBAPgBAZgCB6AC-ATCAgoQABhHGNYEGLADwgIGEAAYBxgewgIKEAAYgAQYDRjWBcICCBAAGAcYHhgKwgIIEAAYCBgHGB7CAgoQABgIGAcYHhgKwgIJEAAYHhgNGNYFmAMAiAYBkAYIkgcDMi41oAeNJLIHAzAuNbgH8gTCBwMwLjfIBw-ACAE&sclient=gws-wiz-modeless-shopping,"Homestyle4u Essgruppe Tische 2/4 Stühle rund Ø110 2/4 Samt grau Metallgestell Stein Kufen, (3-tlg), 3-teilig, kratzfest, mspritzwasserfest",,€369.95,otto.de,7287679445771106947,,
https://www.google.com/search?q=dining+furniture&sca_esv=d64b47f615dedb78&udm=28&gl=DE&biw=1530&bih=786&sxsrf=APpeQnsqNIRORTz5CM0gAdmKMkb4Kvyf7w%3A1785762408176&ei=aJJwaruwCuv5seMPhMuTkAU&oq=dinnin+furniture&gs_lp=Ehlnd3Mtd2l6LW1vZGVsZXNzLXNob3BwaW5nIhBkaW5uaW4gZnVybml0dXJlKgIIADIHEAAYgAQYDTIHEAAYgAQYDTIHEAAYgAQYDTIHEAAYgAQYDTIHEAAYgAQYDTIHEAAYgAQYDTIHEAAYgAQYDTIHEAAYgAQYDTIHEAAYgAQYDTIHEAAYgAQYDUiRJlCREFiBF3ACeAGQAQCYAYYBoAHfBaoBAzAuNrgBA8gBAPgBAZgCB6AC-ATCAgoQABhHGNYEGLADwgIGEAAYBxgewgIKEAAYgAQYDRjWBcICCBAAGAcYHhgKwgIIEAAYCBgHGB7CAgoQABgIGAcYHhgKwgIJEAAYHhgNGNYFmAMAiAYBkAYIkgcDMi41oAeNJLIHAzAuNbgH8gTCBwMwLjfIBw-ACAE&sclient=gws-wiz-modeless-shopping,IKEA TOSSBERG chair,,€99.99,IKEA Deutschland,2805429625271998403,5560949312234104600,13588239634531142824
https://www.google.com/search?q=dining+furniture&sca_esv=d64b47f615dedb78&udm=28&gl=DE&biw=1530&bih=786&sxsrf=APpeQnsqNIRORTz5CM0gAdmKMkb4Kvyf7w%3A1785762408176&ei=aJJwaruwCuv5seMPhMuTkAU&oq=dinnin+furniture&gs_lp=Ehlnd3Mtd2l6LW1vZGVsZXNzLXNob3BwaW5nIhBkaW5uaW4gZnVybml0dXJlKgIIADIHEAAYgAQYDTIHEAAYgAQYDTIHEAAYgAQYDTIHEAAYgAQYDTIHEAAYgAQYDTIHEAAYgAQYDTIHEAAYgAQYDTIHEAAYgAQYDTIHEAAYgAQYDTIHEAAYgAQYDUiRJlCREFiBF3ACeAGQAQCYAYYBoAHfBaoBAzAuNrgBA8gBAPgBAZgCB6AC-ATCAgoQABhHGNYEGLADwgIGEAAYBxgewgIKEAAYgAQYDRjWBcICCBAAGAcYHhgKwgIIEAAYCBgHGB7CAgoQABgIGAcYHhgKwgIJEAAYHhgNGNYFmAMAiAYBkAYIkgcDMi41oAeNJLIHAzAuNbgH8gTCBwMwLjfIBw-ACAE&sclient=gws-wiz-modeless-shopping,IKEA MELLANSEL extendable table,https://encrypted-tbn0.gstatic.com/shopping?q=tbn:ANd9GcTPgf9KHR1GnvgsODzN2FGV--SmAT3dSmQLOVddV6HLfh3oGsff7YwjWWoL3tTUkQTcSrqXb00arIvv65EBAltdOJNXgSf3zxnEulEXb0TtFCzaf8qMXxIvOA,€599.00,IKEA Deutschland,7239728926056021419,8388580815702706354,15780593495936385985
https://www.google.com/search?q=dining+furniture&sca_esv=d64b47f615dedb78&udm=28&gl=DE&biw=1530&bih=786&sxsrf=APpeQnsqNIRORTz5CM0gAdmKMkb4Kvyf7w%3A1785762408176&ei=aJJwaruwCuv5seMPhMuTkAU&oq=dinnin+furniture&gs_lp=Ehlnd3Mtd2l6LW1vZGVsZXNzLXNob3BwaW5nIhBkaW5uaW4gZnVybml0dXJlKgIIADIHEAAYgAQYDTIHEAAYgAQYDTIHEAAYgAQYDTIHEAAYgAQYDTIHEAAYgAQYDTIHEAAYgAQYDTIHEAAYgAQYDTIHEAAYgAQYDTIHEAAYgAQYDTIHEAAYgAQYDUiRJlCREFiBF3ACeAGQAQCYAYYBoAHfBaoBAzAuNrgBA8gBAPgBAZgCB6AC-ATCAgoQABhHGNYEGLADwgIGEAAYBxgewgIKEAAYgAQYDRjWBcICCBAAGAcYHhgKwgIIEAAYCBgHGB7CAgoQABgIGAcYHhgKwgIJEAAYHhgNGNYFmAMAiAYBkAYIkgcDMi41oAeNJLIHAzAuNbgH8gTCBwMwLjfIBw-ACAE&sclient=gws-wiz-modeless-shopping,1200mm-1600mm Gray Extendable Dining Table with Fluted Base and Storage,https://encrypted-tbn1.gstatic.com/shopping?q=tbn:ANd9GcTo37DBsaJwvamwmw4vX_RRKyKuBU5qDbcuTdNpcQNxc3_buZwXZz4Eb-g9l7uQBRwyHEZA8YHTccZFuOtnxWz8FRbO3hMd7Gdj-X9Hvsz3,€599.99,Homary.com,541598194410114757,10478432495503951856,14682706370135494128
https://www.google.com/search?q=dining+furniture&sca_esv=d64b47f615dedb78&udm=28&gl=DE&biw=1530&bih=786&sxsrf=APpeQnsqNIRORTz5CM0gAdmKMkb4Kvyf7w%3A1785762408176&ei=aJJwaruwCuv5seMPhMuTkAU&oq=dinnin+furniture&gs_lp=Ehlnd3Mtd2l6LW1vZGVsZXNzLXNob3BwaW5nIhBkaW5uaW4gZnVybml0dXJlKgIIADIHEAAYgAQYDTIHEAAYgAQYDTIHEAAYgAQYDTIHEAAYgAQYDTIHEAAYgAQYDTIHEAAYgAQYDTIHEAAYgAQYDTIHEAAYgAQYDTIHEAAYgAQYDTIHEAAYgAQYDUiRJlCREFiBF3ACeAGQAQCYAYYBoAHfBaoBAzAuNrgBA8gBAPgBAZgCB6AC-ATCAgoQABhHGNYEGLADwgIGEAAYBxgewgIKEAAYgAQYDRjWBcICCBAAGAcYHhgKwgIIEAAYCBgHGB7CAgoQABgIGAcYHhgKwgIJEAAYHhgNGNYFmAMAiAYBkAYIkgcDMi41oAeNJLIHAzAuNbgH8gTCBwMwLjfIBw-ACAE&sclient=gws-wiz-modeless-shopping,IKEA NORDVIKEN extendable table,https://encrypted-tbn3.gstatic.com/shopping?q=tbn:ANd9GcQ1iiY2KKH_faTF_cqpT9VePLsGC43_8bK1OiyxVUU1IhWZZVh0ajj4vcbCDAYlVuRC0588GQ4n_VB6naQ_Aog6OaT3oo_2XU6efEAd4XSKHmpLzCLArYd7SA,€599.00,IKEA Deutschland,15508546142867542099,5628009712267648187,3966654664725431761
https://www.google.com/search?q=dining+furniture&sca_esv=d64b47f615dedb78&udm=28&gl=DE&biw=1530&bih=786&sxsrf=APpeQnsqNIRORTz5CM0gAdmKMkb4Kvyf7w%3A1785762408176&ei=aJJwaruwCuv5seMPhMuTkAU&oq=dinnin+furniture&gs_lp=Ehlnd3Mtd2l6LW1vZGVsZXNzLXNob3BwaW5nIhBkaW5uaW4gZnVybml0dXJlKgIIADIHEAAYgAQYDTIHEAAYgAQYDTIHEAAYgAQYDTIHEAAYgAQYDTIHEAAYgAQYDTIHEAAYgAQYDTIHEAAYgAQYDTIHEAAYgAQYDTIHEAAYgAQYDTIHEAAYgAQYDUiRJlCREFiBF3ACeAGQAQCYAYYBoAHfBaoBAzAuNrgBA8gBAPgBAZgCB6AC-ATCAgoQABhHGNYEGLADwgIGEAAYBxgewgIKEAAYgAQYDRjWBcICCBAAGAcYHhgKwgIIEAAYCBgHGB7CAgoQABgIGAcYHhgKwgIJEAAYHhgNGNYFmAMAiAYBkAYIkgcDMi41oAeNJLIHAzAuNbgH8gTCBwMwLjfIBw-ACAE&sclient=gws-wiz-modeless-shopping,Reclaimed Wood Dining Table Reclaimed Collection SEATS,https://encrypted-tbn3.gstatic.com/shopping?q=tbn:ANd9GcTJ7C9oZvofUISBq6FjfOkOGo3CRLDg_ttMhWsD38fSeFPjhVqw9r8lO5wy-S4CZK8-AR3XXtH9QdR_AjM2WcUZINIRE8Je1q0IXk2lHxevzk-DH5zprbHq,€675.95,7MAGOKfurniture,14207513881827483316,12954302701553677870,14967070311928634320
https://www.google.com/search?q=dining+furniture&sca_esv=d64b47f615dedb78&udm=28&gl=DE&biw=1530&bih=786&sxsrf=APpeQnsqNIRORTz5CM0gAdmKMkb4Kvyf7w%3A1785762408176&ei=aJJwaruwCuv5seMPhMuTkAU&oq=dinnin+furniture&gs_lp=Ehlnd3Mtd2l6LW1vZGVsZXNzLXNob3BwaW5nIhBkaW5uaW4gZnVybml0dXJlKgIIADIHEAAYgAQYDTIHEAAYgAQYDTIHEAAYgAQYDTIHEAAYgAQYDTIHEAAYgAQYDTIHEAAYgAQYDTIHEAAYgAQYDTIHEAAYgAQYDTIHEAAYgAQYDTIHEAAYgAQYDUiRJlCREFiBF3ACeAGQAQCYAYYBoAHfBaoBAzAuNrgBA8gBAPgBAZgCB6AC-ATCAgoQABhHGNYEGLADwgIGEAAYBxgewgIKEAAYgAQYDRjWBcICCBAAGAcYHhgKwgIIEAAYCBgHGB7CAgoQABgIGAcYHhgKwgIJEAAYHhgNGNYFmAMAiAYBkAYIkgcDMi41oAeNJLIHAzAuNbgH8gTCBwMwLjfIBw-ACAE&sclient=gws-wiz-modeless-shopping,Elmer Dining Table White Top,https://encrypted-tbn1.gstatic.com/shopping?q=tbn:ANd9GcT__eosKWiSMC1lpBbHXDVqX_4Oe1kMz6kmKBwgx6ipUulnM5bR4mJ8mKfnKj2CbUfh6F37vRoGYnXl_0kKdNov3KMzW8QN4hkrq2EoEqqD,€885.33,Rit Concept,15014945910972800474,17797395840547454977,11898308076689337016
https://www.google.com/search?q=dining+furniture&sca_esv=d64b47f615dedb78&udm=28&gl=DE&biw=1530&bih=786&sxsrf=APpeQnsqNIRORTz5CM0gAdmKMkb4Kvyf7w%3A1785762408176&ei=aJJwaruwCuv5seMPhMuTkAU&oq=dinnin+furniture&gs_lp=Ehlnd3Mtd2l6LW1vZGVsZXNzLXNob3BwaW5nIhBkaW5uaW4gZnVybml0dXJlKgIIADIHEAAYgAQYDTIHEAAYgAQYDTIHEAAYgAQYDTIHEAAYgAQYDTIHEAAYgAQYDTIHEAAYgAQYDTIHEAAYgAQYDTIHEAAYgAQYDTIHEAAYgAQYDTIHEAAYgAQYDUiRJlCREFiBF3ACeAGQAQCYAYYBoAHfBaoBAzAuNrgBA8gBAPgBAZgCB6AC-ATCAgoQABhHGNYEGLADwgIGEAAYBxgewgIKEAAYgAQYDRjWBcICCBAAGAcYHhgKwgIIEAAYCBgHGB7CAgoQABgIGAcYHhgKwgIJEAAYHhgNGNYFmAMAiAYBkAYIkgcDMi41oAeNJLIHAzAuNbgH8gTCBwMwLjfIBw-ACAE&sclient=gws-wiz-modeless-shopping,IKEA STOCKHOLM 2025 table and 4 chairs,https://encrypted-tbn1.gstatic.com/shopping?q=tbn:ANd9GcRyy6-L9iUoBmxmxa0EEqpCxBM8UxJrDJwxE522G4gwg__ZmEMrLUz09d_J8Seeh43zkgPumoHz8Ck4NMf1X-Vs4tdpxCXI0T66oEW95DX4aP-aqh3uwFQ2,"€1,195.00",IKEA Deutschland,10376533010629439507,5123733898041094110,14605891477705935988
https://www.google.com/search?q=dining+furniture&sca_esv=d64b47f615dedb78&udm=28&gl=DE&biw=1530&bih=786&sxsrf=APpeQnsqNIRORTz5CM0gAdmKMkb4Kvyf7w%3A1785762408176&ei=aJJwaruwCuv5seMPhMuTkAU&oq=dinnin+furniture&gs_lp=Ehlnd3Mtd2l6LW1vZGVsZXNzLXNob3BwaW5nIhBkaW5uaW4gZnVybml0dXJlKgIIADIHEAAYgAQYDTIHEAAYgAQYDTIHEAAYgAQYDTIHEAAYgAQYDTIHEAAYgAQYDTIHEAAYgAQYDTIHEAAYgAQYDTIHEAAYgAQYDTIHEAAYgAQYDTIHEAAYgAQYDUiRJlCREFiBF3ACeAGQAQCYAYYBoAHfBaoBAzAuNrgBA8gBAPgBAZgCB6AC-ATCAgoQABhHGNYEGLADwgIGEAAYBxgewgIKEAAYgAQYDRjWBcICCBAAGAcYHhgKwgIIEAAYCBgHGB7CAgoQABgIGAcYHhgKwgIJEAAYHhgNGNYFmAMAiAYBkAYIkgcDMi41oAeNJLIHAzAuNbgH8gTCBwMwLjfIBw-ACAE&sclient=gws-wiz-modeless-shopping,SIENNA Extendable Dining Table Oak,https://encrypted-tbn3.gstatic.com/shopping?q=tbn:ANd9GcQNRvkNKOaKLVrmalI20tm-G8T1naktw1CMNg1tT3RJILrpduyqIHcGtTCWaenLI9ICIawm89RMtWXPWiiRrYSQ7dvLWpDuwCA4A7P8NttxnBobIkPBOmVn,"€1,380.00",Woodlandea,17860130836003608798,6100472007216838142,6821136005543519292
https://www.google.com/search?q=dining+furniture&sca_esv=d64b47f615dedb78&udm=28&gl=DE&biw=1530&bih=786&sxsrf=APpeQnsqNIRORTz5CM0gAdmKMkb4Kvyf7w%3A1785762408176&ei=aJJwaruwCuv5seMPhMuTkAU&oq=dinnin+furniture&gs_lp=Ehlnd3Mtd2l6LW1vZGVsZXNzLXNob3BwaW5nIhBkaW5uaW4gZnVybml0dXJlKgIIADIHEAAYgAQYDTIHEAAYgAQYDTIHEAAYgAQYDTIHEAAYgAQYDTIHEAAYgAQYDTIHEAAYgAQYDTIHEAAYgAQYDTIHEAAYgAQYDTIHEAAYgAQYDTIHEAAYgAQYDUiRJlCREFiBF3ACeAGQAQCYAYYBoAHfBaoBAzAuNrgBA8gBAPgBAZgCB6AC-ATCAgoQABhHGNYEGLADwgIGEAAYBxgewgIKEAAYgAQYDRjWBcICCBAAGAcYHhgKwgIIEAAYCBgHGB7CAgoQABgIGAcYHhgKwgIJEAAYHhgNGNYFmAMAiAYBkAYIkgcDMi41oAeNJLIHAzAuNbgH8gTCBwMwLjfIBw-ACAE&sclient=gws-wiz-modeless-shopping,IKEA MÖRBYLÅNGA / TOSSBERG table and 6 chairs oak veneer brown stained/Gunnared dark grey Black,https://encrypted-tbn2.gstatic.com/shopping?q=tbn:ANd9GcSjJFSnkRid2JFx1QQmJJQatTPlEzazNCr1kGsmYYhFFqPHi1CyKJKsS7CM1iaqbiBG_BjDHpUMuB467ARbwfaKDWsQO69LQ4dD7txD8Y32SPRYJoj4RJ9vSw,"€1,278.94",IKEA Deutschland,10251319277319235947,8542219753033831889,16873263782032024063
https://www.google.com/search?q=dining+furniture&sca_esv=d64b47f615dedb78&udm=28&gl=DE&biw=1530&bih=786&sxsrf=APpeQnsqNIRORTz5CM0gAdmKMkb4Kvyf7w%3A1785762408176&ei=aJJwaruwCuv5seMPhMuTkAU&oq=dinnin+furniture&gs_lp=Ehlnd3Mtd2l6LW1vZGVsZXNzLXNob3BwaW5nIhBkaW5uaW4gZnVybml0dXJlKgIIADIHEAAYgAQYDTIHEAAYgAQYDTIHEAAYgAQYDTIHEAAYgAQYDTIHEAAYgAQYDTIHEAAYgAQYDTIHEAAYgAQYDTIHEAAYgAQYDTIHEAAYgAQYDTIHEAAYgAQYDUiRJlCREFiBF3ACeAGQAQCYAYYBoAHfBaoBAzAuNrgBA8gBAPgBAZgCB6AC-ATCAgoQABhHGNYEGLADwgIGEAAYBxgewgIKEAAYgAQYDRjWBcICCBAAGAcYHhgKwgIIEAAYCBgHGB7CAgoQABgIGAcYHhgKwgIJEAAYHhgNGNYFmAMAiAYBkAYIkgcDMi41oAeNJLIHAzAuNbgH8gTCBwMwLjfIBw-ACAE&sclient=gws-wiz-modeless-shopping,solid wood dining table and chair combination home dining table Modern minimalist ash wood desk log long table сm,https://encrypted-tbn1.gstatic.com/shopping?q=tbn:ANd9GcSrmrH5aENLv65ijV-UD3G02rR63bBdznuw0npdavgtuIvR5Q65AisuG6c-yGgKA1e7K4DML5F38PuGB3gqwAbKLrgStedNO-HS73lTHsB9UN4GVV7wa6Nl,"€1,166.66",GVAwood,2738105409633834908,3276848524228456334,12578363596732756993
https://www.google.com/search?q=dining+furniture&sca_esv=d64b47f615dedb78&udm=28&gl=DE&biw=1530&bih=786&sxsrf=APpeQnsqNIRORTz5CM0gAdmKMkb4Kvyf7w%3A1785762408176&ei=aJJwaruwCuv5seMPhMuTkAU&oq=dinnin+furniture&gs_lp=Ehlnd3Mtd2l6LW1vZGVsZXNzLXNob3BwaW5nIhBkaW5uaW4gZnVybml0dXJlKgIIADIHEAAYgAQYDTIHEAAYgAQYDTIHEAAYgAQYDTIHEAAYgAQYDTIHEAAYgAQYDTIHEAAYgAQYDTIHEAAYgAQYDTIHEAAYgAQYDTIHEAAYgAQYDTIHEAAYgAQYDUiRJlCREFiBF3ACeAGQAQCYAYYBoAHfBaoBAzAuNrgBA8gBAPgBAZgCB6AC-ATCAgoQABhHGNYEGLADwgIGEAAYBxgewgIKEAAYgAQYDRjWBcICCBAAGAcYHhgKwgIIEAAYCBgHGB7CAgoQABgIGAcYHhgKwgIJEAAYHhgNGNYFmAMAiAYBkAYIkgcDMi41oAeNJLIHAzAuNbgH8gTCBwMwLjfIBw-ACAE&sclient=gws-wiz-modeless-shopping,Oak Dining Table,https://encrypted-tbn0.gstatic.com/shopping?q=tbn:ANd9GcQNo32TkS4uWkFI-SkchjSwEaM5DVkzfBtiEt5NfDrJh7MawMoDYCCEGM_lOQWdGGf55E3auO1x2JVKaqHfNMKbutSNM8LYREYkG1JyfznJ,"€1,110.00",Cosywood.com,14507019668910006242,13511821455237658526,657276236493035941
https://www.google.com/search?q=dining+furniture&sca_esv=d64b47f615dedb78&udm=28&gl=DE&biw=1530&bih=786&sxsrf=APpeQnsqNIRORTz5CM0gAdmKMkb4Kvyf7w%3A1785762408176&ei=aJJwaruwCuv5seMPhMuTkAU&oq=dinnin+furniture&gs_lp=Ehlnd3Mtd2l6LW1vZGVsZXNzLXNob3BwaW5nIhBkaW5uaW4gZnVybml0dXJlKgIIADIHEAAYgAQYDTIHEAAYgAQYDTIHEAAYgAQYDTIHEAAYgAQYDTIHEAAYgAQYDTIHEAAYgAQYDTIHEAAYgAQYDTIHEAAYgAQYDTIHEAAYgAQYDTIHEAAYgAQYDUiRJlCREFiBF3ACeAGQAQCYAYYBoAHfBaoBAzAuNrgBA8gBAPgBAZgCB6AC-ATCAgoQABhHGNYEGLADwgIGEAAYBxgewgIKEAAYgAQYDRjWBcICCBAAGAcYHhgKwgIIEAAYCBgHGB7CAgoQABgIGAcYHhgKwgIJEAAYHhgNGNYFmAMAiAYBkAYIkgcDMi41oAeNJLIHAzAuNbgH8gTCBwMwLjfIBw-ACAE&sclient=gws-wiz-modeless-shopping,Oak dining table and bench wood HYGG,https://encrypted-tbn0.gstatic.com/shopping?q=tbn:ANd9GcRWon2u3Fjus_XeGB1eydQnANYsCYIMk8wyWSVxm-u_Y6i6kP1wGZ-KDhL3Xjx5oBeHABFMUU-4fbI-JBW-SXdtZF0oal28N7V1c-2v2_90w_7ifANfgoJG,"€2,552.00",Mo Woodwork,13310798543105814981,9098196073096448917,11269917178111374018
https://www.google.com/search?q=dining+furniture&sca_esv=d64b47f615dedb78&udm=28&gl=DE&biw=1530&bih=786&sxsrf=APpeQnsqNIRORTz5CM0gAdmKMkb4Kvyf7w%3A1785762408176&ei=aJJwaruwCuv5seMPhMuTkAU&oq=dinnin+furniture&gs_lp=Ehlnd3Mtd2l6LW1vZGVsZXNzLXNob3BwaW5nIhBkaW5uaW4gZnVybml0dXJlKgIIADIHEAAYgAQYDTIHEAAYgAQYDTIHEAAYgAQYDTIHEAAYgAQYDTIHEAAYgAQYDTIHEAAYgAQYDTIHEAAYgAQYDTIHEAAYgAQYDTIHEAAYgAQYDTIHEAAYgAQYDUiRJlCREFiBF3ACeAGQAQCYAYYBoAHfBaoBAzAuNrgBA8gBAPgBAZgCB6AC-ATCAgoQABhHGNYEGLADwgIGEAAYBxgewgIKEAAYgAQYDRjWBcICCBAAGAcYHhgKwgIIEAAYCBgHGB7CAgoQABgIGAcYHhgKwgIJEAAYHhgNGNYFmAMAiAYBkAYIkgcDMi41oAeNJLIHAzAuNbgH8gTCBwMwLjfIBw-ACAE&sclient=gws-wiz-modeless-shopping,HAY Copenhague CPH25 Table Ø 140 cm,https://encrypted-tbn0.gstatic.com/shopping?q=tbn:ANd9GcTicKf-fq0oxXwqSH_yANd7Ra272I7lPBnY8gvFHvpkc9Vx3YdUelW6HwFRp_q01s9owYQsfMOTPbfkGFPBGhtPqlsP_YjHkY3xJThthzzgt0bnkg4hYu7k,"€1,917.31",Frama Space,4852513240444723540,6480701011026239236,17992869724771461202
https://www.google.com/search?q=dining+furniture&sca_esv=d64b47f615dedb78&udm=28&gl=DE&biw=1530&bih=786&sxsrf=APpeQnsqNIRORTz5CM0gAdmKMkb4Kvyf7w%3A1785762408176&ei=aJJwaruwCuv5seMPhMuTkAU&oq=dinnin+furniture&gs_lp=Ehlnd3Mtd2l6LW1vZGVsZXNzLXNob3BwaW5nIhBkaW5uaW4gZnVybml0dXJlKgIIADIHEAAYgAQYDTIHEAAYgAQYDTIHEAAYgAQYDTIHEAAYgAQYDTIHEAAYgAQYDTIHEAAYgAQYDTIHEAAYgAQYDTIHEAAYgAQYDTIHEAAYgAQYDTIHEAAYgAQYDUiRJlCREFiBF3ACeAGQAQCYAYYBoAHfBaoBAzAuNrgBA8gBAPgBAZgCB6AC-ATCAgoQABhHGNYEGLADwgIGEAAYBxgewgIKEAAYgAQYDRjWBcICCBAAGAcYHhgKwgIIEAAYCBgHGB7CAgoQABgIGAcYHhgKwgIJEAAYHhgNGNYFmAMAiAYBkAYIkgcDMi41oAeNJLIHAzAuNbgH8gTCBwMwLjfIBw-ACAE&sclient=gws-wiz-modeless-shopping,Modern Rectangle Sintered Stone Dining Table Chairs in Gold,https://encrypted-tbn2.gstatic.com/shopping?q=tbn:ANd9GcTIfhF-4K1p9M74-nvwLT7AJ23u8Uu-sLiV62bD2_7Pb6RVPVWbnA1x8Yf5d10njE1uahVRu3Ft83fHCgWYVHRytLrn4P58GzSXodw4u8g,"€2,161.99",Homary.com,11111514933774687507,14662374223975983572,7982971350522439631
https://www.google.com/search?q=dining+furniture&sca_esv=d64b47f615dedb78&udm=28&gl=DE&biw=1530&bih=786&sxsrf=APpeQnsqNIRORTz5CM0gAdmKMkb4Kvyf7w%3A1785762408176&ei=aJJwaruwCuv5seMPhMuTkAU&oq=dinnin+furniture&gs_lp=Ehlnd3Mtd2l6LW1vZGVsZXNzLXNob3BwaW5nIhBkaW5uaW4gZnVybml0dXJlKgIIADIHEAAYgAQYDTIHEAAYgAQYDTIHEAAYgAQYDTIHEAAYgAQYDTIHEAAYgAQYDTIHEAAYgAQYDTIHEAAYgAQYDTIHEAAYgAQYDTIHEAAYgAQYDTIHEAAYgAQYDUiRJlCREFiBF3ACeAGQAQCYAYYBoAHfBaoBAzAuNrgBA8gBAPgBAZgCB6AC-ATCAgoQABhHGNYEGLADwgIGEAAYBxgewgIKEAAYgAQYDRjWBcICCBAAGAcYHhgKwgIIEAAYCBgHGB7CAgoQABgIGAcYHhgKwgIJEAAYHhgNGNYFmAMAiAYBkAYIkgcDMi41oAeNJLIHAzAuNbgH8gTCBwMwLjfIBw-ACAE&sclient=gws-wiz-modeless-shopping,Round Dining Table Form F from Solid Wood – Handcrafted,https://encrypted-tbn1.gstatic.com/shopping?q=tbn:ANd9GcRKjSYlcY48HpDezVFCLfRubYV2Eq6gnt7dw6tB8BT5MJgw5Az9MG2UTzfU0PO9_dLw8HQY7d2WGBprOVrWZNa9shRNc90sq6YKlAYrMs7E7uHWnNggkLJ_wg,"€1,735.00",ekomia,11800363863256435195,3523123773842733464,3029072447099855082
https://www.google.com/search?q=dining+furniture&sca_esv=d64b47f615dedb78&udm=28&gl=DE&biw=1530&bih=786&sxsrf=APpeQnsqNIRORTz5CM0gAdmKMkb4Kvyf7w%3A1785762408176&ei=aJJwaruwCuv5seMPhMuTkAU&oq=dinnin+furniture&gs_lp=Ehlnd3Mtd2l6LW1vZGVsZXNzLXNob3BwaW5nIhBkaW5uaW4gZnVybml0dXJlKgIIADIHEAAYgAQYDTIHEAAYgAQYDTIHEAAYgAQYDTIHEAAYgAQYDTIHEAAYgAQYDTIHEAAYgAQYDTIHEAAYgAQYDTIHEAAYgAQYDTIHEAAYgAQYDTIHEAAYgAQYDUiRJlCREFiBF3ACeAGQAQCYAYYBoAHfBaoBAzAuNrgBA8gBAPgBAZgCB6AC-ATCAgoQABhHGNYEGLADwgIGEAAYBxgewgIKEAAYgAQYDRjWBcICCBAAGAcYHhgKwgIIEAAYCBgHGB7CAgoQABgIGAcYHhgKwgIJEAAYHhgNGNYFmAMAiAYBkAYIkgcDMi41oAeNJLIHAzAuNbgH8gTCBwMwLjfIBw-ACAE&sclient=gws-wiz-modeless-shopping,Geometric Rectangular Marble Dining Table Set,https://encrypted-tbn3.gstatic.com/shopping?q=tbn:ANd9GcQ2odEOR_ZU9hZ_cd_ffijKMIa3nDdcG3OB-RV5uSPzG7XIHeMNJF1uYvIIX3MtYB57tZe6LNWl3UPGnSPwAZOYchXbYRz0I6Qw2gdCvnM,"€2,693.20",Lixra,10363499173683955534,7948487202209762052,14173145777289605190
https://www.google.com/search?q=dining+furniture&sca_esv=d64b47f615dedb78&udm=28&gl=DE&biw=1530&bih=786&sxsrf=APpeQnsqNIRORTz5CM0gAdmKMkb4Kvyf7w%3A1785762408176&ei=aJJwaruwCuv5seMPhMuTkAU&oq=dinnin+furniture&gs_lp=Ehlnd3Mtd2l6LW1vZGVsZXNzLXNob3BwaW5nIhBkaW5uaW4gZnVybml0dXJlKgIIADIHEAAYgAQYDTIHEAAYgAQYDTIHEAAYgAQYDTIHEAAYgAQYDTIHEAAYgAQYDTIHEAAYgAQYDTIHEAAYgAQYDTIHEAAYgAQYDTIHEAAYgAQYDTIHEAAYgAQYDUiRJlCREFiBF3ACeAGQAQCYAYYBoAHfBaoBAzAuNrgBA8gBAPgBAZgCB6AC-ATCAgoQABhHGNYEGLADwgIGEAAYBxgewgIKEAAYgAQYDRjWBcICCBAAGAcYHhgKwgIIEAAYCBgHGB7CAgoQABgIGAcYHhgKwgIJEAAYHhgNGNYFmAMAiAYBkAYIkgcDMi41oAeNJLIHAzAuNbgH8gTCBwMwLjfIBw-ACAE&sclient=gws-wiz-modeless-shopping,"Homestyle4u Essgruppe Tische 2/4 Stühle rund Ø110 2/4 Samt grau Metallgestell Stein Kufen, (3-tlg), 3-teilig, kratzfest, mspritzwasserfest",,€369.95,otto.de,7287679445771106947,,
https://www.google.com/search?q=dining+furniture&sca_esv=d64b47f615dedb78&udm=28&gl=DE&biw=1530&bih=786&sxsrf=APpeQnsqNIRORTz5CM0gAdmKMkb4Kvyf7w%3A1785762408176&ei=aJJwaruwCuv5seMPhMuTkAU&oq=dinnin+furniture&gs_lp=Ehlnd3Mtd2l6LW1vZGVsZXNzLXNob3BwaW5nIhBkaW5uaW4gZnVybml0dXJlKgIIADIHEAAYgAQYDTIHEAAYgAQYDTIHEAAYgAQYDTIHEAAYgAQYDTIHEAAYgAQYDTIHEAAYgAQYDTIHEAAYgAQYDTIHEAAYgAQYDTIHEAAYgAQYDTIHEAAYgAQYDUiRJlCREFiBF3ACeAGQAQCYAYYBoAHfBaoBAzAuNrgBA8gBAPgBAZgCB6AC-ATCAgoQABhHGNYEGLADwgIGEAAYBxgewgIKEAAYgAQYDRjWBcICCBAAGAcYHhgKwgIIEAAYCBgHGB7CAgoQABgIGAcYHhgKwgIJEAAYHhgNGNYFmAMAiAYBkAYIkgcDMi41oAeNJLIHAzAuNbgH8gTCBwMwLjfIBw-ACAE&sclient=gws-wiz-modeless-shopping,IKEA STRANDTORP extendable table,,€549.00,IKEA Deutschland,18034663525505465943,3847056011459311838,17370263444157743470
https://www.google.com/search?q=dining+furniture&sca_esv=d64b47f615dedb78&udm=28&gl=DE&biw=1530&bih=786&sxsrf=APpeQnsqNIRORTz5CM0gAdmKMkb4Kvyf7w%3A1785762408176&ei=aJJwaruwCuv5seMPhMuTkAU&oq=dinnin+furniture&gs_lp=Ehlnd3Mtd2l6LW1vZGVsZXNzLXNob3BwaW5nIhBkaW5uaW4gZnVybml0dXJlKgIIADIHEAAYgAQYDTIHEAAYgAQYDTIHEAAYgAQYDTIHEAAYgAQYDTIHEAAYgAQYDTIHEAAYgAQYDTIHEAAYgAQYDTIHEAAYgAQYDTIHEAAYgAQYDTIHEAAYgAQYDUiRJlCREFiBF3ACeAGQAQCYAYYBoAHfBaoBAzAuNrgBA8gBAPgBAZgCB6AC-ATCAgoQABhHGNYEGLADwgIGEAAYBxgewgIKEAAYgAQYDRjWBcICCBAAGAcYHhgKwgIIEAAYCBgHGB7CAgoQABgIGAcYHhgKwgIJEAAYHhgNGNYFmAMAiAYBkAYIkgcDMi41oAeNJLIHAzAuNbgH8gTCBwMwLjfIBw-ACAE&sclient=gws-wiz-modeless-shopping,Round Dining Table Form F from Solid Wood – Handcrafted,,"€1,735.00",ekomia,11800363863256435195,3523123773842733464,3029072447099855082
https://www.google.com/search?q=dining+furniture&sca_esv=d64b47f615dedb78&udm=28&gl=DE&biw=1530&bih=786&sxsrf=APpeQnsqNIRORTz5CM0gAdmKMkb4Kvyf7w%3A1785762408176&ei=aJJwaruwCuv5seMPhMuTkAU&oq=dinnin+furniture&gs_lp=Ehlnd3Mtd2l6LW1vZGVsZXNzLXNob3BwaW5nIhBkaW5uaW4gZnVybml0dXJlKgIIADIHEAAYgAQYDTIHEAAYgAQYDTIHEAAYgAQYDTIHEAAYgAQYDTIHEAAYgAQYDTIHEAAYgAQYDTIHEAAYgAQYDTIHEAAYgAQYDTIHEAAYgAQYDTIHEAAYgAQYDUiRJlCREFiBF3ACeAGQAQCYAYYBoAHfBaoBAzAuNrgBA8gBAPgBAZgCB6AC-ATCAgoQABhHGNYEGLADwgIGEAAYBxgewgIKEAAYgAQYDRjWBcICCBAAGAcYHhgKwgIIEAAYCBgHGB7CAgoQABgIGAcYHhgKwgIJEAAYHhgNGNYFmAMAiAYBkAYIkgcDMi41oAeNJLIHAzAuNbgH8gTCBwMwLjfIBw-ACAE&sclient=gws-wiz-modeless-shopping,Geometric Rectangular Marble Dining Table Set,,"€2,693.20",Lixra,10363499173683955534,7948487202209762052,14173145777289605190
https://www.google.com/search?q=dining+furniture&sca_esv=d64b47f615dedb78&udm=28&gl=DE&biw=1530&bih=786&sxsrf=APpeQnsqNIRORTz5CM0gAdmKMkb4Kvyf7w%3A1785762408176&ei=aJJwaruwCuv5seMPhMuTkAU&oq=dinnin+furniture&gs_lp=Ehlnd3Mtd2l6LW1vZGVsZXNzLXNob3BwaW5nIhBkaW5uaW4gZnVybml0dXJlKgIIADIHEAAYgAQYDTIHEAAYgAQYDTIHEAAYgAQYDTIHEAAYgAQYDTIHEAAYgAQYDTIHEAAYgAQYDTIHEAAYgAQYDTIHEAAYgAQYDTIHEAAYgAQYDTIHEAAYgAQYDUiRJlCREFiBF3ACeAGQAQCYAYYBoAHfBaoBAzAuNrgBA8gBAPgBAZgCB6AC-ATCAgoQABhHGNYEGLADwgIGEAAYBxgewgIKEAAYgAQYDRjWBcICCBAAGAcYHhgKwgIIEAAYCBgHGB7CAgoQABgIGAcYHhgKwgIJEAAYHhgNGNYFmAMAiAYBkAYIkgcDMi41oAeNJLIHAzAuNbgH8gTCBwMwLjfIBw-ACAE&sclient=gws-wiz-modeless-shopping,IKEA TOSSBERG chair,,€99.99,IKEA Deutschland,2805429625271998403,5560949312234104600,13588239634531142824
https://www.google.com/search?q=dining+furniture&sca_esv=d64b47f615dedb78&udm=28&gl=DE&biw=1530&bih=786&sxsrf=APpeQnsqNIRORTz5CM0gAdmKMkb4Kvyf7w%3A1785762408176&ei=aJJwaruwCuv5seMPhMuTkAU&oq=dinnin+furniture&gs_lp=Ehlnd3Mtd2l6LW1vZGVsZXNzLXNob3BwaW5nIhBkaW5uaW4gZnVybml0dXJlKgIIADIHEAAYgAQYDTIHEAAYgAQYDTIHEAAYgAQYDTIHEAAYgAQYDTIHEAAYgAQYDTIHEAAYgAQYDTIHEAAYgAQYDTIHEAAYgAQYDTIHEAAYgAQYDTIHEAAYgAQYDUiRJlCREFiBF3ACeAGQAQCYAYYBoAHfBaoBAzAuNrgBA8gBAPgBAZgCB6AC-ATCAgoQABhHGNYEGLADwgIGEAAYBxgewgIKEAAYgAQYDRjWBcICCBAAGAcYHhgKwgIIEAAYCBgHGB7CAgoQABgIGAcYHhgKwgIJEAAYHhgNGNYFmAMAiAYBkAYIkgcDMi41oAeNJLIHAzAuNbgH8gTCBwMwLjfIBw-ACAE&sclient=gws-wiz-modeless-shopping,SIENNA Extendable Dining Table Oak,https://encrypted-tbn0.gstatic.com/favicon-tbn?q=tbn%3AANd9GcSsomcwgsuTRcVAZwClRpCyrcdbz9ZruNDyPnyk-j3ow-yL9Y4RJBN8GROlEXtnC2Z5HwEvIH2G0bRYkwEJUCNhPJVpAvVoWg,"€1,380.00",Woodlandea,17860130836003608798,6100472007216838142,6821136005543519292
https://www.google.com/search?q=dining+furniture&sca_esv=d64b47f615dedb78&udm=28&gl=DE&biw=1530&bih=786&sxsrf=APpeQnsqNIRORTz5CM0gAdmKMkb4Kvyf7w%3A1785762408176&ei=aJJwaruwCuv5seMPhMuTkAU&oq=dinnin+furniture&gs_lp=Ehlnd3Mtd2l6LW1vZGVsZXNzLXNob3BwaW5nIhBkaW5uaW4gZnVybml0dXJlKgIIADIHEAAYgAQYDTIHEAAYgAQYDTIHEAAYgAQYDTIHEAAYgAQYDTIHEAAYgAQYDTIHEAAYgAQYDTIHEAAYgAQYDTIHEAAYgAQYDTIHEAAYgAQYDTIHEAAYgAQYDUiRJlCREFiBF3ACeAGQAQCYAYYBoAHfBaoBAzAuNrgBA8gBAPgBAZgCB6AC-ATCAgoQABhHGNYEGLADwgIGEAAYBxgewgIKEAAYgAQYDRjWBcICCBAAGAcYHhgKwgIIEAAYCBgHGB7CAgoQABgIGAcYHhgKwgIJEAAYHhgNGNYFmAMAiAYBkAYIkgcDMi41oAeNJLIHAzAuNbgH8gTCBwMwLjfIBw-ACAE&sclient=gws-wiz-modeless-shopping,WFL Group Esstisch Holz Echtholz,,€764.90,home24.de,13237299702952715984,3292636079203227709,1075004786764895795
https://www.google.com/search?q=dining+furniture&sca_esv=d64b47f615dedb78&udm=28&gl=DE&biw=1530&bih=786&sxsrf=APpeQnsqNIRORTz5CM0gAdmKMkb4Kvyf7w%3A1785762408176&ei=aJJwaruwCuv5seMPhMuTkAU&oq=dinnin+furniture&gs_lp=Ehlnd3Mtd2l6LW1vZGVsZXNzLXNob3BwaW5nIhBkaW5uaW4gZnVybml0dXJlKgIIADIHEAAYgAQYDTIHEAAYgAQYDTIHEAAYgAQYDTIHEAAYgAQYDTIHEAAYgAQYDTIHEAAYgAQYDTIHEAAYgAQYDTIHEAAYgAQYDTIHEAAYgAQYDTIHEAAYgAQYDUiRJlCREFiBF3ACeAGQAQCYAYYBoAHfBaoBAzAuNrgBA8gBAPgBAZgCB6AC-ATCAgoQABhHGNYEGLADwgIGEAAYBxgewgIKEAAYgAQYDRjWBcICCBAAGAcYHhgKwgIIEAAYCBgHGB7CAgoQABgIGAcYHhgKwgIJEAAYHhgNGNYFmAMAiAYBkAYIkgcDMi41oAeNJLIHAzAuNbgH8gTCBwMwLjfIBw-ACAE&sclient=gws-wiz-modeless-shopping,IKEA ÅLHULT table and 6 chairs,,€558.94,IKEA Deutschland,12157935643424985732,1759851163236177027,13663540733656817676
https://www.google.com/search?q=dining+furniture&sca_esv=d64b47f615dedb78&udm=28&gl=DE&biw=1530&bih=786&sxsrf=APpeQnsqNIRORTz5CM0gAdmKMkb4Kvyf7w%3A1785762408176&ei=aJJwaruwCuv5seMPhMuTkAU&oq=dinnin+furniture&gs_lp=Ehlnd3Mtd2l6LW1vZGVsZXNzLXNob3BwaW5nIhBkaW5uaW4gZnVybml0dXJlKgIIADIHEAAYgAQYDTIHEAAYgAQYDTIHEAAYgAQYDTIHEAAYgAQYDTIHEAAYgAQYDTIHEAAYgAQYDTIHEAAYgAQYDTIHEAAYgAQYDTIHEAAYgAQYDTIHEAAYgAQYDUiRJlCREFiBF3ACeAGQAQCYAYYBoAHfBaoBAzAuNrgBA8gBAPgBAZgCB6AC-ATCAgoQABhHGNYEGLADwgIGEAAYBxgewgIKEAAYgAQYDRjWBcICCBAAGAcYHhgKwgIIEAAYCBgHGB7CAgoQABgIGAcYHhgKwgIJEAAYHhgNGNYFmAMAiAYBkAYIkgcDMi41oAeNJLIHAzAuNbgH8gTCBwMwLjfIBw-ACAE&sclient=gws-wiz-modeless-shopping,solid wood dining table and chair combination home dining table Modern minimalist ash wood desk log long table сm,,"€1,166.66",GVAwood,2738105409633834908,3276848524228456334,12578363596732756993
https://www.google.com/search?q=dining+furniture&sca_esv=d64b47f615dedb78&udm=28&gl=DE&biw=1530&bih=786&sxsrf=APpeQnsqNIRORTz5CM0gAdmKMkb4Kvyf7w%3A1785762408176&ei=aJJwaruwCuv5seMPhMuTkAU&oq=dinnin+furniture&gs_lp=Ehlnd3Mtd2l6LW1vZGVsZXNzLXNob3BwaW5nIhBkaW5uaW4gZnVybml0dXJlKgIIADIHEAAYgAQYDTIHEAAYgAQYDTIHEAAYgAQYDTIHEAAYgAQYDTIHEAAYgAQYDTIHEAAYgAQYDTIHEAAYgAQYDTIHEAAYgAQYDTIHEAAYgAQYDTIHEAAYgAQYDUiRJlCREFiBF3ACeAGQAQCYAYYBoAHfBaoBAzAuNrgBA8gBAPgBAZgCB6AC-ATCAgoQABhHGNYEGLADwgIGEAAYBxgewgIKEAAYgAQYDRjWBcICCBAAGAcYHhgKwgIIEAAYCBgHGB7CAgoQABgIGAcYHhgKwgIJEAAYHhgNGNYFmAMAiAYBkAYIkgcDMi41oAeNJLIHAzAuNbgH8gTCBwMwLjfIBw-ACAE&sclient=gws-wiz-modeless-shopping,Modern Rectangle Sintered Stone Dining Table Chairs in Gold,,"€2,161.99",Homary.com,11111514933774687507,14662374223975983572,7982971350522439631
https://www.google.com/search?q=dining+furniture&sca_esv=d64b47f615dedb78&udm=28&gl=DE&biw=1530&bih=786&sxsrf=APpeQnsqNIRORTz5CM0gAdmKMkb4Kvyf7w%3A1785762408176&ei=aJJwaruwCuv5seMPhMuTkAU&oq=dinnin+furniture&gs_lp=Ehlnd3Mtd2l6LW1vZGVsZXNzLXNob3BwaW5nIhBkaW5uaW4gZnVybml0dXJlKgIIADIHEAAYgAQYDTIHEAAYgAQYDTIHEAAYgAQYDTIHEAAYgAQYDTIHEAAYgAQYDTIHEAAYgAQYDTIHEAAYgAQYDTIHEAAYgAQYDTIHEAAYgAQYDTIHEAAYgAQYDUiRJlCREFiBF3ACeAGQAQCYAYYBoAHfBaoBAzAuNrgBA8gBAPgBAZgCB6AC-ATCAgoQABhHGNYEGLADwgIGEAAYBxgewgIKEAAYgAQYDRjWBcICCBAAGAcYHhgKwgIIEAAYCBgHGB7CAgoQABgIGAcYHhgKwgIJEAAYHhgNGNYFmAMAiAYBkAYIkgcDMi41oAeNJLIHAzAuNbgH8gTCBwMwLjfIBw-ACAE&sclient=gws-wiz-modeless-shopping,IKEA SKOGSTA table,https://encrypted-tbn1.gstatic.com/shopping?q=tbn:ANd9GcTPybvPeAKroVz_IGprYF1ReYJjnaN9ef8v7L_W4pWU4aCgwaL4eGDp_trIetbiyrhuibcMsrPijljkUAPzUfb_UQJuXCpbUORWCTOiIzTAn9AJJry5E9zVAg,€299.00,IKEA Deutschland,13300858493883371554,2199453740513934915,11904588454497115215
https://www.google.com/search?q=dining+furniture&sca_esv=d64b47f615dedb78&udm=28&gl=DE&biw=1530&bih=786&sxsrf=APpeQnsqNIRORTz5CM0gAdmKMkb4Kvyf7w%3A1785762408176&ei=aJJwaruwCuv5seMPhMuTkAU&oq=dinnin+furniture&gs_lp=Ehlnd3Mtd2l6LW1vZGVsZXNzLXNob3BwaW5nIhBkaW5uaW4gZnVybml0dXJlKgIIADIHEAAYgAQYDTIHEAAYgAQYDTIHEAAYgAQYDTIHEAAYgAQYDTIHEAAYgAQYDTIHEAAYgAQYDTIHEAAYgAQYDTIHEAAYgAQYDTIHEAAYgAQYDTIHEAAYgAQYDUiRJlCREFiBF3ACeAGQAQCYAYYBoAHfBaoBAzAuNrgBA8gBAPgBAZgCB6AC-ATCAgoQABhHGNYEGLADwgIGEAAYBxgewgIKEAAYgAQYDRjWBcICCBAAGAcYHhgKwgIIEAAYCBgHGB7CAgoQABgIGAcYHhgKwgIJEAAYHhgNGNYFmAMAiAYBkAYIkgcDMi41oAeNJLIHAzAuNbgH8gTCBwMwLjfIBw-ACAE&sclient=gws-wiz-modeless-shopping,Oak Dining Table,https://encrypted-tbn0.gstatic.com/shopping?q=tbn:ANd9GcQNo32TkS4uWkFI-SkchjSwEaM5DVkzfBtiEt5NfDrJh7MawMoDYCCEGM_lOQWdGGf55E3auO1x2JVKaqHfNMKbutSNM8LYREYkG1JyfznJ,"€1,110.00",Cosywood.com,14507019668910006242,13511821455237658526,657276236493035941
https://www.google.com/search?q=dining+furniture&sca_esv=d64b47f615dedb78&udm=28&gl=DE&biw=1530&bih=786&sxsrf=APpeQnsqNIRORTz5CM0gAdmKMkb4Kvyf7w%3A1785762408176&ei=aJJwaruwCuv5seMPhMuTkAU&oq=dinnin+furniture&gs_lp=Ehlnd3Mtd2l6LW1vZGVsZXNzLXNob3BwaW5nIhBkaW5uaW4gZnVybml0dXJlKgIIADIHEAAYgAQYDTIHEAAYgAQYDTIHEAAYgAQYDTIHEAAYgAQYDTIHEAAYgAQYDTIHEAAYgAQYDTIHEAAYgAQYDTIHEAAYgAQYDTIHEAAYgAQYDTIHEAAYgAQYDUiRJlCREFiBF3ACeAGQAQCYAYYBoAHfBaoBAzAuNrgBA8gBAPgBAZgCB6AC-ATCAgoQABhHGNYEGLADwgIGEAAYBxgewgIKEAAYgAQYDRjWBcICCBAAGAcYHhgKwgIIEAAYCBgHGB7CAgoQABgIGAcYHhgKwgIJEAAYHhgNGNYFmAMAiAYBkAYIkgcDMi41oAeNJLIHAzAuNbgH8gTCBwMwLjfIBw-ACAE&sclient=gws-wiz-modeless-shopping,Modern Luxurious White Marble Dining Table 3,https://encrypted-tbn3.gstatic.com/shopping?q=tbn:ANd9GcSlzYyH_V0T-TwNEWjXBKaGJQ_ojidyV23dFUY856dvJF6zMvwcCcRj1zg1otGmEgyeIxnibd3RE3i9UyfAfhj5RsgGSLnsJ4mCnCMD-SGk,€729.50,Saajawat,12658586839735096766,5147533335204052479,6726983175202975915
https://www.google.com/search?q=dining+furniture&sca_esv=d64b47f615dedb78&udm=28&gl=DE&biw=1530&bih=786&sxsrf=APpeQnsqNIRORTz5CM0gAdmKMkb4Kvyf7w%3A1785762408176&ei=aJJwaruwCuv5seMPhMuTkAU&oq=dinnin+furniture&gs_lp=Ehlnd3Mtd2l6LW1vZGVsZXNzLXNob3BwaW5nIhBkaW5uaW4gZnVybml0dXJlKgIIADIHEAAYgAQYDTIHEAAYgAQYDTIHEAAYgAQYDTIHEAAYgAQYDTIHEAAYgAQYDTIHEAAYgAQYDTIHEAAYgAQYDTIHEAAYgAQYDTIHEAAYgAQYDTIHEAAYgAQYDUiRJlCREFiBF3ACeAGQAQCYAYYBoAHfBaoBAzAuNrgBA8gBAPgBAZgCB6AC-ATCAgoQABhHGNYEGLADwgIGEAAYBxgewgIKEAAYgAQYDRjWBcICCBAAGAcYHhgKwgIIEAAYCBgHGB7CAgoQABgIGAcYHhgKwgIJEAAYHhgNGNYFmAMAiAYBkAYIkgcDMi41oAeNJLIHAzAuNbgH8gTCBwMwLjfIBw-ACAE&sclient=gws-wiz-modeless-shopping,IKEA ÅLHULT / NORDMANSSKÄR table and 6 chairs,https://encrypted-tbn1.gstatic.com/shopping?q=tbn:ANd9GcRHLmAVO45LbFTe-NhhjPpFFGin-U34u7B6-e2SF67IuJizfWbyrKUfDEXpdGDgwZLvL2OwnYupOjcPYnlNoSwy8WYbB-vkJoLig5VDrwGbSruVwrnNtfye7w,€438.94,IKEA Deutschland,4895145304936547190,10929140717928966849,12071808933633878338
https://www.google.com/search?q=dining+furniture&sca_esv=d64b47f615dedb78&udm=28&gl=DE&biw=1530&bih=786&sxsrf=APpeQnsqNIRORTz5CM0gAdmKMkb4Kvyf7w%3A1785762408176&ei=aJJwaruwCuv5seMPhMuTkAU&oq=dinnin+furniture&gs_lp=Ehlnd3Mtd2l6LW1vZGVsZXNzLXNob3BwaW5nIhBkaW5uaW4gZnVybml0dXJlKgIIADIHEAAYgAQYDTIHEAAYgAQYDTIHEAAYgAQYDTIHEAAYgAQYDTIHEAAYgAQYDTIHEAAYgAQYDTIHEAAYgAQYDTIHEAAYgAQYDTIHEAAYgAQYDTIHEAAYgAQYDUiRJlCREFiBF3ACeAGQAQCYAYYBoAHfBaoBAzAuNrgBA8gBAPgBAZgCB6AC-ATCAgoQABhHGNYEGLADwgIGEAAYBxgewgIKEAAYgAQYDRjWBcICCBAAGAcYHhgKwgIIEAAYCBgHGB7CAgoQABgIGAcYHhgKwgIJEAAYHhgNGNYFmAMAiAYBkAYIkgcDMi41oAeNJLIHAzAuNbgH8gTCBwMwLjfIBw-ACAE&sclient=gws-wiz-modeless-shopping,Midori 4+1 étkező garnitúra,https://encrypted-tbn3.gstatic.com/shopping?q=tbn:ANd9GcQ-Q0cah5VjtsjUI9kEs7M26xp3P-Nv8UPK3fMryHErk2v30UintKkEXBhQgScjMLkFVQmBdCAIF4j7KodiuhDZufkAOSWXRSixNGZY8tN48zcd3TyPlKtsiQ,€129.00,Leziter de,14365169767631474558,14601768916345906838,1016538654919966041
https://www.google.com/search?q=dining+furniture&sca_esv=d64b47f615dedb78&udm=28&gl=DE&biw=1530&bih=786&sxsrf=APpeQnsqNIRORTz5CM0gAdmKMkb4Kvyf7w%3A1785762408176&ei=aJJwaruwCuv5seMPhMuTkAU&oq=dinnin+furniture&gs_lp=Ehlnd3Mtd2l6LW1vZGVsZXNzLXNob3BwaW5nIhBkaW5uaW4gZnVybml0dXJlKgIIADIHEAAYgAQYDTIHEAAYgAQYDTIHEAAYgAQYDTIHEAAYgAQYDTIHEAAYgAQYDTIHEAAYgAQYDTIHEAAYgAQYDTIHEAAYgAQYDTIHEAAYgAQYDTIHEAAYgAQYDUiRJlCREFiBF3ACeAGQAQCYAYYBoAHfBaoBAzAuNrgBA8gBAPgBAZgCB6AC-ATCAgoQABhHGNYEGLADwgIGEAAYBxgewgIKEAAYgAQYDRjWBcICCBAAGAcYHhgKwgIIEAAYCBgHGB7CAgoQABgIGAcYHhgKwgIJEAAYHhgNGNYFmAMAiAYBkAYIkgcDMi41oAeNJLIHAzAuNbgH8gTCBwMwLjfIBw-ACAE&sclient=gws-wiz-modeless-shopping,Dining Table Raven,https://encrypted-tbn2.gstatic.com/shopping?q=tbn:ANd9GcS489JN3_ynsCPTsx4OXpL1irixs8nqZOGdLbEIxZuW2IEvgo8AS-yIwNmwzLBufcX2bz-3ak65WqHDVOYaW0D-8QvOTlBIcXf5Wg9V2tI,"€9,344.00",Grey Rabbit Sp. z o.o.,2059025199764243584,2744068141567461870,16088044145921678305
https://www.google.com/search?q=dining+furniture&sca_esv=d64b47f615dedb78&udm=28&gl=DE&biw=1530&bih=786&sxsrf=APpeQnsqNIRORTz5CM0gAdmKMkb4Kvyf7w%3A1785762408176&ei=aJJwaruwCuv5seMPhMuTkAU&oq=dinnin+furniture&gs_lp=Ehlnd3Mtd2l6LW1vZGVsZXNzLXNob3BwaW5nIhBkaW5uaW4gZnVybml0dXJlKgIIADIHEAAYgAQYDTIHEAAYgAQYDTIHEAAYgAQYDTIHEAAYgAQYDTIHEAAYgAQYDTIHEAAYgAQYDTIHEAAYgAQYDTIHEAAYgAQYDTIHEAAYgAQYDTIHEAAYgAQYDUiRJlCREFiBF3ACeAGQAQCYAYYBoAHfBaoBAzAuNrgBA8gBAPgBAZgCB6AC-ATCAgoQABhHGNYEGLADwgIGEAAYBxgewgIKEAAYgAQYDRjWBcICCBAAGAcYHhgKwgIIEAAYCBgHGB7CAgoQABgIGAcYHhgKwgIJEAAYHhgNGNYFmAMAiAYBkAYIkgcDMi41oAeNJLIHAzAuNbgH8gTCBwMwLjfIBw-ACAE&sclient=gws-wiz-modeless-shopping,IKEA ÅLHULT / ÅLHULT table and 4 chairs,https://encrypted-tbn3.gstatic.com/shopping?q=tbn:ANd9GcQQugzfOY7S1I7UbGoDlvZZ-VCrmllWEDhqA70UM55DjxJPWZq5GsSVVy-xAXS5frJ3oShdRLZYCeAU4jfAtKNfEAtJeMR0NzMy6t0z65HWkH5DaB2XY8j7JQ,€368.96,IKEA Deutschland,5807208034788825166,18212246835840479493,16388885070210737990
https://www.google.com/search?q=dining+furniture&sca_esv=d64b47f615dedb78&udm=28&gl=DE&biw=1530&bih=786&sxsrf=APpeQnsqNIRORTz5CM0gAdmKMkb4Kvyf7w%3A1785762408176&ei=aJJwaruwCuv5seMPhMuTkAU&oq=dinnin+furniture&gs_lp=Ehlnd3Mtd2l6LW1vZGVsZXNzLXNob3BwaW5nIhBkaW5uaW4gZnVybml0dXJlKgIIADIHEAAYgAQYDTIHEAAYgAQYDTIHEAAYgAQYDTIHEAAYgAQYDTIHEAAYgAQYDTIHEAAYgAQYDTIHEAAYgAQYDTIHEAAYgAQYDTIHEAAYgAQYDTIHEAAYgAQYDUiRJlCREFiBF3ACeAGQAQCYAYYBoAHfBaoBAzAuNrgBA8gBAPgBAZgCB6AC-ATCAgoQABhHGNYEGLADwgIGEAAYBxgewgIKEAAYgAQYDRjWBcICCBAAGAcYHhgKwgIIEAAYCBgHGB7CAgoQABgIGAcYHhgKwgIJEAAYHhgNGNYFmAMAiAYBkAYIkgcDMi41oAeNJLIHAzAuNbgH8gTCBwMwLjfIBw-ACAE&sclient=gws-wiz-modeless-shopping,"Fuchs Dining Table, Solid Wood & Rattan, Dark Oak - 140 x 85cm / 6 Chairs ( NO Armrests )",https://encrypted-tbn1.gstatic.com/shopping?q=tbn:ANd9GcSIxfaNZTO6JzM8wE81vV9Szy8-JTAbFydEYIhityF7TNzLkyY8EvrobzBZiqy5AiSahexiVkncyK2We76XCe3dWxIHZXSIrw8yQxFuECg,€698.70,Weilai Concept,6514262841823562472,,
https://www.google.com/search?q=dining+furniture&sca_esv=d64b47f615dedb78&udm=28&gl=DE&biw=1530&bih=786&sxsrf=APpeQnsqNIRORTz5CM0gAdmKMkb4Kvyf7w%3A1785762408176&ei=aJJwaruwCuv5seMPhMuTkAU&oq=dinnin+furniture&gs_lp=Ehlnd3Mtd2l6LW1vZGVsZXNzLXNob3BwaW5nIhBkaW5uaW4gZnVybml0dXJlKgIIADIHEAAYgAQYDTIHEAAYgAQYDTIHEAAYgAQYDTIHEAAYgAQYDTIHEAAYgAQYDTIHEAAYgAQYDTIHEAAYgAQYDTIHEAAYgAQYDTIHEAAYgAQYDTIHEAAYgAQYDUiRJlCREFiBF3ACeAGQAQCYAYYBoAHfBaoBAzAuNrgBA8gBAPgBAZgCB6AC-ATCAgoQABhHGNYEGLADwgIGEAAYBxgewgIKEAAYgAQYDRjWBcICCBAAGAcYHhgKwgIIEAAYCBgHGB7CAgoQABgIGAcYHhgKwgIJEAAYHhgNGNYFmAMAiAYBkAYIkgcDMi41oAeNJLIHAzAuNbgH8gTCBwMwLjfIBw-ACAE&sclient=gws-wiz-modeless-shopping,Curl Dining Tables Curl Dining Table 90cm,https://encrypted-tbn2.gstatic.com/shopping?q=tbn:ANd9GcT3DVRTNG6U8KDdBteOv52381Yn0MrOKGssulW-UxOCz98OLO8etdTanmSZWKvrzOrt5EcwwjTOw1Zdt4-i7TwsOCFNtVjbWS3-an-3-r0,"€4,843.10",Tom Schneider,17518848857177330275,1430791190589869811,657778927855053795
https://www.google.com/search?q=dining+furniture&sca_esv=d64b47f615dedb78&udm=28&gl=DE&biw=1530&bih=786&sxsrf=APpeQnsqNIRORTz5CM0gAdmKMkb4Kvyf7w%3A1785762408176&ei=aJJwaruwCuv5seMPhMuTkAU&oq=dinnin+furniture&gs_lp=Ehlnd3Mtd2l6LW1vZGVsZXNzLXNob3BwaW5nIhBkaW5uaW4gZnVybml0dXJlKgIIADIHEAAYgAQYDTIHEAAYgAQYDTIHEAAYgAQYDTIHEAAYgAQYDTIHEAAYgAQYDTIHEAAYgAQYDTIHEAAYgAQYDTIHEAAYgAQYDTIHEAAYgAQYDTIHEAAYgAQYDUiRJlCREFiBF3ACeAGQAQCYAYYBoAHfBaoBAzAuNrgBA8gBAPgBAZgCB6AC-ATCAgoQABhHGNYEGLADwgIGEAAYBxgewgIKEAAYgAQYDRjWBcICCBAAGAcYHhgKwgIIEAAYCBgHGB7CAgoQABgIGAcYHhgKwgIJEAAYHhgNGNYFmAMAiAYBkAYIkgcDMi41oAeNJLIHAzAuNbgH8gTCBwMwLjfIBw-ACAE&sclient=gws-wiz-modeless-shopping,IKEA LISABO / LISABO table and chairs,https://encrypted-tbn2.gstatic.com/shopping?q=tbn:ANd9GcSPUgDSdcVISiTlJqrpstXyEFwU9ZQs1mhTzuqDsmUqTTILidj3teZwB-iQjF5dfrIHnSonayFSNlTuYjQPGw2Rz861a4qtnhcgRSeIgle77IwZ7zhlWdiM,€728.94,IKEA Deutschland,9880935784140693352,16744310175551622912,9977957568677333157
https://www.google.com/search?q=dining+furniture&sca_esv=d64b47f615dedb78&udm=28&gl=DE&biw=1530&bih=786&sxsrf=APpeQnsqNIRORTz5CM0gAdmKMkb4Kvyf7w%3A1785762408176&ei=aJJwaruwCuv5seMPhMuTkAU&oq=dinnin+furniture&gs_lp=Ehlnd3Mtd2l6LW1vZGVsZXNzLXNob3BwaW5nIhBkaW5uaW4gZnVybml0dXJlKgIIADIHEAAYgAQYDTIHEAAYgAQYDTIHEAAYgAQYDTIHEAAYgAQYDTIHEAAYgAQYDTIHEAAYgAQYDTIHEAAYgAQYDTIHEAAYgAQYDTIHEAAYgAQYDTIHEAAYgAQYDUiRJlCREFiBF3ACeAGQAQCYAYYBoAHfBaoBAzAuNrgBA8gBAPgBAZgCB6AC-ATCAgoQABhHGNYEGLADwgIGEAAYBxgewgIKEAAYgAQYDRjWBcICCBAAGAcYHhgKwgIIEAAYCBgHGB7CAgoQABgIGAcYHhgKwgIJEAAYHhgNGNYFmAMAiAYBkAYIkgcDMi41oAeNJLIHAzAuNbgH8gTCBwMwLjfIBw-ACAE&sclient=gws-wiz-modeless-shopping,FOSTER Dining Table ellipse,https://encrypted-tbn2.gstatic.com/shopping?q=tbn:ANd9GcSfsSZMSgmWRc3MqtsY2qDBnf2ydUMQixesC6ESLq9fPcSfEyba7mYBlsGu2xO0H0FDZEp30M0bPuDlGyGH7fDLOIxWkZtovhMgitP1oqUTWZNhdf9gZ6ML3Zo,"€4,797.50",Lakeside Interiors,3393452803696006529,,
https://www.google.com/search?q=dining+furniture&sca_esv=d64b47f615dedb78&udm=28&gl=DE&biw=1530&bih=786&sxsrf=APpeQnsqNIRORTz5CM0gAdmKMkb4Kvyf7w%3A1785762408176&ei=aJJwaruwCuv5seMPhMuTkAU&oq=dinnin+furniture&gs_lp=Ehlnd3Mtd2l6LW1vZGVsZXNzLXNob3BwaW5nIhBkaW5uaW4gZnVybml0dXJlKgIIADIHEAAYgAQYDTIHEAAYgAQYDTIHEAAYgAQYDTIHEAAYgAQYDTIHEAAYgAQYDTIHEAAYgAQYDTIHEAAYgAQYDTIHEAAYgAQYDTIHEAAYgAQYDTIHEAAYgAQYDUiRJlCREFiBF3ACeAGQAQCYAYYBoAHfBaoBAzAuNrgBA8gBAPgBAZgCB6AC-ATCAgoQABhHGNYEGLADwgIGEAAYBxgewgIKEAAYgAQYDRjWBcICCBAAGAcYHhgKwgIIEAAYCBgHGB7CAgoQABgIGAcYHhgKwgIJEAAYHhgNGNYFmAMAiAYBkAYIkgcDMi41oAeNJLIHAzAuNbgH8gTCBwMwLjfIBw-ACAE&sclient=gws-wiz-modeless-shopping,Oak Ash Solid Wood Modern dining table сm / Natural Wood Color /Oak Rounded dining table,https://encrypted-tbn1.gstatic.com/shopping?q=tbn:ANd9GcTxTUSY0fCmMIZifULZiIjITF-vrGLXM0jF2-7rLP6wy5U7xAnu5-HIzgZe6hEv9oougQVRlaAKXCfW85YU8wC45E6uF4pUwbZlUApKyLj8OZC5tTlWYKIk,"€1,225.04",GVAwood,4414415773657063512,4674675296476040097,14184899818653898849
https://www.google.com/search?q=dining+furniture&sca_esv=d64b47f615dedb78&udm=28&gl=DE&biw=1530&bih=786&sxsrf=APpeQnsqNIRORTz5CM0gAdmKMkb4Kvyf7w%3A1785762408176&ei=aJJwaruwCuv5seMPhMuTkAU&oq=dinnin+furniture&gs_lp=Ehlnd3Mtd2l6LW1vZGVsZXNzLXNob3BwaW5nIhBkaW5uaW4gZnVybml0dXJlKgIIADIHEAAYgAQYDTIHEAAYgAQYDTIHEAAYgAQYDTIHEAAYgAQYDTIHEAAYgAQYDTIHEAAYgAQYDTIHEAAYgAQYDTIHEAAYgAQYDTIHEAAYgAQYDTIHEAAYgAQYDUiRJlCREFiBF3ACeAGQAQCYAYYBoAHfBaoBAzAuNrgBA8gBAPgBAZgCB6AC-ATCAgoQABhHGNYEGLADwgIGEAAYBxgewgIKEAAYgAQYDRjWBcICCBAAGAcYHhgKwgIIEAAYCBgHGB7CAgoQABgIGAcYHhgKwgIJEAAYHhgNGNYFmAMAiAYBkAYIkgcDMi41oAeNJLIHAzAuNbgH8gTCBwMwLjfIBw-ACAE&sclient=gws-wiz-modeless-shopping,IKEA STOCKHOLM 2025 table and 4 chairs,https://encrypted-tbn1.gstatic.com/shopping?q=tbn:ANd9GcQiPJFQ5yO5N5xUsOJ4REEQLRac3QN-j6hLAQxIbCVtLYmp-L4hVZWLl0t_Isao0y1BYlZ1vIP8-UraBKTFVxlGgiAmyfZXIASmnAWXxTeX3OafONRFWwBV,"€1,195.00",IKEA Deutschland,10376533010629439507,5123733898041094110,14605891477705935988
https://www.google.com/search?q=dining+furniture&sca_esv=d64b47f615dedb78&udm=28&gl=DE&biw=1530&bih=786&sxsrf=APpeQnsqNIRORTz5CM0gAdmKMkb4Kvyf7w%3A1785762408176&ei=aJJwaruwCuv5seMPhMuTkAU&oq=dinnin+furniture&gs_lp=Ehlnd3Mtd2l6LW1vZGVsZXNzLXNob3BwaW5nIhBkaW5uaW4gZnVybml0dXJlKgIIADIHEAAYgAQYDTIHEAAYgAQYDTIHEAAYgAQYDTIHEAAYgAQYDTIHEAAYgAQYDTIHEAAYgAQYDTIHEAAYgAQYDTIHEAAYgAQYDTIHEAAYgAQYDTIHEAAYgAQYDUiRJlCREFiBF3ACeAGQAQCYAYYBoAHfBaoBAzAuNrgBA8gBAPgBAZgCB6AC-ATCAgoQABhHGNYEGLADwgIGEAAYBxgewgIKEAAYgAQYDRjWBcICCBAAGAcYHhgKwgIIEAAYCBgHGB7CAgoQABgIGAcYHhgKwgIJEAAYHhgNGNYFmAMAiAYBkAYIkgcDMi41oAeNJLIHAzAuNbgH8gTCBwMwLjfIBw-ACAE&sclient=gws-wiz-modeless-shopping,Florence Dining Table,https://encrypted-tbn0.gstatic.com/shopping?q=tbn:ANd9GcSbazwBui94xi5LBz5mrptoV3JNMXdsVFzuIQqZM9Z60AJdRC1gBtwmHg2AjY5moGv3BvZ0IIGYyPqYlZTPnTHSnrm-wewNdOyZ5V2egK25uOPFF1wRPolP6Q,"€1,896.00",NO GA,2345476353850418833,3812737818771656734,14091620890868623132
https://www.google.com/search?q=dining+furniture&sca_esv=d64b47f615dedb78&udm=28&gl=DE&biw=1530&bih=786&sxsrf=APpeQnsqNIRORTz5CM0gAdmKMkb4Kvyf7w%3A1785762408176&ei=aJJwaruwCuv5seMPhMuTkAU&oq=dinnin+furniture&gs_lp=Ehlnd3Mtd2l6LW1vZGVsZXNzLXNob3BwaW5nIhBkaW5uaW4gZnVybml0dXJlKgIIADIHEAAYgAQYDTIHEAAYgAQYDTIHEAAYgAQYDTIHEAAYgAQYDTIHEAAYgAQYDTIHEAAYgAQYDTIHEAAYgAQYDTIHEAAYgAQYDTIHEAAYgAQYDTIHEAAYgAQYDUiRJlCREFiBF3ACeAGQAQCYAYYBoAHfBaoBAzAuNrgBA8gBAPgBAZgCB6AC-ATCAgoQABhHGNYEGLADwgIGEAAYBxgewgIKEAAYgAQYDRjWBcICCBAAGAcYHhgKwgIIEAAYCBgHGB7CAgoQABgIGAcYHhgKwgIJEAAYHhgNGNYFmAMAiAYBkAYIkgcDMi41oAeNJLIHAzAuNbgH8gTCBwMwLjfIBw-ACAE&sclient=gws-wiz-modeless-shopping,IKEA MÖRBYLÅNGA table oak veneer brown stained,https://encrypted-tbn0.gstatic.com/shopping?q=tbn:ANd9GcSnZ1zKtDLvDYPEMjQnou6ywnY7WdV8IX8v5aSJ6NmooGPsxgIvxbeHX-1YNji8aQhWeG7dTe0pab9OoiUizaayoy_QxTTXGLms2A9MOOffYOGibT3cSZqMUA,€649.00,IKEA Deutschland,6207425605056932134,1386998663386850644,14381026351911778109
https://www.google.com/search?q=dining+furniture&sca_esv=d64b47f615dedb78&udm=28&gl=DE&biw=1530&bih=786&sxsrf=APpeQnsqNIRORTz5CM0gAdmKMkb4Kvyf7w%3A1785762408176&ei=aJJwaruwCuv5seMPhMuTkAU&oq=dinnin+furniture&gs_lp=Ehlnd3Mtd2l6LW1vZGVsZXNzLXNob3BwaW5nIhBkaW5uaW4gZnVybml0dXJlKgIIADIHEAAYgAQYDTIHEAAYgAQYDTIHEAAYgAQYDTIHEAAYgAQYDTIHEAAYgAQYDTIHEAAYgAQYDTIHEAAYgAQYDTIHEAAYgAQYDTIHEAAYgAQYDTIHEAAYgAQYDUiRJlCREFiBF3ACeAGQAQCYAYYBoAHfBaoBAzAuNrgBA8gBAPgBAZgCB6AC-ATCAgoQABhHGNYEGLADwgIGEAAYBxgewgIKEAAYgAQYDRjWBcICCBAAGAcYHhgKwgIIEAAYCBgHGB7CAgoQABgIGAcYHhgKwgIJEAAYHhgNGNYFmAMAiAYBkAYIkgcDMi41oAeNJLIHAzAuNbgH8gTCBwMwLjfIBw-ACAE&sclient=gws-wiz-modeless-shopping,HKLIVING Dining Table,https://encrypted-tbn1.gstatic.com/shopping?q=tbn:ANd9GcTWL3IhDKX8jPErCCxY9lWU617VUFMlAjHFjPCt0bdkX5XwIs_glLvHrvWrV-cg9us8xiK1J_evdeTru8i4bXBJcyj9mENGXcqMcT9RofRhGgI4NXVqobDRTQ,"€2,795.00",Villa Jipp BV,12480210061826419481,2740967221187770064,12336057319406724631
https://www.google.com/search?q=dining+furniture&sca_esv=d64b47f615dedb78&udm=28&gl=DE&biw=1530&bih=786&sxsrf=APpeQnsqNIRORTz5CM0gAdmKMkb4Kvyf7w%3A1785762408176&ei=aJJwaruwCuv5seMPhMuTkAU&oq=dinnin+furniture&gs_lp=Ehlnd3Mtd2l6LW1vZGVsZXNzLXNob3BwaW5nIhBkaW5uaW4gZnVybml0dXJlKgIIADIHEAAYgAQYDTIHEAAYgAQYDTIHEAAYgAQYDTIHEAAYgAQYDTIHEAAYgAQYDTIHEAAYgAQYDTIHEAAYgAQYDTIHEAAYgAQYDTIHEAAYgAQYDTIHEAAYgAQYDUiRJlCREFiBF3ACeAGQAQCYAYYBoAHfBaoBAzAuNrgBA8gBAPgBAZgCB6AC-ATCAgoQABhHGNYEGLADwgIGEAAYBxgewgIKEAAYgAQYDRjWBcICCBAAGAcYHhgKwgIIEAAYCBgHGB7CAgoQABgIGAcYHhgKwgIJEAAYHhgNGNYFmAMAiAYBkAYIkgcDMi41oAeNJLIHAzAuNbgH8gTCBwMwLjfIBw-ACAE&sclient=gws-wiz-modeless-shopping,Classic European Wooden Carving Rectangular Dining Table Set,https://encrypted-tbn0.gstatic.com/shopping?q=tbn:ANd9GcRqeK-CiXIsN7nIDtkphumR_csa-F0Vm_lJau-6f3deDrZpHPrm894FyfDyZ4LW1uiPRbJsJ8YbxqjQv023zntljqAvaJ23Ex7F0tB1w8A,"€4,517.63",My Aashis,871328464961253031,17693099941181161103,11928613269172703545
https://www.google.com/search?q=dining+furniture&sca_esv=d64b47f615dedb78&udm=28&gl=DE&biw=1530&bih=786&sxsrf=APpeQnsqNIRORTz5CM0gAdmKMkb4Kvyf7w%3A1785762408176&ei=aJJwaruwCuv5seMPhMuTkAU&oq=dinnin+furniture&gs_lp=Ehlnd3Mtd2l6LW1vZGVsZXNzLXNob3BwaW5nIhBkaW5uaW4gZnVybml0dXJlKgIIADIHEAAYgAQYDTIHEAAYgAQYDTIHEAAYgAQYDTIHEAAYgAQYDTIHEAAYgAQYDTIHEAAYgAQYDTIHEAAYgAQYDTIHEAAYgAQYDTIHEAAYgAQYDTIHEAAYgAQYDUiRJlCREFiBF3ACeAGQAQCYAYYBoAHfBaoBAzAuNrgBA8gBAPgBAZgCB6AC-ATCAgoQABhHGNYEGLADwgIGEAAYBxgewgIKEAAYgAQYDRjWBcICCBAAGAcYHhgKwgIIEAAYCBgHGB7CAgoQABgIGAcYHhgKwgIJEAAYHhgNGNYFmAMAiAYBkAYIkgcDMi41oAeNJLIHAzAuNbgH8gTCBwMwLjfIBw-ACAE&sclient=gws-wiz-modeless-shopping,IKEA MÖRBYLÅNGA / TOSSBERG table and 6 chairs oak veneer brown stained/Gunnared dark grey Black,https://encrypted-tbn2.gstatic.com/shopping?q=tbn:ANd9GcSjJFSnkRid2JFx1QQmJJQatTPlEzazNCr1kGsmYYhFFqPHi1CyKJKsS7CM1iaqbiBG_BjDHpUMuB467ARbwfaKDWsQO69LQ4dD7txD8Y32SPRYJoj4RJ9vSw,"€1,278.94",IKEA Deutschland,10251319277319235947,8542219753033831889,16873263782032024063
https://www.google.com/search?q=dining+furniture&sca_esv=d64b47f615dedb78&udm=28&gl=DE&biw=1530&bih=786&sxsrf=APpeQnsqNIRORTz5CM0gAdmKMkb4Kvyf7w%3A1785762408176&ei=aJJwaruwCuv5seMPhMuTkAU&oq=dinnin+furniture&gs_lp=Ehlnd3Mtd2l6LW1vZGVsZXNzLXNob3BwaW5nIhBkaW5uaW4gZnVybml0dXJlKgIIADIHEAAYgAQYDTIHEAAYgAQYDTIHEAAYgAQYDTIHEAAYgAQYDTIHEAAYgAQYDTIHEAAYgAQYDTIHEAAYgAQYDTIHEAAYgAQYDTIHEAAYgAQYDTIHEAAYgAQYDUiRJlCREFiBF3ACeAGQAQCYAYYBoAHfBaoBAzAuNrgBA8gBAPgBAZgCB6AC-ATCAgoQABhHGNYEGLADwgIGEAAYBxgewgIKEAAYgAQYDRjWBcICCBAAGAcYHhgKwgIIEAAYCBgHGB7CAgoQABgIGAcYHhgKwgIJEAAYHhgNGNYFmAMAiAYBkAYIkgcDMi41oAeNJLIHAzAuNbgH8gTCBwMwLjfIBw-ACAE&sclient=gws-wiz-modeless-shopping,"Anderson Small Round Dining Table, Sintered Stone & Solid Wood - 90cm",https://encrypted-tbn1.gstatic.com/shopping?q=tbn:ANd9GcR--PN-aMKQ3EjYQKmPeJQ_3rqQsBRvpWyO5AGinjSCbxV22remsHdJG4conffeHf_QvqTxnrW_LZfcjz7rUYSmC654ngO7TkoDnPsO81-A,€815.35,Weilai Concept,13746188824873968608,,
https://www.google.com/search?q=dining+furniture&sca_esv=d64b47f615dedb78&udm=28&gl=DE&biw=1530&bih=786&sxsrf=APpeQnsqNIRORTz5CM0gAdmKMkb4Kvyf7w%3A1785762408176&ei=aJJwaruwCuv5seMPhMuTkAU&oq=dinnin+furniture&gs_lp=Ehlnd3Mtd2l6LW1vZGVsZXNzLXNob3BwaW5nIhBkaW5uaW4gZnVybml0dXJlKgIIADIHEAAYgAQYDTIHEAAYgAQYDTIHEAAYgAQYDTIHEAAYgAQYDTIHEAAYgAQYDTIHEAAYgAQYDTIHEAAYgAQYDTIHEAAYgAQYDTIHEAAYgAQYDTIHEAAYgAQYDUiRJlCREFiBF3ACeAGQAQCYAYYBoAHfBaoBAzAuNrgBA8gBAPgBAZgCB6AC-ATCAgoQABhHGNYEGLADwgIGEAAYBxgewgIKEAAYgAQYDRjWBcICCBAAGAcYHhgKwgIIEAAYCBgHGB7CAgoQABgIGAcYHhgKwgIJEAAYHhgNGNYFmAMAiAYBkAYIkgcDMi41oAeNJLIHAzAuNbgH8gTCBwMwLjfIBw-ACAE&sclient=gws-wiz-modeless-shopping,IKEA SKOGSTA / SKOGSTA table and 4 chairs,https://encrypted-tbn0.gstatic.com/shopping?q=tbn:ANd9GcRQIXbQfqDnWPfeE7ZMFCKHAGc55vagDg2GjN4neq8MvAwyIxqz4kplIFzVSthe3Kd_ZdYAqPJaXVZ0mvd0VP4Nd5iODPFOgYlnh9PbFF7enzqluMFUGMEC,€538.96,IKEA Deutschland,3293710783799702522,3129350110185363372,15720220470726014718
https://www.google.com/search?q=dining+furniture&sca_esv=d64b47f615dedb78&udm=28&gl=DE&biw=1530&bih=786&sxsrf=APpeQnsqNIRORTz5CM0gAdmKMkb4Kvyf7w%3A1785762408176&ei=aJJwaruwCuv5seMPhMuTkAU&oq=dinnin+furniture&gs_lp=Ehlnd3Mtd2l6LW1vZGVsZXNzLXNob3BwaW5nIhBkaW5uaW4gZnVybml0dXJlKgIIADIHEAAYgAQYDTIHEAAYgAQYDTIHEAAYgAQYDTIHEAAYgAQYDTIHEAAYgAQYDTIHEAAYgAQYDTIHEAAYgAQYDTIHEAAYgAQYDTIHEAAYgAQYDTIHEAAYgAQYDUiRJlCREFiBF3ACeAGQAQCYAYYBoAHfBaoBAzAuNrgBA8gBAPgBAZgCB6AC-ATCAgoQABhHGNYEGLADwgIGEAAYBxgewgIKEAAYgAQYDRjWBcICCBAAGAcYHhgKwgIIEAAYCBgHGB7CAgoQABgIGAcYHhgKwgIJEAAYHhgNGNYFmAMAiAYBkAYIkgcDMi41oAeNJLIHAzAuNbgH8gTCBwMwLjfIBw-ACAE&sclient=gws-wiz-modeless-shopping,IKEA SKOGSTA / SKOGSTA table and 4 chairs,https://encrypted-tbn0.gstatic.com/shopping?q=tbn:ANd9GcRQIXbQfqDnWPfeE7ZMFCKHAGc55vagDg2GjN4neq8MvAwyIxqz4kplIFzVSthe3Kd_ZdYAqPJaXVZ0mvd0VP4Nd5iODPFOgYlnh9PbFF7enzqluMFUGMEC,€538.96,IKEA Deutschland,3293710783799702522,3129350110185363372,15720220470726014718
https://www.google.com/search?q=dining+furniture&sca_esv=d64b47f615dedb78&udm=28&gl=DE&biw=1530&bih=786&sxsrf=APpeQnsqNIRORTz5CM0gAdmKMkb4Kvyf7w%3A1785762408176&ei=aJJwaruwCuv5seMPhMuTkAU&oq=dinnin+furniture&gs_lp=Ehlnd3Mtd2l6LW1vZGVsZXNzLXNob3BwaW5nIhBkaW5uaW4gZnVybml0dXJlKgIIADIHEAAYgAQYDTIHEAAYgAQYDTIHEAAYgAQYDTIHEAAYgAQYDTIHEAAYgAQYDTIHEAAYgAQYDTIHEAAYgAQYDTIHEAAYgAQYDTIHEAAYgAQYDTIHEAAYgAQYDUiRJlCREFiBF3ACeAGQAQCYAYYBoAHfBaoBAzAuNrgBA8gBAPgBAZgCB6AC-ATCAgoQABhHGNYEGLADwgIGEAAYBxgewgIKEAAYgAQYDRjWBcICCBAAGAcYHhgKwgIIEAAYCBgHGB7CAgoQABgIGAcYHhgKwgIJEAAYHhgNGNYFmAMAiAYBkAYIkgcDMi41oAeNJLIHAzAuNbgH8gTCBwMwLjfIBw-ACAE&sclient=gws-wiz-modeless-shopping,Careen 6 Seater White Oak Wood Dining Table With Chairs 6 Seater / White Oak Walnut Finish Dining With Natural Finish,https://encrypted-tbn0.gstatic.com/shopping?q=tbn:ANd9GcTWOjNR5HLvEHN8BC1SnDdr5_WDoUvUyuHhJtP3MkqqfW3xCSHcRkvaKGaGgNxE5rVLazPBjRuhcyO69pL9qbGMSekxIS_mAcNYIM_6yBJZBlUXiGQcKf0EAA,"€1,322.22",Nismaaya Decor,4406604909865516092,7573620842694847361,9844377554354522984
https://www.google.com/search?q=dining+furniture&sca_esv=d64b47f615dedb78&udm=28&gl=DE&biw=1530&bih=786&sxsrf=APpeQnsqNIRORTz5CM0gAdmKMkb4Kvyf7w%3A1785762408176&ei=aJJwaruwCuv5seMPhMuTkAU&oq=dinnin+furniture&gs_lp=Ehlnd3Mtd2l6LW1vZGVsZXNzLXNob3BwaW5nIhBkaW5uaW4gZnVybml0dXJlKgIIADIHEAAYgAQYDTIHEAAYgAQYDTIHEAAYgAQYDTIHEAAYgAQYDTIHEAAYgAQYDTIHEAAYgAQYDTIHEAAYgAQYDTIHEAAYgAQYDTIHEAAYgAQYDTIHEAAYgAQYDUiRJlCREFiBF3ACeAGQAQCYAYYBoAHfBaoBAzAuNrgBA8gBAPgBAZgCB6AC-ATCAgoQABhHGNYEGLADwgIGEAAYBxgewgIKEAAYgAQYDRjWBcICCBAAGAcYHhgKwgIIEAAYCBgHGB7CAgoQABgIGAcYHhgKwgIJEAAYHhgNGNYFmAMAiAYBkAYIkgcDMi41oAeNJLIHAzAuNbgH8gTCBwMwLjfIBw-ACAE&sclient=gws-wiz-modeless-shopping,Kamel Dining Table Set,https://encrypted-tbn1.gstatic.com/shopping?q=tbn:ANd9GcT3W_pXTf-RKwZY6Smwo7g91HWMnjBNn0-Wm8ckJkkH0zt2S9QZdEfZvnSQJ7rCoF9kmO6meMg1pJ7woLQFE39D-JVcRTPjGd_EMl69nHE,"€1,053.29",Carsi24,14991847392078283743,13475241755848988721,440160961780147948
https://www.google.com/search?q=dining+furniture&sca_esv=d64b47f615dedb78&udm=28&gl=DE&biw=1530&bih=786&sxsrf=APpeQnsqNIRORTz5CM0gAdmKMkb4Kvyf7w%3A1785762408176&ei=aJJwaruwCuv5seMPhMuTkAU&oq=dinnin+furniture&gs_lp=Ehlnd3Mtd2l6LW1vZGVsZXNzLXNob3BwaW5nIhBkaW5uaW4gZnVybml0dXJlKgIIADIHEAAYgAQYDTIHEAAYgAQYDTIHEAAYgAQYDTIHEAAYgAQYDTIHEAAYgAQYDTIHEAAYgAQYDTIHEAAYgAQYDTIHEAAYgAQYDTIHEAAYgAQYDTIHEAAYgAQYDUiRJlCREFiBF3ACeAGQAQCYAYYBoAHfBaoBAzAuNrgBA8gBAPgBAZgCB6AC-ATCAgoQABhHGNYEGLADwgIGEAAYBxgewgIKEAAYgAQYDRjWBcICCBAAGAcYHhgKwgIIEAAYCBgHGB7CAgoQABgIGAcYHhgKwgIJEAAYHhgNGNYFmAMAiAYBkAYIkgcDMi41oAeNJLIHAzAuNbgH8gTCBwMwLjfIBw-ACAE&sclient=gws-wiz-modeless-shopping,IKEA SKÅLSTA table and 4 chairs walnut effect U-shaped black-grey/walnut veneer tubular metal/black-grey,https://encrypted-tbn2.gstatic.com/shopping?q=tbn:ANd9GcTffs501ed_dm9CiOFqKggPe4Kc4YPyfcKaZjCBDRh_uMVcFkVgJizMna7yQA8h3BfzXd7kWlC2JgbcX_R9ChluRfN1vdSul6bwX9do70UvO1Xdq31KOVhF7g,€408.96,IKEA Deutschland,15789537778914064387,10746570580322253502,12965035379616152942
https://www.google.com/search?q=dining+furniture&sca_esv=d64b47f615dedb78&udm=28&gl=DE&biw=1530&bih=786&sxsrf=APpeQnsqNIRORTz5CM0gAdmKMkb4Kvyf7w%3A1785762408176&ei=aJJwaruwCuv5seMPhMuTkAU&oq=dinnin+furniture&gs_lp=Ehlnd3Mtd2l6LW1vZGVsZXNzLXNob3BwaW5nIhBkaW5uaW4gZnVybml0dXJlKgIIADIHEAAYgAQYDTIHEAAYgAQYDTIHEAAYgAQYDTIHEAAYgAQYDTIHEAAYgAQYDTIHEAAYgAQYDTIHEAAYgAQYDTIHEAAYgAQYDTIHEAAYgAQYDTIHEAAYgAQYDUiRJlCREFiBF3ACeAGQAQCYAYYBoAHfBaoBAzAuNrgBA8gBAPgBAZgCB6AC-ATCAgoQABhHGNYEGLADwgIGEAAYBxgewgIKEAAYgAQYDRjWBcICCBAAGAcYHhgKwgIIEAAYCBgHGB7CAgoQABgIGAcYHhgKwgIJEAAYHhgNGNYFmAMAiAYBkAYIkgcDMi41oAeNJLIHAzAuNbgH8gTCBwMwLjfIBw-ACAE&sclient=gws-wiz-modeless-shopping,"Anderson Small Round Dining Table, Sintered Stone & Solid Wood - 90cm",https://encrypted-tbn1.gstatic.com/shopping?q=tbn:ANd9GcR--PN-aMKQ3EjYQKmPeJQ_3rqQsBRvpWyO5AGinjSCbxV22remsHdJG4conffeHf_QvqTxnrW_LZfcjz7rUYSmC654ngO7TkoDnPsO81-A,€815.35,Weilai Concept,13746188824873968608,,
https://www.google.com/search?q=dining+furniture&sca_esv=d64b47f615dedb78&udm=28&gl=DE&biw=1530&bih=786&sxsrf=APpeQnsqNIRORTz5CM0gAdmKMkb4Kvyf7w%3A1785762408176&ei=aJJwaruwCuv5seMPhMuTkAU&oq=dinnin+furniture&gs_lp=Ehlnd3Mtd2l6LW1vZGVsZXNzLXNob3BwaW5nIhBkaW5uaW4gZnVybml0dXJlKgIIADIHEAAYgAQYDTIHEAAYgAQYDTIHEAAYgAQYDTIHEAAYgAQYDTIHEAAYgAQYDTIHEAAYgAQYDTIHEAAYgAQYDTIHEAAYgAQYDTIHEAAYgAQYDTIHEAAYgAQYDUiRJlCREFiBF3ACeAGQAQCYAYYBoAHfBaoBAzAuNrgBA8gBAPgBAZgCB6AC-ATCAgoQABhHGNYEGLADwgIGEAAYBxgewgIKEAAYgAQYDRjWBcICCBAAGAcYHhgKwgIIEAAYCBgHGB7CAgoQABgIGAcYHhgKwgIJEAAYHhgNGNYFmAMAiAYBkAYIkgcDMi41oAeNJLIHAzAuNbgH8gTCBwMwLjfIBw-ACAE&sclient=gws-wiz-modeless-shopping,IKEA ÅLHULT / NORDMANSSKÄR table and 4 chairs,https://encrypted-tbn3.gstatic.com/shopping?q=tbn:ANd9GcQ6QR0Ob5ADTZLb3ZJX54XIu8kXAKpQXOLxW1sXEY4CnjNwnMeRUgCxm4xqtYxe1a-LQiQCuyce-LCSh1gt_0lYxFQQ6aYQBrEBnr1MLfAktpaXvSJKlL0v,€288.96,IKEA Deutschland,386450015167275031,5965880607375354647,543575328013355138
https://www.google.com/search?q=dining+furniture&sca_esv=d64b47f615dedb78&udm=28&gl=DE&biw=1530&bih=786&sxsrf=APpeQnsqNIRORTz5CM0gAdmKMkb4Kvyf7w%3A1785762408176&ei=aJJwaruwCuv5seMPhMuTkAU&oq=dinnin+furniture&gs_lp=Ehlnd3Mtd2l6LW1vZGVsZXNzLXNob3BwaW5nIhBkaW5uaW4gZnVybml0dXJlKgIIADIHEAAYgAQYDTIHEAAYgAQYDTIHEAAYgAQYDTIHEAAYgAQYDTIHEAAYgAQYDTIHEAAYgAQYDTIHEAAYgAQYDTIHEAAYgAQYDTIHEAAYgAQYDTIHEAAYgAQYDUiRJlCREFiBF3ACeAGQAQCYAYYBoAHfBaoBAzAuNrgBA8gBAPgBAZgCB6AC-ATCAgoQABhHGNYEGLADwgIGEAAYBxgewgIKEAAYgAQYDRjWBcICCBAAGAcYHhgKwgIIEAAYCBgHGB7CAgoQABgIGAcYHhgKwgIJEAAYHhgNGNYFmAMAiAYBkAYIkgcDMi41oAeNJLIHAzAuNbgH8gTCBwMwLjfIBw-ACAE&sclient=gws-wiz-modeless-shopping,solid wood dining table and chair combination home dining table Modern minimalist ash wood desk log long table сm,https://encrypted-tbn2.gstatic.com/shopping?q=tbn:ANd9GcRbplFjLLNDI1pqgV946VrXn3LOED07Hac_BnhfDRtxPcicVAYy_Md8VWvfuvbJvuA4PZ75EFo__V2kCSGtdb1_T8gUYBsFVZ3xBcFqzkyQksPeyGAxb2wPsQ,€757.99,GVAwood,2662973437818287128,219913586513848925,5479598040880361918
https://www.google.com/search?q=dining+furniture&sca_esv=d64b47f615dedb78&udm=28&gl=DE&biw=1530&bih=786&sxsrf=APpeQnsqNIRORTz5CM0gAdmKMkb4Kvyf7w%3A1785762408176&ei=aJJwaruwCuv5seMPhMuTkAU&oq=dinnin+furniture&gs_lp=Ehlnd3Mtd2l6LW1vZGVsZXNzLXNob3BwaW5nIhBkaW5uaW4gZnVybml0dXJlKgIIADIHEAAYgAQYDTIHEAAYgAQYDTIHEAAYgAQYDTIHEAAYgAQYDTIHEAAYgAQYDTIHEAAYgAQYDTIHEAAYgAQYDTIHEAAYgAQYDTIHEAAYgAQYDTIHEAAYgAQYDUiRJlCREFiBF3ACeAGQAQCYAYYBoAHfBaoBAzAuNrgBA8gBAPgBAZgCB6AC-ATCAgoQABhHGNYEGLADwgIGEAAYBxgewgIKEAAYgAQYDRjWBcICCBAAGAcYHhgKwgIIEAAYCBgHGB7CAgoQABgIGAcYHhgKwgIJEAAYHhgNGNYFmAMAiAYBkAYIkgcDMi41oAeNJLIHAzAuNbgH8gTCBwMwLjfIBw-ACAE&sclient=gws-wiz-modeless-shopping,Danish Dining Table,https://encrypted-tbn1.gstatic.com/shopping?q=tbn:ANd9GcS4OWzA4KMlIH_hM4ZQ6JPOrF5zX_mEM9rUM9YO2tj6DWvf0SEyUVXsFgVJNOGJaqJak0yGrP0NJWQqYnNEUFbs2bNFaAASc5_-HaZtodM,€373.86,Saajawat,8519796198827992960,769661901776942083,8814967588233469289
https://www.google.com/search?q=dining+furniture&sca_esv=d64b47f615dedb78&udm=28&gl=DE&biw=1530&bih=786&sxsrf=APpeQnsqNIRORTz5CM0gAdmKMkb4Kvyf7w%3A1785762408176&ei=aJJwaruwCuv5seMPhMuTkAU&oq=dinnin+furniture&gs_lp=Ehlnd3Mtd2l6LW1vZGVsZXNzLXNob3BwaW5nIhBkaW5uaW4gZnVybml0dXJlKgIIADIHEAAYgAQYDTIHEAAYgAQYDTIHEAAYgAQYDTIHEAAYgAQYDTIHEAAYgAQYDTIHEAAYgAQYDTIHEAAYgAQYDTIHEAAYgAQYDTIHEAAYgAQYDTIHEAAYgAQYDUiRJlCREFiBF3ACeAGQAQCYAYYBoAHfBaoBAzAuNrgBA8gBAPgBAZgCB6AC-ATCAgoQABhHGNYEGLADwgIGEAAYBxgewgIKEAAYgAQYDRjWBcICCBAAGAcYHhgKwgIIEAAYCBgHGB7CAgoQABgIGAcYHhgKwgIJEAAYHhgNGNYFmAMAiAYBkAYIkgcDMi41oAeNJLIHAzAuNbgH8gTCBwMwLjfIBw-ACAE&sclient=gws-wiz-modeless-shopping,IKEA ROSENTORP extendable table,https://encrypted-tbn2.gstatic.com/shopping?q=tbn:ANd9GcQeCUQbYAGiSBLWNc9-9KQbyThX3sju5HDjo0Nv_h93Gf096uXO5IUrkGbn57PCNAv3SUYSyM1Far7hb96IcSpUZRFrPlcl7Qv0H-u7uMdURizjYvpB7GJ9,€479.00,IKEA Deutschland,18065339033549342500,7990389666044246429,918739245956956380
https://www.google.com/search?q=dining+furniture&sca_esv=d64b47f615dedb78&udm=28&gl=DE&biw=1530&bih=786&sxsrf=APpeQnsqNIRORTz5CM0gAdmKMkb4Kvyf7w%3A1785762408176&ei=aJJwaruwCuv5seMPhMuTkAU&oq=dinnin+furniture&gs_lp=Ehlnd3Mtd2l6LW1vZGVsZXNzLXNob3BwaW5nIhBkaW5uaW4gZnVybml0dXJlKgIIADIHEAAYgAQYDTIHEAAYgAQYDTIHEAAYgAQYDTIHEAAYgAQYDTIHEAAYgAQYDTIHEAAYgAQYDTIHEAAYgAQYDTIHEAAYgAQYDTIHEAAYgAQYDTIHEAAYgAQYDUiRJlCREFiBF3ACeAGQAQCYAYYBoAHfBaoBAzAuNrgBA8gBAPgBAZgCB6AC-ATCAgoQABhHGNYEGLADwgIGEAAYBxgewgIKEAAYgAQYDRjWBcICCBAAGAcYHhgKwgIIEAAYCBgHGB7CAgoQABgIGAcYHhgKwgIJEAAYHhgNGNYFmAMAiAYBkAYIkgcDMi41oAeNJLIHAzAuNbgH8gTCBwMwLjfIBw-ACAE&sclient=gws-wiz-modeless-shopping,Classic European Wooden Carving Rectangular Dining Table Set,https://encrypted-tbn0.gstatic.com/shopping?q=tbn:ANd9GcRqeK-CiXIsN7nIDtkphumR_csa-F0Vm_lJau-6f3deDrZpHPrm894FyfDyZ4LW1uiPRbJsJ8YbxqjQv023zntljqAvaJ23Ex7F0tB1w8A,"€4,517.63",My Aashis,871328464961253031,17693099941181161103,11928613269172703545
https://www.google.com/search?q=dining+furniture&sca_esv=d64b47f615dedb78&udm=28&gl=DE&biw=1530&bih=786&sxsrf=APpeQnsqNIRORTz5CM0gAdmKMkb4Kvyf7w%3A1785762408176&ei=aJJwaruwCuv5seMPhMuTkAU&oq=dinnin+furniture&gs_lp=Ehlnd3Mtd2l6LW1vZGVsZXNzLXNob3BwaW5nIhBkaW5uaW4gZnVybml0dXJlKgIIADIHEAAYgAQYDTIHEAAYgAQYDTIHEAAYgAQYDTIHEAAYgAQYDTIHEAAYgAQYDTIHEAAYgAQYDTIHEAAYgAQYDTIHEAAYgAQYDTIHEAAYgAQYDTIHEAAYgAQYDUiRJlCREFiBF3ACeAGQAQCYAYYBoAHfBaoBAzAuNrgBA8gBAPgBAZgCB6AC-ATCAgoQABhHGNYEGLADwgIGEAAYBxgewgIKEAAYgAQYDRjWBcICCBAAGAcYHhgKwgIIEAAYCBgHGB7CAgoQABgIGAcYHhgKwgIJEAAYHhgNGNYFmAMAiAYBkAYIkgcDMi41oAeNJLIHAzAuNbgH8gTCBwMwLjfIBw-ACAE&sclient=gws-wiz-modeless-shopping,IKEA TARSELE extendable table,https://encrypted-tbn1.gstatic.com/shopping?q=tbn:ANd9GcSvBrN9PnAXA9K-3aY4_uXd74ZtZpdYYNefNWLNqifzaIAb5GFDkjzHrVCbCbGIH3Z0YH4dHEYyCck9JJVZBcCnTcDp0pHsqLSWs88IKDbJNrI8sJcROweRgw,€899.00,IKEA Deutschland,2467599781923548663,5108988817705630296,8010635766858903327
https://www.google.com/search?q=dining+furniture&sca_esv=d64b47f615dedb78&udm=28&gl=DE&biw=1530&bih=786&sxsrf=APpeQnsqNIRORTz5CM0gAdmKMkb4Kvyf7w%3A1785762408176&ei=aJJwaruwCuv5seMPhMuTkAU&oq=dinnin+furniture&gs_lp=Ehlnd3Mtd2l6LW1vZGVsZXNzLXNob3BwaW5nIhBkaW5uaW4gZnVybml0dXJlKgIIADIHEAAYgAQYDTIHEAAYgAQYDTIHEAAYgAQYDTIHEAAYgAQYDTIHEAAYgAQYDTIHEAAYgAQYDTIHEAAYgAQYDTIHEAAYgAQYDTIHEAAYgAQYDTIHEAAYgAQYDUiRJlCREFiBF3ACeAGQAQCYAYYBoAHfBaoBAzAuNrgBA8gBAPgBAZgCB6AC-ATCAgoQABhHGNYEGLADwgIGEAAYBxgewgIKEAAYgAQYDRjWBcICCBAAGAcYHhgKwgIIEAAYCBgHGB7CAgoQABgIGAcYHhgKwgIJEAAYHhgNGNYFmAMAiAYBkAYIkgcDMi41oAeNJLIHAzAuNbgH8gTCBwMwLjfIBw-ACAE&sclient=gws-wiz-modeless-shopping,Classic Truffle Square Wooden Vintage Complete Dining Set,https://encrypted-tbn2.gstatic.com/shopping?q=tbn:ANd9GcRbM3q5FHFSTZOhqzuT6n4v6X9A6Tp8MAdVNYRwuOR87ETeU8RFd-jcX7eU7xbpZoC5XIrYH3zHjuCFgVo3V28XnxemS2abMyNRLOVbOsgk,"€3,734.06",Woodsala,10657416222767164049,,
https://www.google.com/search?q=dining+furniture&sca_esv=d64b47f615dedb78&udm=28&gl=DE&biw=1530&bih=786&sxsrf=APpeQnsqNIRORTz5CM0gAdmKMkb4Kvyf7w%3A1785762408176&ei=aJJwaruwCuv5seMPhMuTkAU&oq=dinnin+furniture&gs_lp=Ehlnd3Mtd2l6LW1vZGVsZXNzLXNob3BwaW5nIhBkaW5uaW4gZnVybml0dXJlKgIIADIHEAAYgAQYDTIHEAAYgAQYDTIHEAAYgAQYDTIHEAAYgAQYDTIHEAAYgAQYDTIHEAAYgAQYDTIHEAAYgAQYDTIHEAAYgAQYDTIHEAAYgAQYDTIHEAAYgAQYDUiRJlCREFiBF3ACeAGQAQCYAYYBoAHfBaoBAzAuNrgBA8gBAPgBAZgCB6AC-ATCAgoQABhHGNYEGLADwgIGEAAYBxgewgIKEAAYgAQYDRjWBcICCBAAGAcYHhgKwgIIEAAYCBgHGB7CAgoQABgIGAcYHhgKwgIJEAAYHhgNGNYFmAMAiAYBkAYIkgcDMi41oAeNJLIHAzAuNbgH8gTCBwMwLjfIBw-ACAE&sclient=gws-wiz-modeless-shopping,Stylish Dining Table: High-End Anti-Theft Lock with Elegant Design,https://encrypted-tbn2.gstatic.com/shopping?q=tbn:ANd9GcRx8tZWciJdXkepF47ZriiNzHVhhNOp0BA8hdtxmBdbLYzu2PGGGhW2gdeBZtannuB1QpcKreRKy6bdYSALKGO08vjcKUaI5AbR0JT8e_L7DHudBq_KT32vXA,"€1,051.22",Made-in-China.com,13605237170189493393,,
https://www.google.com/search?q=dining+furniture&sca_esv=d64b47f615dedb78&udm=28&gl=DE&biw=1530&bih=786&sxsrf=APpeQnsqNIRORTz5CM0gAdmKMkb4Kvyf7w%3A1785762408176&ei=aJJwaruwCuv5seMPhMuTkAU&oq=dinnin+furniture&gs_lp=Ehlnd3Mtd2l6LW1vZGVsZXNzLXNob3BwaW5nIhBkaW5uaW4gZnVybml0dXJlKgIIADIHEAAYgAQYDTIHEAAYgAQYDTIHEAAYgAQYDTIHEAAYgAQYDTIHEAAYgAQYDTIHEAAYgAQYDTIHEAAYgAQYDTIHEAAYgAQYDTIHEAAYgAQYDTIHEAAYgAQYDUiRJlCREFiBF3ACeAGQAQCYAYYBoAHfBaoBAzAuNrgBA8gBAPgBAZgCB6AC-ATCAgoQABhHGNYEGLADwgIGEAAYBxgewgIKEAAYgAQYDRjWBcICCBAAGAcYHhgKwgIIEAAYCBgHGB7CAgoQABgIGAcYHhgKwgIJEAAYHhgNGNYFmAMAiAYBkAYIkgcDMi41oAeNJLIHAzAuNbgH8gTCBwMwLjfIBw-ACAE&sclient=gws-wiz-modeless-shopping,IKEA TONSTAD / TOSSBERG table and 4 chairs,https://encrypted-tbn3.gstatic.com/shopping?q=tbn:ANd9GcTekxoy1R_Xw_8ohE4uRnV9pNajF5rfXq5nTyQtXXVFvyPNTTOL7sl206vltOYb0RZFgiT-XhPA5LarWw6741_8hCSJJYLdFp5VLeeWUK5pKeSfEmEiT8d4,€628.96,IKEA Deutschland,712002006843438367,14154049295045896537,15733757682922204613
https://www.google.com/search?q=dining+furniture&sca_esv=d64b47f615dedb78&udm=28&gl=DE&biw=1530&bih=786&sxsrf=APpeQnsqNIRORTz5CM0gAdmKMkb4Kvyf7w%3A1785762408176&ei=aJJwaruwCuv5seMPhMuTkAU&oq=dinnin+furniture&gs_lp=Ehlnd3Mtd2l6LW1vZGVsZXNzLXNob3BwaW5nIhBkaW5uaW4gZnVybml0dXJlKgIIADIHEAAYgAQYDTIHEAAYgAQYDTIHEAAYgAQYDTIHEAAYgAQYDTIHEAAYgAQYDTIHEAAYgAQYDTIHEAAYgAQYDTIHEAAYgAQYDTIHEAAYgAQYDTIHEAAYgAQYDUiRJlCREFiBF3ACeAGQAQCYAYYBoAHfBaoBAzAuNrgBA8gBAPgBAZgCB6AC-ATCAgoQABhHGNYEGLADwgIGEAAYBxgewgIKEAAYgAQYDRjWBcICCBAAGAcYHhgKwgIIEAAYCBgHGB7CAgoQABgIGAcYHhgKwgIJEAAYHhgNGNYFmAMAiAYBkAYIkgcDMi41oAeNJLIHAzAuNbgH8gTCBwMwLjfIBw-ACAE&sclient=gws-wiz-modeless-shopping,Platner Dining Table,https://encrypted-tbn1.gstatic.com/shopping?q=tbn:ANd9GcQY-AOQqIAT1N1WGlzjAxIV0hAe95k7puDM79q2732dXa3iuqdMpk3sW49eDQDSAyM8340ntdLpDM4zpo7l86ZAYXefW1lu0EBUK0oCROMOmpk1gHWNSTV3rg,"€19,512.23",MyAreaDesign,12491934729403611262,597735894087848535,3347164014570585712
https://www.google.com/search?q=dining+furniture&sca_esv=d64b47f615dedb78&udm=28&gl=DE&biw=1530&bih=786&sxsrf=APpeQnsqNIRORTz5CM0gAdmKMkb4Kvyf7w%3A1785762408176&ei=aJJwaruwCuv5seMPhMuTkAU&oq=dinnin+furniture&gs_lp=Ehlnd3Mtd2l6LW1vZGVsZXNzLXNob3BwaW5nIhBkaW5uaW4gZnVybml0dXJlKgIIADIHEAAYgAQYDTIHEAAYgAQYDTIHEAAYgAQYDTIHEAAYgAQYDTIHEAAYgAQYDTIHEAAYgAQYDTIHEAAYgAQYDTIHEAAYgAQYDTIHEAAYgAQYDTIHEAAYgAQYDUiRJlCREFiBF3ACeAGQAQCYAYYBoAHfBaoBAzAuNrgBA8gBAPgBAZgCB6AC-ATCAgoQABhHGNYEGLADwgIGEAAYBxgewgIKEAAYgAQYDRjWBcICCBAAGAcYHhgKwgIIEAAYCBgHGB7CAgoQABgIGAcYHhgKwgIJEAAYHhgNGNYFmAMAiAYBkAYIkgcDMi41oAeNJLIHAzAuNbgH8gTCBwMwLjfIBw-ACAE&sclient=gws-wiz-modeless-shopping,IKEA VIHALS / VIHALS table and chairs,https://encrypted-tbn3.gstatic.com/shopping?q=tbn:ANd9GcQHZclRJDvQbolASK6ChIU3Bu1o4GlXgiBZD03Vf7NB6FrfSczmZ7GGJxiyuxDI8nOe65xTzs1rhrsYEC6aGNcsysAN5wqCuyF-suTkgUJ8RCkc0vp2FFaD-g,€238.96,IKEA Deutschland,1290698953878714949,16779851128202726480,5464508375618988397
https://www.google.com/search?q=dining+furniture&sca_esv=d64b47f615dedb78&udm=28&gl=DE&biw=1530&bih=786&sxsrf=APpeQnsqNIRORTz5CM0gAdmKMkb4Kvyf7w%3A1785762408176&ei=aJJwaruwCuv5seMPhMuTkAU&oq=dinnin+furniture&gs_lp=Ehlnd3Mtd2l6LW1vZGVsZXNzLXNob3BwaW5nIhBkaW5uaW4gZnVybml0dXJlKgIIADIHEAAYgAQYDTIHEAAYgAQYDTIHEAAYgAQYDTIHEAAYgAQYDTIHEAAYgAQYDTIHEAAYgAQYDTIHEAAYgAQYDTIHEAAYgAQYDTIHEAAYgAQYDTIHEAAYgAQYDUiRJlCREFiBF3ACeAGQAQCYAYYBoAHfBaoBAzAuNrgBA8gBAPgBAZgCB6AC-ATCAgoQABhHGNYEGLADwgIGEAAYBxgewgIKEAAYgAQYDRjWBcICCBAAGAcYHhgKwgIIEAAYCBgHGB7CAgoQABgIGAcYHhgKwgIJEAAYHhgNGNYFmAMAiAYBkAYIkgcDMi41oAeNJLIHAzAuNbgH8gTCBwMwLjfIBw-ACAE&sclient=gws-wiz-modeless-shopping,"oak, Ash Solid Wood Dining table Modern and Simple Black color / oak table and four",https://encrypted-tbn2.gstatic.com/shopping?q=tbn:ANd9GcRuBy3cbsYi0SjGHkD3fxZ7cqiXGSZUWZWMGZsvL5LZH64KvF7TBPDc6fqLTc81kgbLvhqdIqMOAYiWB5hGLkRobX149dPV7F5ic3j5NvABLawBr6yVYky_,"€1,643.45",GVAwood,7822751227343707800,18361487659911669190,14292609321927413394
https://www.google.com/search?q=dining+furniture&sca_esv=d64b47f615dedb78&udm=28&gl=DE&biw=1530&bih=786&sxsrf=APpeQnsqNIRORTz5CM0gAdmKMkb4Kvyf7w%3A1785762408176&ei=aJJwaruwCuv5seMPhMuTkAU&oq=dinnin+furniture&gs_lp=Ehlnd3Mtd2l6LW1vZGVsZXNzLXNob3BwaW5nIhBkaW5uaW4gZnVybml0dXJlKgIIADIHEAAYgAQYDTIHEAAYgAQYDTIHEAAYgAQYDTIHEAAYgAQYDTIHEAAYgAQYDTIHEAAYgAQYDTIHEAAYgAQYDTIHEAAYgAQYDTIHEAAYgAQYDTIHEAAYgAQYDUiRJlCREFiBF3ACeAGQAQCYAYYBoAHfBaoBAzAuNrgBA8gBAPgBAZgCB6AC-ATCAgoQABhHGNYEGLADwgIGEAAYBxgewgIKEAAYgAQYDRjWBcICCBAAGAcYHhgKwgIIEAAYCBgHGB7CAgoQABgIGAcYHhgKwgIJEAAYHhgNGNYFmAMAiAYBkAYIkgcDMi41oAeNJLIHAzAuNbgH8gTCBwMwLjfIBw-ACAE&sclient=gws-wiz-modeless-shopping,OLIVIA Extendable Dining Table Walnut,https://encrypted-tbn1.gstatic.com/shopping?q=tbn:ANd9GcQ0lQQ7hqI-YtCo-UYfeZtLSJL5Mb_QhHUcl0qURPmJ56dlUsZ4F7X7wHTPKYi4vEmROxuvghT9BCYxEuwbvEzByrpWvkDYKBKQP81CPS4R_maJQFRQbqBSDQ,"€2,990.00",Woodlandea,15693963725117708598,10274572115870600980,16876962148001535337
https://www.google.com/search?q=dining+furniture&sca_esv=d64b47f615dedb78&udm=28&gl=DE&biw=1530&bih=786&sxsrf=APpeQnsqNIRORTz5CM0gAdmKMkb4Kvyf7w%3A1785762408176&ei=aJJwaruwCuv5seMPhMuTkAU&oq=dinnin+furniture&gs_lp=Ehlnd3Mtd2l6LW1vZGVsZXNzLXNob3BwaW5nIhBkaW5uaW4gZnVybml0dXJlKgIIADIHEAAYgAQYDTIHEAAYgAQYDTIHEAAYgAQYDTIHEAAYgAQYDTIHEAAYgAQYDTIHEAAYgAQYDTIHEAAYgAQYDTIHEAAYgAQYDTIHEAAYgAQYDTIHEAAYgAQYDUiRJlCREFiBF3ACeAGQAQCYAYYBoAHfBaoBAzAuNrgBA8gBAPgBAZgCB6AC-ATCAgoQABhHGNYEGLADwgIGEAAYBxgewgIKEAAYgAQYDRjWBcICCBAAGAcYHhgKwgIIEAAYCBgHGB7CAgoQABgIGAcYHhgKwgIJEAAYHhgNGNYFmAMAiAYBkAYIkgcDMi41oAeNJLIHAzAuNbgH8gTCBwMwLjfIBw-ACAE&sclient=gws-wiz-modeless-shopping,IKEA NÄSINGE table and 4 chairs,https://encrypted-tbn3.gstatic.com/shopping?q=tbn:ANd9GcQGzYhHrHipg1TNuiOkNX71MyMbzDaU6OjJDEUU09Y0bYs-w6jWONlEYb1ppk0OhUUmWX_79J1xPMlvUJJFEWm56wzXkAyl32063gCV04Zv1fudvTt-6fYbcA,€438.96,IKEA Deutschland,16050864699524821310,13158208217773147707,6835123195752792565
https://www.google.com/search?q=dining+furniture&sca_esv=d64b47f615dedb78&udm=28&gl=DE&biw=1530&bih=786&sxsrf=APpeQnsqNIRORTz5CM0gAdmKMkb4Kvyf7w%3A1785762408176&ei=aJJwaruwCuv5seMPhMuTkAU&oq=dinnin+furniture&gs_lp=Ehlnd3Mtd2l6LW1vZGVsZXNzLXNob3BwaW5nIhBkaW5uaW4gZnVybml0dXJlKgIIADIHEAAYgAQYDTIHEAAYgAQYDTIHEAAYgAQYDTIHEAAYgAQYDTIHEAAYgAQYDTIHEAAYgAQYDTIHEAAYgAQYDTIHEAAYgAQYDTIHEAAYgAQYDTIHEAAYgAQYDUiRJlCREFiBF3ACeAGQAQCYAYYBoAHfBaoBAzAuNrgBA8gBAPgBAZgCB6AC-ATCAgoQABhHGNYEGLADwgIGEAAYBxgewgIKEAAYgAQYDRjWBcICCBAAGAcYHhgKwgIIEAAYCBgHGB7CAgoQABgIGAcYHhgKwgIJEAAYHhgNGNYFmAMAiAYBkAYIkgcDMi41oAeNJLIHAzAuNbgH8gTCBwMwLjfIBw-ACAE&sclient=gws-wiz-modeless-shopping,Palace Scandinavian 4 Chairs 1 Bench 1 Table Oak Skeleton Dining Kitchen Table Set,https://encrypted-tbn1.gstatic.com/shopping?q=tbn:ANd9GcT8AVFyz8U9v-xqFnoJoAJUylwtKHAFaSrHcnulrKFnUB9DUCK2wXFA2gplU9mGYN1IpelUNb73lb-TRCFxXVvBqNc353iGyoHSpd42hHfA1lkhHmPAIolQ,"€1,594.16",Carsi24,11686975770705599341,17816266351301333034,8011963389472461236
https://www.google.com/search?q=dining+furniture&sca_esv=d64b47f615dedb78&udm=28&gl=DE&biw=1530&bih=786&sxsrf=APpeQnsqNIRORTz5CM0gAdmKMkb4Kvyf7w%3A1785762408176&ei=aJJwaruwCuv5seMPhMuTkAU&oq=dinnin+furniture&gs_lp=Ehlnd3Mtd2l6LW1vZGVsZXNzLXNob3BwaW5nIhBkaW5uaW4gZnVybml0dXJlKgIIADIHEAAYgAQYDTIHEAAYgAQYDTIHEAAYgAQYDTIHEAAYgAQYDTIHEAAYgAQYDTIHEAAYgAQYDTIHEAAYgAQYDTIHEAAYgAQYDTIHEAAYgAQYDTIHEAAYgAQYDUiRJlCREFiBF3ACeAGQAQCYAYYBoAHfBaoBAzAuNrgBA8gBAPgBAZgCB6AC-ATCAgoQABhHGNYEGLADwgIGEAAYBxgewgIKEAAYgAQYDRjWBcICCBAAGAcYHhgKwgIIEAAYCBgHGB7CAgoQABgIGAcYHhgKwgIJEAAYHhgNGNYFmAMAiAYBkAYIkgcDMi41oAeNJLIHAzAuNbgH8gTCBwMwLjfIBw-ACAE&sclient=gws-wiz-modeless-shopping,IKEA HAUGA table and 4 chairs,https://encrypted-tbn1.gstatic.com/shopping?q=tbn:ANd9GcRH7gJ1vfYI-mk4smz5dgITJrVXfDuMvguiwZlTVcFu1AZPpf6BqAp96LFzPUARr3-omE9Dnf5wCL7VgBcpnK9XRE6oipt7yrzPvcwhexX2AulE7d6bDTVgTg,€258.96,IKEA Deutschland,14666549802695942237,11999172330544371036,5833163218086074541
https://www.google.com/search?q=dining+furniture&sca_esv=d64b47f615dedb78&udm=28&gl=DE&biw=1530&bih=786&sxsrf=APpeQnsqNIRORTz5CM0gAdmKMkb4Kvyf7w%3A1785762408176&ei=aJJwaruwCuv5seMPhMuTkAU&oq=dinnin+furniture&gs_lp=Ehlnd3Mtd2l6LW1vZGVsZXNzLXNob3BwaW5nIhBkaW5uaW4gZnVybml0dXJlKgIIADIHEAAYgAQYDTIHEAAYgAQYDTIHEAAYgAQYDTIHEAAYgAQYDTIHEAAYgAQYDTIHEAAYgAQYDTIHEAAYgAQYDTIHEAAYgAQYDTIHEAAYgAQYDTIHEAAYgAQYDUiRJlCREFiBF3ACeAGQAQCYAYYBoAHfBaoBAzAuNrgBA8gBAPgBAZgCB6AC-ATCAgoQABhHGNYEGLADwgIGEAAYBxgewgIKEAAYgAQYDRjWBcICCBAAGAcYHhgKwgIIEAAYCBgHGB7CAgoQABgIGAcYHhgKwgIJEAAYHhgNGNYFmAMAiAYBkAYIkgcDMi41oAeNJLIHAzAuNbgH8gTCBwMwLjfIBw-ACAE&sclient=gws-wiz-modeless-shopping,Amazing Modern Rectangle White Marble Dining Table 3,https://encrypted-tbn2.gstatic.com/shopping?q=tbn:ANd9GcTamRrjdfuCyMBE9J3Z4zj-sUNtxLwcdIK1jYASW1YzgNIR6dFekaQpeTi89BlZw0eaZBmCOF60mTQ1P2soEFGp8O19fAkfC4-Pe-UqMZs,"€1,103.37",Saajawat,17367293234771930458,16834778010168156626,746664086488041847
https://www.google.com/search?q=dining+furniture&sca_esv=d64b47f615dedb78&udm=28&gl=DE&biw=1530&bih=786&sxsrf=APpeQnsqNIRORTz5CM0gAdmKMkb4Kvyf7w%3A1785762408176&ei=aJJwaruwCuv5seMPhMuTkAU&oq=dinnin+furniture&gs_lp=Ehlnd3Mtd2l6LW1vZGVsZXNzLXNob3BwaW5nIhBkaW5uaW4gZnVybml0dXJlKgIIADIHEAAYgAQYDTIHEAAYgAQYDTIHEAAYgAQYDTIHEAAYgAQYDTIHEAAYgAQYDTIHEAAYgAQYDTIHEAAYgAQYDTIHEAAYgAQYDTIHEAAYgAQYDTIHEAAYgAQYDUiRJlCREFiBF3ACeAGQAQCYAYYBoAHfBaoBAzAuNrgBA8gBAPgBAZgCB6AC-ATCAgoQABhHGNYEGLADwgIGEAAYBxgewgIKEAAYgAQYDRjWBcICCBAAGAcYHhgKwgIIEAAYCBgHGB7CAgoQABgIGAcYHhgKwgIJEAAYHhgNGNYFmAMAiAYBkAYIkgcDMi41oAeNJLIHAzAuNbgH8gTCBwMwLjfIBw-ACAE&sclient=gws-wiz-modeless-shopping,Luxury Nordic Leather Dining Chair Set,https://encrypted-tbn1.gstatic.com/shopping?q=tbn:ANd9GcSTwm8Vx_hzcGszGehdp6zyPPOFZOu9EhisoEMYy4nXpfBEQiP-qFFLTlK-mmniy5hYnAFqEwnt88IQ_ud4O1tghDQ1aAXGUKE5S00zdf1ehuiy6W_tJt14Jw,"€1,346.60",Lixra,801016424749959471,6009854765358920724,94989842107323246
https://www.google.com/search?q=dining+furniture&sca_esv=d64b47f615dedb78&udm=28&gl=DE&biw=1530&bih=786&sxsrf=APpeQnsqNIRORTz5CM0gAdmKMkb4Kvyf7w%3A1785762408176&ei=aJJwaruwCuv5seMPhMuTkAU&oq=dinnin+furniture&gs_lp=Ehlnd3Mtd2l6LW1vZGVsZXNzLXNob3BwaW5nIhBkaW5uaW4gZnVybml0dXJlKgIIADIHEAAYgAQYDTIHEAAYgAQYDTIHEAAYgAQYDTIHEAAYgAQYDTIHEAAYgAQYDTIHEAAYgAQYDTIHEAAYgAQYDTIHEAAYgAQYDTIHEAAYgAQYDTIHEAAYgAQYDUiRJlCREFiBF3ACeAGQAQCYAYYBoAHfBaoBAzAuNrgBA8gBAPgBAZgCB6AC-ATCAgoQABhHGNYEGLADwgIGEAAYBxgewgIKEAAYgAQYDRjWBcICCBAAGAcYHhgKwgIIEAAYCBgHGB7CAgoQABgIGAcYHhgKwgIJEAAYHhgNGNYFmAMAiAYBkAYIkgcDMi41oAeNJLIHAzAuNbgH8gTCBwMwLjfIBw-ACAE&sclient=gws-wiz-modeless-shopping,IKEA DOCKSTA / SANDSBERG table and 4 chairs,https://encrypted-tbn2.gstatic.com/shopping?q=tbn:ANd9GcRySoZoWrWYLw5qFmadFzkrXljBiLj2tgZYYB6r34SW495hK_ULjN8o65nKqrkBm-_s113n-FHh-DETfQi7yxNKq9-qL9kb8kNJCmNjC_kfj0-c1VoynWyt1w,€219.00,IKEA Deutschland,16919400820059337603,11223432997815138077,11275343837072836125
https://www.google.com/search?q=dining+furniture&sca_esv=d64b47f615dedb78&udm=28&gl=DE&biw=1530&bih=786&sxsrf=APpeQnsqNIRORTz5CM0gAdmKMkb4Kvyf7w%3A1785762408176&ei=aJJwaruwCuv5seMPhMuTkAU&oq=dinnin+furniture&gs_lp=Ehlnd3Mtd2l6LW1vZGVsZXNzLXNob3BwaW5nIhBkaW5uaW4gZnVybml0dXJlKgIIADIHEAAYgAQYDTIHEAAYgAQYDTIHEAAYgAQYDTIHEAAYgAQYDTIHEAAYgAQYDTIHEAAYgAQYDTIHEAAYgAQYDTIHEAAYgAQYDTIHEAAYgAQYDTIHEAAYgAQYDUiRJlCREFiBF3ACeAGQAQCYAYYBoAHfBaoBAzAuNrgBA8gBAPgBAZgCB6AC-ATCAgoQABhHGNYEGLADwgIGEAAYBxgewgIKEAAYgAQYDRjWBcICCBAAGAcYHhgKwgIIEAAYCBgHGB7CAgoQABgIGAcYHhgKwgIJEAAYHhgNGNYFmAMAiAYBkAYIkgcDMi41oAeNJLIHAzAuNbgH8gTCBwMwLjfIBw-ACAE&sclient=gws-wiz-modeless-shopping,solid wood dining table Nordic small apartment ash wood round table home dining table restaurant simple dining table,https://encrypted-tbn1.gstatic.com/shopping?q=tbn:ANd9GcT4Afn-otLu24C3muis9DtYTF4Sm9ZaUJ7EqySOlIrFwLHKQt11jrhaoUqtW_XybehN3meBdgz1hx1zjCc4Nvxigt-4wpcIOryItjEpEEQw_OQb03LkqiY4,€631.50,GVAwood,15354147697431515221,16993393330108654459,6156818627080168685
https://www.google.com/search?q=dining+furniture&sca_esv=d64b47f615dedb78&udm=28&gl=DE&biw=1530&bih=786&sxsrf=APpeQnsqNIRORTz5CM0gAdmKMkb4Kvyf7w%3A1785762408176&ei=aJJwaruwCuv5seMPhMuTkAU&oq=dinnin+furniture&gs_lp=Ehlnd3Mtd2l6LW1vZGVsZXNzLXNob3BwaW5nIhBkaW5uaW4gZnVybml0dXJlKgIIADIHEAAYgAQYDTIHEAAYgAQYDTIHEAAYgAQYDTIHEAAYgAQYDTIHEAAYgAQYDTIHEAAYgAQYDTIHEAAYgAQYDTIHEAAYgAQYDTIHEAAYgAQYDTIHEAAYgAQYDUiRJlCREFiBF3ACeAGQAQCYAYYBoAHfBaoBAzAuNrgBA8gBAPgBAZgCB6AC-ATCAgoQABhHGNYEGLADwgIGEAAYBxgewgIKEAAYgAQYDRjWBcICCBAAGAcYHhgKwgIIEAAYCBgHGB7CAgoQABgIGAcYHhgKwgIJEAAYHhgNGNYFmAMAiAYBkAYIkgcDMi41oAeNJLIHAzAuNbgH8gTCBwMwLjfIBw-ACAE&sclient=gws-wiz-modeless-shopping,IKEA VIHALS / VIHALS table and 4 chairs,https://encrypted-tbn3.gstatic.com/shopping?q=tbn:ANd9GcRLA0rMqOvfJKs6HbCJlmEwzjctcNUdItGPsYiC-fpMGUxseI3KjfJZFZEK2pUsxZ7Ot0iW3xFR71Cj1P7qjlQ7xZfU6o-5tryaGQDJohaId7WqV7PzB1mP,€199.95,IKEA Deutschland,16290685507549903288,5901578801391723942,4353663205726542651
https://www.google.com/search?q=dining+furniture&sca_esv=d64b47f615dedb78&udm=28&gl=DE&biw=1530&bih=786&sxsrf=APpeQnsqNIRORTz5CM0gAdmKMkb4Kvyf7w%3A1785762408176&ei=aJJwaruwCuv5seMPhMuTkAU&oq=dinnin+furniture&gs_lp=Ehlnd3Mtd2l6LW1vZGVsZXNzLXNob3BwaW5nIhBkaW5uaW4gZnVybml0dXJlKgIIADIHEAAYgAQYDTIHEAAYgAQYDTIHEAAYgAQYDTIHEAAYgAQYDTIHEAAYgAQYDTIHEAAYgAQYDTIHEAAYgAQYDTIHEAAYgAQYDTIHEAAYgAQYDTIHEAAYgAQYDUiRJlCREFiBF3ACeAGQAQCYAYYBoAHfBaoBAzAuNrgBA8gBAPgBAZgCB6AC-ATCAgoQABhHGNYEGLADwgIGEAAYBxgewgIKEAAYgAQYDRjWBcICCBAAGAcYHhgKwgIIEAAYCBgHGB7CAgoQABgIGAcYHhgKwgIJEAAYHhgNGNYFmAMAiAYBkAYIkgcDMi41oAeNJLIHAzAuNbgH8gTCBwMwLjfIBw-ACAE&sclient=gws-wiz-modeless-shopping,OXFORD Extendable Dining Table,https://encrypted-tbn0.gstatic.com/shopping?q=tbn:ANd9GcT_t7q8d-iVBWCQhH6ERSqhqpga6hAS_jTtFbvT6YkOd9A36AjbQUsdKwK3_QhljmQGxVp9il81G2iL1RuptdwfWkZcBjpoe-uVaQahZIi3q2AbT9IkU0HUHA,"€4,367.00",Woodlandea,7040339787974463490,3619653704110694837,16032294755573528370
https://www.google.com/search?q=dining+furniture&sca_esv=d64b47f615dedb78&udm=28&gl=DE&biw=1530&bih=786&sxsrf=APpeQnsqNIRORTz5CM0gAdmKMkb4Kvyf7w%3A1785762408176&ei=aJJwaruwCuv5seMPhMuTkAU&oq=dinnin+furniture&gs_lp=Ehlnd3Mtd2l6LW1vZGVsZXNzLXNob3BwaW5nIhBkaW5uaW4gZnVybml0dXJlKgIIADIHEAAYgAQYDTIHEAAYgAQYDTIHEAAYgAQYDTIHEAAYgAQYDTIHEAAYgAQYDTIHEAAYgAQYDTIHEAAYgAQYDTIHEAAYgAQYDTIHEAAYgAQYDTIHEAAYgAQYDUiRJlCREFiBF3ACeAGQAQCYAYYBoAHfBaoBAzAuNrgBA8gBAPgBAZgCB6AC-ATCAgoQABhHGNYEGLADwgIGEAAYBxgewgIKEAAYgAQYDRjWBcICCBAAGAcYHhgKwgIIEAAYCBgHGB7CAgoQABgIGAcYHhgKwgIJEAAYHhgNGNYFmAMAiAYBkAYIkgcDMi41oAeNJLIHAzAuNbgH8gTCBwMwLjfIBw-ACAE&sclient=gws-wiz-modeless-shopping,Garvee Esstisch Set Für 4 Mit 2 Gepolsterten Bänken Rechteckiger Küchentisch,https://encrypted-tbn0.gstatic.com/shopping?q=tbn:ANd9GcSWv2nSHgqheNA4giocHbuJq781dLSCy710-hywgegy-ccMXthh8JqUESqe-hiSXCe4T0E_xSjo1-1XfeUC6IbOz44TLyRvns1SAMcFaTEN,€213.99,Garvee DE,15357412337371492888,15732023541650728528,14664774947866975575
https://www.google.com/search?q=dining+furniture&sca_esv=d64b47f615dedb78&udm=28&gl=DE&biw=1530&bih=786&sxsrf=APpeQnsqNIRORTz5CM0gAdmKMkb4Kvyf7w%3A1785762408176&ei=aJJwaruwCuv5seMPhMuTkAU&oq=dinnin+furniture&gs_lp=Ehlnd3Mtd2l6LW1vZGVsZXNzLXNob3BwaW5nIhBkaW5uaW4gZnVybml0dXJlKgIIADIHEAAYgAQYDTIHEAAYgAQYDTIHEAAYgAQYDTIHEAAYgAQYDTIHEAAYgAQYDTIHEAAYgAQYDTIHEAAYgAQYDTIHEAAYgAQYDTIHEAAYgAQYDTIHEAAYgAQYDUiRJlCREFiBF3ACeAGQAQCYAYYBoAHfBaoBAzAuNrgBA8gBAPgBAZgCB6AC-ATCAgoQABhHGNYEGLADwgIGEAAYBxgewgIKEAAYgAQYDRjWBcICCBAAGAcYHhgKwgIIEAAYCBgHGB7CAgoQABgIGAcYHhgKwgIJEAAYHhgNGNYFmAMAiAYBkAYIkgcDMi41oAeNJLIHAzAuNbgH8gTCBwMwLjfIBw-ACAE&sclient=gws-wiz-modeless-shopping,IKEA HAUGA drop-leaf table,https://encrypted-tbn2.gstatic.com/shopping?q=tbn:ANd9GcSNv_dxxEkZlYHukrxXzlwIL1GXtDBAtY___EnSI8rFYKuNG2yNqoui_whduejW9a3-VZqx7kBL-1-LO3LOpkg6j_sT27Y8iR8pT1RMYgz86PB-wzfJ02eBeQ,€129.00,IKEA Deutschland,764301844967699254,5258024777695669863,7687586508095043920
https://www.google.com/search?q=dining+furniture&sca_esv=d64b47f615dedb78&udm=28&gl=DE&biw=1530&bih=786&sxsrf=APpeQnsqNIRORTz5CM0gAdmKMkb4Kvyf7w%3A1785762408176&ei=aJJwaruwCuv5seMPhMuTkAU&oq=dinnin+furniture&gs_lp=Ehlnd3Mtd2l6LW1vZGVsZXNzLXNob3BwaW5nIhBkaW5uaW4gZnVybml0dXJlKgIIADIHEAAYgAQYDTIHEAAYgAQYDTIHEAAYgAQYDTIHEAAYgAQYDTIHEAAYgAQYDTIHEAAYgAQYDTIHEAAYgAQYDTIHEAAYgAQYDTIHEAAYgAQYDTIHEAAYgAQYDUiRJlCREFiBF3ACeAGQAQCYAYYBoAHfBaoBAzAuNrgBA8gBAPgBAZgCB6AC-ATCAgoQABhHGNYEGLADwgIGEAAYBxgewgIKEAAYgAQYDRjWBcICCBAAGAcYHhgKwgIIEAAYCBgHGB7CAgoQABgIGAcYHhgKwgIJEAAYHhgNGNYFmAMAiAYBkAYIkgcDMi41oAeNJLIHAzAuNbgH8gTCBwMwLjfIBw-ACAE&sclient=gws-wiz-modeless-shopping,Carmine Walnut Dining Room,https://encrypted-tbn3.gstatic.com/shopping?q=tbn:ANd9GcSSW328jnnpJ6syCbQ0Gt37oyRJv41GU2spupkgmJffmJGejexEugx5xz6RqOuWVvwAq3Dhp-CvMcP2JMN5Br7lOBS486-e-WXx-VicDWfh,"€1,521.56",Carsi24,12236723792397314896,1442806341290438722,10001341280537406871
https://www.google.com/search?q=dining+furniture&sca_esv=d64b47f615dedb78&udm=28&gl=DE&biw=1530&bih=786&sxsrf=APpeQnsqNIRORTz5CM0gAdmKMkb4Kvyf7w%3A1785762408176&ei=aJJwaruwCuv5seMPhMuTkAU&oq=dinnin+furniture&gs_lp=Ehlnd3Mtd2l6LW1vZGVsZXNzLXNob3BwaW5nIhBkaW5uaW4gZnVybml0dXJlKgIIADIHEAAYgAQYDTIHEAAYgAQYDTIHEAAYgAQYDTIHEAAYgAQYDTIHEAAYgAQYDTIHEAAYgAQYDTIHEAAYgAQYDTIHEAAYgAQYDTIHEAAYgAQYDTIHEAAYgAQYDUiRJlCREFiBF3ACeAGQAQCYAYYBoAHfBaoBAzAuNrgBA8gBAPgBAZgCB6AC-ATCAgoQABhHGNYEGLADwgIGEAAYBxgewgIKEAAYgAQYDRjWBcICCBAAGAcYHhgKwgIIEAAYCBgHGB7CAgoQABgIGAcYHhgKwgIJEAAYHhgNGNYFmAMAiAYBkAYIkgcDMi41oAeNJLIHAzAuNbgH8gTCBwMwLjfIBw-ACAE&sclient=gws-wiz-modeless-shopping,IKEA NÄSINGE / BERGMUND table and chairs,https://encrypted-tbn1.gstatic.com/shopping?q=tbn:ANd9GcQk7loIYKtcMqAtkk7kV3WTciMV1UYe3Xlzu-uGnUMOchV17-TCRGhS6I1P3bjA8g1hfNQICh4w10jHTlgXW8oQ5rlQbKta7939OJX7EazD9uvkNlHYrdHjVQ,€279.97,IKEA Deutschland,7945205728133745547,14841892950118648863,13779443003279455176
https://www.google.com/search?q=dining+furniture&sca_esv=d64b47f615dedb78&udm=28&gl=DE&biw=1530&bih=786&sxsrf=APpeQnsqNIRORTz5CM0gAdmKMkb4Kvyf7w%3A1785762408176&ei=aJJwaruwCuv5seMPhMuTkAU&oq=dinnin+furniture&gs_lp=Ehlnd3Mtd2l6LW1vZGVsZXNzLXNob3BwaW5nIhBkaW5uaW4gZnVybml0dXJlKgIIADIHEAAYgAQYDTIHEAAYgAQYDTIHEAAYgAQYDTIHEAAYgAQYDTIHEAAYgAQYDTIHEAAYgAQYDTIHEAAYgAQYDTIHEAAYgAQYDTIHEAAYgAQYDTIHEAAYgAQYDUiRJlCREFiBF3ACeAGQAQCYAYYBoAHfBaoBAzAuNrgBA8gBAPgBAZgCB6AC-ATCAgoQABhHGNYEGLADwgIGEAAYBxgewgIKEAAYgAQYDRjWBcICCBAAGAcYHhgKwgIIEAAYCBgHGB7CAgoQABgIGAcYHhgKwgIJEAAYHhgNGNYFmAMAiAYBkAYIkgcDMi41oAeNJLIHAzAuNbgH8gTCBwMwLjfIBw-ACAE&sclient=gws-wiz-modeless-shopping,Black walnut oak Solid Wood Large Board Dining table walnut color / oak table chairs,https://encrypted-tbn3.gstatic.com/shopping?q=tbn:ANd9GcTGncNKHfdZWBA6SjpwYepOW9C0mY4esmEbbg5BiVDZVE-6D5mmIICFSNVlb_T1KwaPhuaTqRkXVevKtkpNGJrdvh1l0JUkiRhm0WSZ4LqNDEGdhJ8LkZKN1Q,"€1,264.94",GVAwood,18272477814797397734,2522200377044601115,4003787020028732142
https://www.google.com/search?q=dining+furniture&sca_esv=d64b47f615dedb78&udm=28&gl=DE&biw=1530&bih=786&sxsrf=APpeQnsqNIRORTz5CM0gAdmKMkb4Kvyf7w%3A1785762408176&ei=aJJwaruwCuv5seMPhMuTkAU&oq=dinnin+furniture&gs_lp=Ehlnd3Mtd2l6LW1vZGVsZXNzLXNob3BwaW5nIhBkaW5uaW4gZnVybml0dXJlKgIIADIHEAAYgAQYDTIHEAAYgAQYDTIHEAAYgAQYDTIHEAAYgAQYDTIHEAAYgAQYDTIHEAAYgAQYDTIHEAAYgAQYDTIHEAAYgAQYDTIHEAAYgAQYDTIHEAAYgAQYDUiRJlCREFiBF3ACeAGQAQCYAYYBoAHfBaoBAzAuNrgBA8gBAPgBAZgCB6AC-ATCAgoQABhHGNYEGLADwgIGEAAYBxgewgIKEAAYgAQYDRjWBcICCBAAGAcYHhgKwgIIEAAYCBgHGB7CAgoQABgIGAcYHhgKwgIJEAAYHhgNGNYFmAMAiAYBkAYIkgcDMi41oAeNJLIHAzAuNbgH8gTCBwMwLjfIBw-ACAE&sclient=gws-wiz-modeless-shopping,Nismaaya Gabriella Large Oak Wood Dining Table Wood,https://encrypted-tbn1.gstatic.com/shopping?q=tbn:ANd9GcTlS9OpwH2TsKyV5S8yrYwSCYWQ9kpq1pTXD1ZuQgMQXdJ8UxVySdF5Au4X87saMat1OD30_6qoDKMhk6Hc1Bgij4wCQ4Q_nNiHKSEtCG5D,€601.83,Nismaaya Decor,9940446017670594676,10389495096858763440,11990862144438619492
https://www.google.com/search?q=dining+furniture&sca_esv=d64b47f615dedb78&udm=28&gl=DE&biw=1530&bih=786&sxsrf=APpeQnsqNIRORTz5CM0gAdmKMkb4Kvyf7w%3A1785762408176&ei=aJJwaruwCuv5seMPhMuTkAU&oq=dinnin+furniture&gs_lp=Ehlnd3Mtd2l6LW1vZGVsZXNzLXNob3BwaW5nIhBkaW5uaW4gZnVybml0dXJlKgIIADIHEAAYgAQYDTIHEAAYgAQYDTIHEAAYgAQYDTIHEAAYgAQYDTIHEAAYgAQYDTIHEAAYgAQYDTIHEAAYgAQYDTIHEAAYgAQYDTIHEAAYgAQYDTIHEAAYgAQYDUiRJlCREFiBF3ACeAGQAQCYAYYBoAHfBaoBAzAuNrgBA8gBAPgBAZgCB6AC-ATCAgoQABhHGNYEGLADwgIGEAAYBxgewgIKEAAYgAQYDRjWBcICCBAAGAcYHhgKwgIIEAAYCBgHGB7CAgoQABgIGAcYHhgKwgIJEAAYHhgNGNYFmAMAiAYBkAYIkgcDMi41oAeNJLIHAzAuNbgH8gTCBwMwLjfIBw-ACAE&sclient=gws-wiz-modeless-shopping,IKEA TONSTAD / KRYLBO table and 4 chairs,https://encrypted-tbn2.gstatic.com/shopping?q=tbn:ANd9GcRxTBvwJZuIlhmZUMuJB0b2QyLtNfy2h3cRPGvkGp2PgfSpVQMqMbseMkrEz7znx-caIPkaoWJnD8-KRwO4XxthW81N29Tfz1Hwvazgq-5oL6Fkry3GnPQkNA,€508.96,IKEA Deutschland,10663681481023928293,6562136666281225082,11374862521860973081
https://www.google.com/search?q=dining+furniture&sca_esv=d64b47f615dedb78&udm=28&gl=DE&biw=1530&bih=786&sxsrf=APpeQnsqNIRORTz5CM0gAdmKMkb4Kvyf7w%3A1785762408176&ei=aJJwaruwCuv5seMPhMuTkAU&oq=dinnin+furniture&gs_lp=Ehlnd3Mtd2l6LW1vZGVsZXNzLXNob3BwaW5nIhBkaW5uaW4gZnVybml0dXJlKgIIADIHEAAYgAQYDTIHEAAYgAQYDTIHEAAYgAQYDTIHEAAYgAQYDTIHEAAYgAQYDTIHEAAYgAQYDTIHEAAYgAQYDTIHEAAYgAQYDTIHEAAYgAQYDTIHEAAYgAQYDUiRJlCREFiBF3ACeAGQAQCYAYYBoAHfBaoBAzAuNrgBA8gBAPgBAZgCB6AC-ATCAgoQABhHGNYEGLADwgIGEAAYBxgewgIKEAAYgAQYDRjWBcICCBAAGAcYHhgKwgIIEAAYCBgHGB7CAgoQABgIGAcYHhgKwgIJEAAYHhgNGNYFmAMAiAYBkAYIkgcDMi41oAeNJLIHAzAuNbgH8gTCBwMwLjfIBw-ACAE&sclient=gws-wiz-modeless-shopping,Gorzan Cast Iron Quality Round Table,https://encrypted-tbn0.gstatic.com/shopping?q=tbn:ANd9GcQQUWOhHI7DcfrI1TSFZjXeL_yis9DKx2X-xYLaL-8n8nDUmA3xeZNh-NSoSHxoEixeWSfgEs3_4cdamsWHY7YCklsNNk_h-8uATN4c-lii0qxRuo9-mSCr,€319.61,NetFurniture,5258443323287686331,2397292601827836919,12962328081846843124
https://www.google.com/search?q=dining+furniture&sca_esv=d64b47f615dedb78&udm=28&gl=DE&biw=1530&bih=786&sxsrf=APpeQnsqNIRORTz5CM0gAdmKMkb4Kvyf7w%3A1785762408176&ei=aJJwaruwCuv5seMPhMuTkAU&oq=dinnin+furniture&gs_lp=Ehlnd3Mtd2l6LW1vZGVsZXNzLXNob3BwaW5nIhBkaW5uaW4gZnVybml0dXJlKgIIADIHEAAYgAQYDTIHEAAYgAQYDTIHEAAYgAQYDTIHEAAYgAQYDTIHEAAYgAQYDTIHEAAYgAQYDTIHEAAYgAQYDTIHEAAYgAQYDTIHEAAYgAQYDTIHEAAYgAQYDUiRJlCREFiBF3ACeAGQAQCYAYYBoAHfBaoBAzAuNrgBA8gBAPgBAZgCB6AC-ATCAgoQABhHGNYEGLADwgIGEAAYBxgewgIKEAAYgAQYDRjWBcICCBAAGAcYHhgKwgIIEAAYCBgHGB7CAgoQABgIGAcYHhgKwgIJEAAYHhgNGNYFmAMAiAYBkAYIkgcDMi41oAeNJLIHAzAuNbgH8gTCBwMwLjfIBw-ACAE&sclient=gws-wiz-modeless-shopping,IKEA ROSENTORP / ROSENTORP table and 4 chairs,https://encrypted-tbn0.gstatic.com/shopping?q=tbn:ANd9GcQjpRpv26HME3CWBygk5VigPnDzNSnaipzq1c6hspaDxImX6aSJDrXOdRzEyDynuj6tPKpRvqK2_p0sGKR20pIJJgTxJVNj9mruLLMDw502aywu57xyl6Vk,€748.96,IKEA Deutschland,11293395047138611628,7453606636164975879,8965115172083050103
https://www.google.com/search?q=dining+furniture&sca_esv=d64b47f615dedb78&udm=28&gl=DE&biw=1530&bih=786&sxsrf=APpeQnsqNIRORTz5CM0gAdmKMkb4Kvyf7w%3A1785762408176&ei=aJJwaruwCuv5seMPhMuTkAU&oq=dinnin+furniture&gs_lp=Ehlnd3Mtd2l6LW1vZGVsZXNzLXNob3BwaW5nIhBkaW5uaW4gZnVybml0dXJlKgIIADIHEAAYgAQYDTIHEAAYgAQYDTIHEAAYgAQYDTIHEAAYgAQYDTIHEAAYgAQYDTIHEAAYgAQYDTIHEAAYgAQYDTIHEAAYgAQYDTIHEAAYgAQYDTIHEAAYgAQYDUiRJlCREFiBF3ACeAGQAQCYAYYBoAHfBaoBAzAuNrgBA8gBAPgBAZgCB6AC-ATCAgoQABhHGNYEGLADwgIGEAAYBxgewgIKEAAYgAQYDRjWBcICCBAAGAcYHhgKwgIIEAAYCBgHGB7CAgoQABgIGAcYHhgKwgIJEAAYHhgNGNYFmAMAiAYBkAYIkgcDMi41oAeNJLIHAzAuNbgH8gTCBwMwLjfIBw-ACAE&sclient=gws-wiz-modeless-shopping,Dining Set Pedestal Table Poly-Luxe,https://encrypted-tbn3.gstatic.com/shopping?q=tbn:ANd9GcTzss6ZGCXW_h2pFi4pAtb1fQSQFFi60R2qZJhYosgl7wvjTh16ZHwDOmfKlCVVKLsuwa7u4NyHAfGJdQc-FOz5V8pabv1_T57OCyXn5LcN,"€4,199.00",The Best Adirondack Chair Europe,13085861766850793944,10450112256745637358,8754122705643868601
https://www.google.com/search?q=dining+furniture&sca_esv=d64b47f615dedb78&udm=28&gl=DE&biw=1530&bih=786&sxsrf=APpeQnsqNIRORTz5CM0gAdmKMkb4Kvyf7w%3A1785762408176&ei=aJJwaruwCuv5seMPhMuTkAU&oq=dinnin+furniture&gs_lp=Ehlnd3Mtd2l6LW1vZGVsZXNzLXNob3BwaW5nIhBkaW5uaW4gZnVybml0dXJlKgIIADIHEAAYgAQYDTIHEAAYgAQYDTIHEAAYgAQYDTIHEAAYgAQYDTIHEAAYgAQYDTIHEAAYgAQYDTIHEAAYgAQYDTIHEAAYgAQYDTIHEAAYgAQYDTIHEAAYgAQYDUiRJlCREFiBF3ACeAGQAQCYAYYBoAHfBaoBAzAuNrgBA8gBAPgBAZgCB6AC-ATCAgoQABhHGNYEGLADwgIGEAAYBxgewgIKEAAYgAQYDRjWBcICCBAAGAcYHhgKwgIIEAAYCBgHGB7CAgoQABgIGAcYHhgKwgIJEAAYHhgNGNYFmAMAiAYBkAYIkgcDMi41oAeNJLIHAzAuNbgH8gTCBwMwLjfIBw-ACAE&sclient=gws-wiz-modeless-shopping,Nilkamal Shahenshah Plastic Rectangular 4 Seater Dining Table Set,https://encrypted-tbn2.gstatic.com/shopping?q=tbn:ANd9GcSvIGA4ToRWi9hsDXkQhECtQP7wY_vkLuss4MlS6bqEBcn2E1YzyYsHFbPiN74VPowHMOrl6DmbU5YQ261ZfW7n85wLxktfYSb0ytd941Fb,€57.78,Velan Store,3079989785039079322,538946790648416723,6861172820038832494
https://www.google.com/search?q=dining+furniture&sca_esv=d64b47f615dedb78&udm=28&gl=DE&biw=1530&bih=786&sxsrf=APpeQnsqNIRORTz5CM0gAdmKMkb4Kvyf7w%3A1785762408176&ei=aJJwaruwCuv5seMPhMuTkAU&oq=dinnin+furniture&gs_lp=Ehlnd3Mtd2l6LW1vZGVsZXNzLXNob3BwaW5nIhBkaW5uaW4gZnVybml0dXJlKgIIADIHEAAYgAQYDTIHEAAYgAQYDTIHEAAYgAQYDTIHEAAYgAQYDTIHEAAYgAQYDTIHEAAYgAQYDTIHEAAYgAQYDTIHEAAYgAQYDTIHEAAYgAQYDTIHEAAYgAQYDUiRJlCREFiBF3ACeAGQAQCYAYYBoAHfBaoBAzAuNrgBA8gBAPgBAZgCB6AC-ATCAgoQABhHGNYEGLADwgIGEAAYBxgewgIKEAAYgAQYDRjWBcICCBAAGAcYHhgKwgIIEAAYCBgHGB7CAgoQABgIGAcYHhgKwgIJEAAYHhgNGNYFmAMAiAYBkAYIkgcDMi41oAeNJLIHAzAuNbgH8gTCBwMwLjfIBw-ACAE&sclient=gws-wiz-modeless-shopping,Modern Style Solid Wood Top Dining Table Sets with 4 Legs Base Dining Furniture for Home Use,https://encrypted-tbn1.gstatic.com/shopping?q=tbn:ANd9GcR9Qpu_Fj8dfWFzseqLhKD7tG1mvc9jUETosBTgmyBt_0vOO7el4LQEgTvDiCGh4Dfz5t9OtHkInpuPPOdXzL66Tos3lEcNfbOMtxUM7nLRPNW-C3fF5q8_4A,€775.88,Clearhalo,1907221337961049944,,
https://www.google.com/search?q=dining+furniture&sca_esv=d64b47f615dedb78&udm=28&gl=DE&biw=1530&bih=786&sxsrf=APpeQnsqNIRORTz5CM0gAdmKMkb4Kvyf7w%3A1785762408176&ei=aJJwaruwCuv5seMPhMuTkAU&oq=dinnin+furniture&gs_lp=Ehlnd3Mtd2l6LW1vZGVsZXNzLXNob3BwaW5nIhBkaW5uaW4gZnVybml0dXJlKgIIADIHEAAYgAQYDTIHEAAYgAQYDTIHEAAYgAQYDTIHEAAYgAQYDTIHEAAYgAQYDTIHEAAYgAQYDTIHEAAYgAQYDTIHEAAYgAQYDTIHEAAYgAQYDTIHEAAYgAQYDUiRJlCREFiBF3ACeAGQAQCYAYYBoAHfBaoBAzAuNrgBA8gBAPgBAZgCB6AC-ATCAgoQABhHGNYEGLADwgIGEAAYBxgewgIKEAAYgAQYDRjWBcICCBAAGAcYHhgKwgIIEAAYCBgHGB7CAgoQABgIGAcYHhgKwgIJEAAYHhgNGNYFmAMAiAYBkAYIkgcDMi41oAeNJLIHAzAuNbgH8gTCBwMwLjfIBw-ACAE&sclient=gws-wiz-modeless-shopping,MAUI SUAR WOOD DINING TABLE 250X75X76CM,https://encrypted-tbn2.gstatic.com/shopping?q=tbn:ANd9GcRTx2eYUnn_8THG4fyYFyr1LZFv7GOhTwdaHN6HaODDpzTyh7tGHYWjBvdDpEVZjYfThhhvbs0MQc0L1qfYNIP_okFeGgk4JaJuxm7z5aiW531fyXxbdnAPDQ,"€2,480.00",Sybartum,965551284050651994,,
https://www.google.com/search?q=kitchen+furniture&sca_esv=d64b47f615dedb78&udm=28&gl=DE&biw=1530&bih=786&sxsrf=APpeQntN4XhqKNEsErjt3fFrrmFpSunyXw%3A1785762428249&ei=fJJwarTcDvbiseMP5PTjWQ&oq=kitchen+fu&gs_lp=Ehlnd3Mtd2l6LW1vZGVsZXNzLXNob3BwaW5nIgpraXRjaGVuIGZ1KgIIADIKEAAYgAQYigUYQzIFEAAYgAQyBRAAGIAEMgUQABiABDIFEAAYgAQyBRAAGIAEMgUQABiABDIFEAAYgAQyBRAAGIAEMgUQABiABEi4lAFQ-QtYkIsBcAN4AZABAJgBfqABhgqqAQQwLjExuAEDyAEA-AEBmAIOoAKyCqgCCMICChAAGEcY1gQYsAPCAggQABiPARjqApgDAogGAZAGCJIHBDMuMTGgB-0wsgcEMC4xMbgHqQrCBwYwLjEzLjHIByCACAE&sclient=gws-wiz-modeless-shopping,Merax Küchenschrank Hochschrank mit Arbeitsplatte Highboard mit Steckdosen,https://encrypted-tbn0.gstatic.com/shopping?q=tbn:ANd9GcRh-HJlAPDGPCa9LwKd_G3vK-eHD_Ue8aqrt-COHzZmzpcV76ArvNX7VZkD9vopCJUBJ6Mc7qHKnRqmW6uG6020vgu4paznU2ML03sYOhq1,€148.99,Amazon.de - Amazon.de-Seller,8537553095405955746,462352945768305233,17953771176850185692
https://www.google.com/search?q=kitchen+furniture&sca_esv=d64b47f615dedb78&udm=28&gl=DE&biw=1530&bih=786&sxsrf=APpeQntN4XhqKNEsErjt3fFrrmFpSunyXw%3A1785762428249&ei=fJJwarTcDvbiseMP5PTjWQ&oq=kitchen+fu&gs_lp=Ehlnd3Mtd2l6LW1vZGVsZXNzLXNob3BwaW5nIgpraXRjaGVuIGZ1KgIIADIKEAAYgAQYigUYQzIFEAAYgAQyBRAAGIAEMgUQABiABDIFEAAYgAQyBRAAGIAEMgUQABiABDIFEAAYgAQyBRAAGIAEMgUQABiABEi4lAFQ-QtYkIsBcAN4AZABAJgBfqABhgqqAQQwLjExuAEDyAEA-AEBmAIOoAKyCqgCCMICChAAGEcY1gQYsAPCAggQABiPARjqApgDAogGAZAGCJIHBDMuMTGgB-0wsgcEMC4xMbgHqQrCBwYwLjEzLjHIByCACAE&sclient=gws-wiz-modeless-shopping,IKEA KNOXHULT high cabinet with doors,https://encrypted-tbn0.gstatic.com/shopping?q=tbn:ANd9GcTg4KzP-pDW03tIbn44OOkTnk4O52smGPGqumgHlHTf78IZoNaHz18mYsRBYbgS81ZNZ4V_kdRJ9gbQsx4fQj8xGQ2G40g08W6C9vDsiPEM3ZhCj8R-TuzA,€105.00,IKEA Deutschland,11154341636301746929,10551897486123883901,619763166409253406
https://www.google.com/search?q=kitchen+furniture&sca_esv=d64b47f615dedb78&udm=28&gl=DE&biw=1530&bih=786&sxsrf=APpeQntN4XhqKNEsErjt3fFrrmFpSunyXw%3A1785762428249&ei=fJJwarTcDvbiseMP5PTjWQ&oq=kitchen+fu&gs_lp=Ehlnd3Mtd2l6LW1vZGVsZXNzLXNob3BwaW5nIgpraXRjaGVuIGZ1KgIIADIKEAAYgAQYigUYQzIFEAAYgAQyBRAAGIAEMgUQABiABDIFEAAYgAQyBRAAGIAEMgUQABiABDIFEAAYgAQyBRAAGIAEMgUQABiABEi4lAFQ-QtYkIsBcAN4AZABAJgBfqABhgqqAQQwLjExuAEDyAEA-AEBmAIOoAKyCqgCCMICChAAGEcY1gQYsAPCAggQABiPARjqApgDAogGAZAGCJIHBDMuMTGgB-0wsgcEMC4xMbgHqQrCBwYwLjEzLjHIByCACAE&sclient=gws-wiz-modeless-shopping,Jarklow Küchenblock 260 cm schwarz matt,https://encrypted-tbn1.gstatic.com/shopping?q=tbn:ANd9GcQfeYGl0VUh7i9H5Rlsl25ImsQnQhkAfjrYnPgs0ztZjoMzFovShvE_HGM5T4HAx9JgvGjL4lBGp-rYJtGGAWEu1aH7T6Diggp5_EhXOSGhrt6K9C1bAsA-,€475.00,Zurbrüggen,10415959601254847477,13896736299702641237,4660820385089957943
https://www.google.com/search?q=kitchen+furniture&sca_esv=d64b47f615dedb78&udm=28&gl=DE&biw=1530&bih=786&sxsrf=APpeQntN4XhqKNEsErjt3fFrrmFpSunyXw%3A1785762428249&ei=fJJwarTcDvbiseMP5PTjWQ&oq=kitchen+fu&gs_lp=Ehlnd3Mtd2l6LW1vZGVsZXNzLXNob3BwaW5nIgpraXRjaGVuIGZ1KgIIADIKEAAYgAQYigUYQzIFEAAYgAQyBRAAGIAEMgUQABiABDIFEAAYgAQyBRAAGIAEMgUQABiABDIFEAAYgAQyBRAAGIAEMgUQABiABEi4lAFQ-QtYkIsBcAN4AZABAJgBfqABhgqqAQQwLjExuAEDyAEA-AEBmAIOoAKyCqgCCMICChAAGEcY1gQYsAPCAggQABiPARjqApgDAogGAZAGCJIHBDMuMTGgB-0wsgcEMC4xMbgHqQrCBwYwLjEzLjHIByCACAE&sclient=gws-wiz-modeless-shopping,nobilia kitchen with kitchen island Touch 334 Slate gray super matte 360 + 210 cm configurable,https://encrypted-tbn3.gstatic.com/shopping?q=tbn:ANd9GcSwdhNsvJ4CBxIDu60RL0NkTPT_1iyrCBN9k2FpGVCTzFmLOi42Amo2R8TXccsztdnb35t5qh4ffElmeuiLQ0P10H8D-83g55Bk4diiwoU,"€6,879.00",top-shelf.de,9718235251866610615,9824367194041498002,961961887716731982
https://www.google.com/search?q=kitchen+furniture&sca_esv=d64b47f615dedb78&udm=28&gl=DE&biw=1530&bih=786&sxsrf=APpeQntN4XhqKNEsErjt3fFrrmFpSunyXw%3A1785762428249&ei=fJJwarTcDvbiseMP5PTjWQ&oq=kitchen+fu&gs_lp=Ehlnd3Mtd2l6LW1vZGVsZXNzLXNob3BwaW5nIgpraXRjaGVuIGZ1KgIIADIKEAAYgAQYigUYQzIFEAAYgAQyBRAAGIAEMgUQABiABDIFEAAYgAQyBRAAGIAEMgUQABiABDIFEAAYgAQyBRAAGIAEMgUQABiABEi4lAFQ-QtYkIsBcAN4AZABAJgBfqABhgqqAQQwLjExuAEDyAEA-AEBmAIOoAKyCqgCCMICChAAGEcY1gQYsAPCAggQABiPARjqApgDAogGAZAGCJIHBDMuMTGgB-0wsgcEMC4xMbgHqQrCBwYwLjEzLjHIByCACAE&sclient=gws-wiz-modeless-shopping,"FIWODO.de - Dein Möbelwerk im Internet Küche Küchenzeile 240cm mit Elektrogeräten komplett Spülbecken Arbeitsplatte, (Set), mit E-Geräten, Breite 240c",https://encrypted-tbn1.gstatic.com/shopping?q=tbn:ANd9GcTvrfn8BGN5pla-AHhpMSCFMsIu_LgcmdhPsBDESyghpBmtbOU3nH2K3YwL7kYO2ZArkMc4QoiOLDzD5D7nlT71i9zjA-Wfn8s19djQFW4dlPOIAKbZH8084A,€969.00,Amazon.de - Amazon.de-Seller,12346031838756977945,17368772450935446693,
https://www.google.com/search?q=kitchen+furniture&sca_esv=d64b47f615dedb78&udm=28&gl=DE&biw=1530&bih=786&sxsrf=APpeQntN4XhqKNEsErjt3fFrrmFpSunyXw%3A1785762428249&ei=fJJwarTcDvbiseMP5PTjWQ&oq=kitchen+fu&gs_lp=Ehlnd3Mtd2l6LW1vZGVsZXNzLXNob3BwaW5nIgpraXRjaGVuIGZ1KgIIADIKEAAYgAQYigUYQzIFEAAYgAQyBRAAGIAEMgUQABiABDIFEAAYgAQyBRAAGIAEMgUQABiABDIFEAAYgAQyBRAAGIAEMgUQABiABEi4lAFQ-QtYkIsBcAN4AZABAJgBfqABhgqqAQQwLjExuAEDyAEA-AEBmAIOoAKyCqgCCMICChAAGEcY1gQYsAPCAggQABiPARjqApgDAogGAZAGCJIHBDMuMTGgB-0wsgcEMC4xMbgHqQrCBwYwLjEzLjHIByCACAE&sclient=gws-wiz-modeless-shopping,Inter Link Dressers + Sideboards,https://encrypted-tbn0.gstatic.com/shopping?q=tbn:ANd9GcRornyonLlyMAqubr7ErqRbAJ2oqNk8ctB_a9jB--NzKnCHJheg3AoligItZL8pVDcFJz8_E6eq1uEqOW5pk_vlzLJHub3BlB8VoXnRXooFqDpqabIPdPymzg,€202.35,erst-holz.de,4817023641099139594,16874355022204691465,5417729985686334625
https://www.google.com/search?q=kitchen+furniture&sca_esv=d64b47f615dedb78&udm=28&gl=DE&biw=1530&bih=786&sxsrf=APpeQntN4XhqKNEsErjt3fFrrmFpSunyXw%3A1785762428249&ei=fJJwarTcDvbiseMP5PTjWQ&oq=kitchen+fu&gs_lp=Ehlnd3Mtd2l6LW1vZGVsZXNzLXNob3BwaW5nIgpraXRjaGVuIGZ1KgIIADIKEAAYgAQYigUYQzIFEAAYgAQyBRAAGIAEMgUQABiABDIFEAAYgAQyBRAAGIAEMgUQABiABDIFEAAYgAQyBRAAGIAEMgUQABiABEi4lAFQ-QtYkIsBcAN4AZABAJgBfqABhgqqAQQwLjExuAEDyAEA-AEBmAIOoAKyCqgCCMICChAAGEcY1gQYsAPCAggQABiPARjqApgDAogGAZAGCJIHBDMuMTGgB-0wsgcEMC4xMbgHqQrCBwYwLjEzLjHIByCACAE&sclient=gws-wiz-modeless-shopping,200 cm White Kitchen Unit – Modern Kitchen Unit Without Appliances,https://encrypted-tbn0.gstatic.com/shopping?q=tbn:ANd9GcTnx0okhz6kXXceTFs9wJn_2jnzIsx10kJU2YJsrzNzuB7yYIzhEfCtzVZOH4RcEt-0gScLNfGAeIJQ8yJ3n_OdGs1RsUhI505u-vL7swlHjw9Wtirnq6ZY,€549.95,Homestyle4u,15283395249910777540,8644677281223612544,7636752379176081522
https://www.google.com/search?q=kitchen+furniture&sca_esv=d64b47f615dedb78&udm=28&gl=DE&biw=1530&bih=786&sxsrf=APpeQntN4XhqKNEsErjt3fFrrmFpSunyXw%3A1785762428249&ei=fJJwarTcDvbiseMP5PTjWQ&oq=kitchen+fu&gs_lp=Ehlnd3Mtd2l6LW1vZGVsZXNzLXNob3BwaW5nIgpraXRjaGVuIGZ1KgIIADIKEAAYgAQYigUYQzIFEAAYgAQyBRAAGIAEMgUQABiABDIFEAAYgAQyBRAAGIAEMgUQABiABDIFEAAYgAQyBRAAGIAEMgUQABiABEi4lAFQ-QtYkIsBcAN4AZABAJgBfqABhgqqAQQwLjExuAEDyAEA-AEBmAIOoAKyCqgCCMICChAAGEcY1gQYsAPCAggQABiPARjqApgDAogGAZAGCJIHBDMuMTGgB-0wsgcEMC4xMbgHqQrCBwYwLjEzLjHIByCACAE&sclient=gws-wiz-modeless-shopping,"LEADZM Küchenschrank Hochschrank, Vitrinenschrank mit 4 Türen Buffetschrank | Wohnzimmer, Esszimmer (4 Türen)",https://encrypted-tbn3.gstatic.com/shopping?q=tbn:ANd9GcRdPW4qhV5ge1BY1WUk8ZYRNw3vkgyielBlzdzRV5WzKZb1nShl0f_94JSpq6fUtPDDSBljtfpkEHcWJSmfeQYLB4Zs7XxksV-g1nyL0AckrvW2vE8Sd5um_w,€106.99,Amazon.de - Amazon.de-Seller,2155426862415121007,,
https://www.google.com/search?q=kitchen+furniture&sca_esv=d64b47f615dedb78&udm=28&gl=DE&biw=1530&bih=786&sxsrf=APpeQntN4XhqKNEsErjt3fFrrmFpSunyXw%3A1785762428249&ei=fJJwarTcDvbiseMP5PTjWQ&oq=kitchen+fu&gs_lp=Ehlnd3Mtd2l6LW1vZGVsZXNzLXNob3BwaW5nIgpraXRjaGVuIGZ1KgIIADIKEAAYgAQYigUYQzIFEAAYgAQyBRAAGIAEMgUQABiABDIFEAAYgAQyBRAAGIAEMgUQABiABDIFEAAYgAQyBRAAGIAEMgUQABiABEi4lAFQ-QtYkIsBcAN4AZABAJgBfqABhgqqAQQwLjExuAEDyAEA-AEBmAIOoAKyCqgCCMICChAAGEcY1gQYsAPCAggQABiPARjqApgDAogGAZAGCJIHBDMuMTGgB-0wsgcEMC4xMbgHqQrCBwYwLjEzLjHIByCACAE&sclient=gws-wiz-modeless-shopping,Vasagle Shelving Donna,https://encrypted-tbn2.gstatic.com/shopping?q=tbn:ANd9GcTGymP4nawneabk_nSYtTxGpBuVtfSLEJVMO_69bMbcENExshMemPPWP0LNY7svGb-Oe0VPtOZn_0kuPhA7a13pQtBwTXhG,€55.36,Böttcher-AG,18291314982488339984,12251624019712575383,10609467639471679877
https://www.google.com/search?q=kitchen+furniture&sca_esv=d64b47f615dedb78&udm=28&gl=DE&biw=1530&bih=786&sxsrf=APpeQntN4XhqKNEsErjt3fFrrmFpSunyXw%3A1785762428249&ei=fJJwarTcDvbiseMP5PTjWQ&oq=kitchen+fu&gs_lp=Ehlnd3Mtd2l6LW1vZGVsZXNzLXNob3BwaW5nIgpraXRjaGVuIGZ1KgIIADIKEAAYgAQYigUYQzIFEAAYgAQyBRAAGIAEMgUQABiABDIFEAAYgAQyBRAAGIAEMgUQABiABDIFEAAYgAQyBRAAGIAEMgUQABiABEi4lAFQ-QtYkIsBcAN4AZABAJgBfqABhgqqAQQwLjExuAEDyAEA-AEBmAIOoAKyCqgCCMICChAAGEcY1gQYsAPCAggQABiPARjqApgDAogGAZAGCJIHBDMuMTGgB-0wsgcEMC4xMbgHqQrCBwYwLjEzLjHIByCACAE&sclient=gws-wiz-modeless-shopping,nobilia kitchen with kitchen island Fashion 165 lacquer stone gray matte handleless 330+180cm configurable,https://encrypted-tbn3.gstatic.com/shopping?q=tbn:ANd9GcTjq7s-erLk9EkPfbTZ38v5bUQyQKyuwz4J13K0N-Y4pjcL1CUHz2OZXGE9UpiGwK6T0u3b3epR4dYXw7qDHBKiN8K3mYWfYDoQNvlpKDY,"€6,762.00",top-shelf.de,13805053265141336320,17052602441814346615,9523595310244810837
https://www.google.com/search?q=kitchen+furniture&sca_esv=d64b47f615dedb78&udm=28&gl=DE&biw=1530&bih=786&sxsrf=APpeQntN4XhqKNEsErjt3fFrrmFpSunyXw%3A1785762428249&ei=fJJwarTcDvbiseMP5PTjWQ&oq=kitchen+fu&gs_lp=Ehlnd3Mtd2l6LW1vZGVsZXNzLXNob3BwaW5nIgpraXRjaGVuIGZ1KgIIADIKEAAYgAQYigUYQzIFEAAYgAQyBRAAGIAEMgUQABiABDIFEAAYgAQyBRAAGIAEMgUQABiABDIFEAAYgAQyBRAAGIAEMgUQABiABEi4lAFQ-QtYkIsBcAN4AZABAJgBfqABhgqqAQQwLjExuAEDyAEA-AEBmAIOoAKyCqgCCMICChAAGEcY1gQYsAPCAggQABiPARjqApgDAogGAZAGCJIHBDMuMTGgB-0wsgcEMC4xMbgHqQrCBwYwLjEzLjHIByCACAE&sclient=gws-wiz-modeless-shopping,"LEADZM Küchenschrank Hochschrank, Vitrinenschrank mit 4 Türen Buffetschrank | Wohnzimmer, Esszimmer (4 Türen)",,€106.99,Amazon.de - Amazon.de-Seller,2155426862415121007,,
https://www.google.com/search?q=kitchen+furniture&sca_esv=d64b47f615dedb78&udm=28&gl=DE&biw=1530&bih=786&sxsrf=APpeQntN4XhqKNEsErjt3fFrrmFpSunyXw%3A1785762428249&ei=fJJwarTcDvbiseMP5PTjWQ&oq=kitchen+fu&gs_lp=Ehlnd3Mtd2l6LW1vZGVsZXNzLXNob3BwaW5nIgpraXRjaGVuIGZ1KgIIADIKEAAYgAQYigUYQzIFEAAYgAQyBRAAGIAEMgUQABiABDIFEAAYgAQyBRAAGIAEMgUQABiABDIFEAAYgAQyBRAAGIAEMgUQABiABEi4lAFQ-QtYkIsBcAN4AZABAJgBfqABhgqqAQQwLjExuAEDyAEA-AEBmAIOoAKyCqgCCMICChAAGEcY1gQYsAPCAggQABiPARjqApgDAogGAZAGCJIHBDMuMTGgB-0wsgcEMC4xMbgHqQrCBwYwLjEzLjHIByCACAE&sclient=gws-wiz-modeless-shopping,Merax Küchenschrank Hochschrank mit Arbeitsplatte Highboard mit Steckdosen,,€148.99,Amazon.de - Amazon.de-Seller,8537553095405955746,462352945768305233,17953771176850185692
https://www.google.com/search?q=kitchen+furniture&sca_esv=d64b47f615dedb78&udm=28&gl=DE&biw=1530&bih=786&sxsrf=APpeQntN4XhqKNEsErjt3fFrrmFpSunyXw%3A1785762428249&ei=fJJwarTcDvbiseMP5PTjWQ&oq=kitchen+fu&gs_lp=Ehlnd3Mtd2l6LW1vZGVsZXNzLXNob3BwaW5nIgpraXRjaGVuIGZ1KgIIADIKEAAYgAQYigUYQzIFEAAYgAQyBRAAGIAEMgUQABiABDIFEAAYgAQyBRAAGIAEMgUQABiABDIFEAAYgAQyBRAAGIAEMgUQABiABEi4lAFQ-QtYkIsBcAN4AZABAJgBfqABhgqqAQQwLjExuAEDyAEA-AEBmAIOoAKyCqgCCMICChAAGEcY1gQYsAPCAggQABiPARjqApgDAogGAZAGCJIHBDMuMTGgB-0wsgcEMC4xMbgHqQrCBwYwLjEzLjHIByCACAE&sclient=gws-wiz-modeless-shopping,IKEA KNOXHULT high cabinet with doors,,€105.00,IKEA Deutschland,11154341636301746929,10551897486123883901,619763166409253406
https://www.google.com/search?q=kitchen+furniture&sca_esv=d64b47f615dedb78&udm=28&gl=DE&biw=1530&bih=786&sxsrf=APpeQntN4XhqKNEsErjt3fFrrmFpSunyXw%3A1785762428249&ei=fJJwarTcDvbiseMP5PTjWQ&oq=kitchen+fu&gs_lp=Ehlnd3Mtd2l6LW1vZGVsZXNzLXNob3BwaW5nIgpraXRjaGVuIGZ1KgIIADIKEAAYgAQYigUYQzIFEAAYgAQyBRAAGIAEMgUQABiABDIFEAAYgAQyBRAAGIAEMgUQABiABDIFEAAYgAQyBRAAGIAEMgUQABiABEi4lAFQ-QtYkIsBcAN4AZABAJgBfqABhgqqAQQwLjExuAEDyAEA-AEBmAIOoAKyCqgCCMICChAAGEcY1gQYsAPCAggQABiPARjqApgDAogGAZAGCJIHBDMuMTGgB-0wsgcEMC4xMbgHqQrCBwYwLjEzLjHIByCACAE&sclient=gws-wiz-modeless-shopping,VASAGLE Küchenschrank mit verstellbaren Einlegeböden Modern,,€187.99,Myhomelando,7057958460411750486,18141086991342301507,8448826827124972006
https://www.google.com/search?q=kitchen+furniture&sca_esv=d64b47f615dedb78&udm=28&gl=DE&biw=1530&bih=786&sxsrf=APpeQntN4XhqKNEsErjt3fFrrmFpSunyXw%3A1785762428249&ei=fJJwarTcDvbiseMP5PTjWQ&oq=kitchen+fu&gs_lp=Ehlnd3Mtd2l6LW1vZGVsZXNzLXNob3BwaW5nIgpraXRjaGVuIGZ1KgIIADIKEAAYgAQYigUYQzIFEAAYgAQyBRAAGIAEMgUQABiABDIFEAAYgAQyBRAAGIAEMgUQABiABDIFEAAYgAQyBRAAGIAEMgUQABiABEi4lAFQ-QtYkIsBcAN4AZABAJgBfqABhgqqAQQwLjExuAEDyAEA-AEBmAIOoAKyCqgCCMICChAAGEcY1gQYsAPCAggQABiPARjqApgDAogGAZAGCJIHBDMuMTGgB-0wsgcEMC4xMbgHqQrCBwYwLjEzLjHIByCACAE&sclient=gws-wiz-modeless-shopping,1270mm Japandi Kitchen lsland Matte Travertine Wooden Storage Kitchen Cabinet with Light,,€799.99,Homary.com,2459697926864414619,9135531684897759638,14344046166300484922
https://www.google.com/search?q=kitchen+furniture&sca_esv=d64b47f615dedb78&udm=28&gl=DE&biw=1530&bih=786&sxsrf=APpeQntN4XhqKNEsErjt3fFrrmFpSunyXw%3A1785762428249&ei=fJJwarTcDvbiseMP5PTjWQ&oq=kitchen+fu&gs_lp=Ehlnd3Mtd2l6LW1vZGVsZXNzLXNob3BwaW5nIgpraXRjaGVuIGZ1KgIIADIKEAAYgAQYigUYQzIFEAAYgAQyBRAAGIAEMgUQABiABDIFEAAYgAQyBRAAGIAEMgUQABiABDIFEAAYgAQyBRAAGIAEMgUQABiABEi4lAFQ-QtYkIsBcAN4AZABAJgBfqABhgqqAQQwLjExuAEDyAEA-AEBmAIOoAKyCqgCCMICChAAGEcY1gQYsAPCAggQABiPARjqApgDAogGAZAGCJIHBDMuMTGgB-0wsgcEMC4xMbgHqQrCBwYwLjEzLjHIByCACAE&sclient=gws-wiz-modeless-shopping,1830mm Japandi Kitchen lsland Grey Counter Stools Set Wooden Storage Cabinet,https://encrypted-tbn1.gstatic.com/favicon-tbn?q=tbn%3AANd9GcRJ8m1sS8ZVcARUOjdPd1AWUnOkeswb_KPXGvpM1IGkjL1j067ZBpS0F1-qt-_t8AwlFgcmBo5y2S50-f3mzTjhGcETh8REHg,"€1,223.99",Homary.com,3110107927874957751,9537541177591367475,5251333616685212486
https://www.google.com/search?q=kitchen+furniture&sca_esv=d64b47f615dedb78&udm=28&gl=DE&biw=1530&bih=786&sxsrf=APpeQntN4XhqKNEsErjt3fFrrmFpSunyXw%3A1785762428249&ei=fJJwarTcDvbiseMP5PTjWQ&oq=kitchen+fu&gs_lp=Ehlnd3Mtd2l6LW1vZGVsZXNzLXNob3BwaW5nIgpraXRjaGVuIGZ1KgIIADIKEAAYgAQYigUYQzIFEAAYgAQyBRAAGIAEMgUQABiABDIFEAAYgAQyBRAAGIAEMgUQABiABDIFEAAYgAQyBRAAGIAEMgUQABiABEi4lAFQ-QtYkIsBcAN4AZABAJgBfqABhgqqAQQwLjExuAEDyAEA-AEBmAIOoAKyCqgCCMICChAAGEcY1gQYsAPCAggQABiPARjqApgDAogGAZAGCJIHBDMuMTGgB-0wsgcEMC4xMbgHqQrCBwYwLjEzLjHIByCACAE&sclient=gws-wiz-modeless-shopping,Vasagle Dining tables Dining table 110 x 70 cm,https://encrypted-tbn2.gstatic.com/favicon-tbn?q=tbn%3AANd9GcTUkekkIKFZRU30RqTLQheRvdfJLH4hSIlf75SYk4sL9YjgY1BSZMWiqNTwO-pXEmYNrBsvEONPO0us4bGnIsYiBA3x2iI,€59.99,Amazon.de,12734874070139040490,12592974705091590541,8047655313077631814
https://www.google.com/search?q=kitchen+furniture&sca_esv=d64b47f615dedb78&udm=28&gl=DE&biw=1530&bih=786&sxsrf=APpeQntN4XhqKNEsErjt3fFrrmFpSunyXw%3A1785762428249&ei=fJJwarTcDvbiseMP5PTjWQ&oq=kitchen+fu&gs_lp=Ehlnd3Mtd2l6LW1vZGVsZXNzLXNob3BwaW5nIgpraXRjaGVuIGZ1KgIIADIKEAAYgAQYigUYQzIFEAAYgAQyBRAAGIAEMgUQABiABDIFEAAYgAQyBRAAGIAEMgUQABiABDIFEAAYgAQyBRAAGIAEMgUQABiABEi4lAFQ-QtYkIsBcAN4AZABAJgBfqABhgqqAQQwLjExuAEDyAEA-AEBmAIOoAKyCqgCCMICChAAGEcY1gQYsAPCAggQABiPARjqApgDAogGAZAGCJIHBDMuMTGgB-0wsgcEMC4xMbgHqQrCBwYwLjEzLjHIByCACAE&sclient=gws-wiz-modeless-shopping,Kitchen Islands Storage Modern Kitchen Cabinet,https://encrypted-tbn1.gstatic.com/favicon-tbn?q=tbn%3AANd9GcRJ8m1sS8ZVcARUOjdPd1AWUnOkeswb_KPXGvpM1IGkjL1j067ZBpS0F1-qt-_t8AwlFgcmBo5y2S50-f3mzTjhGcETh8REHg,€999.99,Homary.com,1169889595962154042,2643383123006115726,5745544397998278954
https://www.google.com/search?q=kitchen+furniture&sca_esv=d64b47f615dedb78&udm=28&gl=DE&biw=1530&bih=786&sxsrf=APpeQntN4XhqKNEsErjt3fFrrmFpSunyXw%3A1785762428249&ei=fJJwarTcDvbiseMP5PTjWQ&oq=kitchen+fu&gs_lp=Ehlnd3Mtd2l6LW1vZGVsZXNzLXNob3BwaW5nIgpraXRjaGVuIGZ1KgIIADIKEAAYgAQYigUYQzIFEAAYgAQyBRAAGIAEMgUQABiABDIFEAAYgAQyBRAAGIAEMgUQABiABDIFEAAYgAQyBRAAGIAEMgUQABiABEi4lAFQ-QtYkIsBcAN4AZABAJgBfqABhgqqAQQwLjExuAEDyAEA-AEBmAIOoAKyCqgCCMICChAAGEcY1gQYsAPCAggQABiPARjqApgDAogGAZAGCJIHBDMuMTGgB-0wsgcEMC4xMbgHqQrCBwYwLjEzLjHIByCACAE&sclient=gws-wiz-modeless-shopping,205cm–284cm Extendable Natural & White Kitchen Island with Doors & Drawers,https://encrypted-tbn1.gstatic.com/favicon-tbn?q=tbn%3AANd9GcRJ8m1sS8ZVcARUOjdPd1AWUnOkeswb_KPXGvpM1IGkjL1j067ZBpS0F1-qt-_t8AwlFgcmBo5y2S50-f3mzTjhGcETh8REHg,"€1,199.99",Homary.com,9015753012734605549,13189715439536152230,14336566386306042776
https://www.google.com/search?q=kitchen+furniture&sca_esv=d64b47f615dedb78&udm=28&gl=DE&biw=1530&bih=786&sxsrf=APpeQntN4XhqKNEsErjt3fFrrmFpSunyXw%3A1785762428249&ei=fJJwarTcDvbiseMP5PTjWQ&oq=kitchen+fu&gs_lp=Ehlnd3Mtd2l6LW1vZGVsZXNzLXNob3BwaW5nIgpraXRjaGVuIGZ1KgIIADIKEAAYgAQYigUYQzIFEAAYgAQyBRAAGIAEMgUQABiABDIFEAAYgAQyBRAAGIAEMgUQABiABDIFEAAYgAQyBRAAGIAEMgUQABiABEi4lAFQ-QtYkIsBcAN4AZABAJgBfqABhgqqAQQwLjExuAEDyAEA-AEBmAIOoAKyCqgCCMICChAAGEcY1gQYsAPCAggQABiPARjqApgDAogGAZAGCJIHBDMuMTGgB-0wsgcEMC4xMbgHqQrCBwYwLjEzLjHIByCACAE&sclient=gws-wiz-modeless-shopping,Sweave Set of 2 Swivel Bar Stools Velvet Curved Back Adjustable Height,https://encrypted-tbn1.gstatic.com/favicon-tbn?q=tbn%3AANd9GcRJ8m1sS8ZVcARUOjdPd1AWUnOkeswb_KPXGvpM1IGkjL1j067ZBpS0F1-qt-_t8AwlFgcmBo5y2S50-f3mzTjhGcETh8REHg,€399.99,Homary.com,5589704019443654357,339202369812791916,8029696630798602869
https://www.google.com/search?q=kitchen+furniture&sca_esv=d64b47f615dedb78&udm=28&gl=DE&biw=1530&bih=786&sxsrf=APpeQntN4XhqKNEsErjt3fFrrmFpSunyXw%3A1785762428249&ei=fJJwarTcDvbiseMP5PTjWQ&oq=kitchen+fu&gs_lp=Ehlnd3Mtd2l6LW1vZGVsZXNzLXNob3BwaW5nIgpraXRjaGVuIGZ1KgIIADIKEAAYgAQYigUYQzIFEAAYgAQyBRAAGIAEMgUQABiABDIFEAAYgAQyBRAAGIAEMgUQABiABDIFEAAYgAQyBRAAGIAEMgUQABiABEi4lAFQ-QtYkIsBcAN4AZABAJgBfqABhgqqAQQwLjExuAEDyAEA-AEBmAIOoAKyCqgCCMICChAAGEcY1gQYsAPCAggQABiPARjqApgDAogGAZAGCJIHBDMuMTGgB-0wsgcEMC4xMbgHqQrCBwYwLjEzLjHIByCACAE&sclient=gws-wiz-modeless-shopping,Merax Küchenschrank Hochschrank mit Arbeitsplatte Highboard mit Steckdosen,https://encrypted-tbn0.gstatic.com/shopping?q=tbn:ANd9GcRe4lwwolRpyszTyH9cKkV7u7zwFxgGtN0rJRoms2_vRDmeQxHBZXa5WbG9AmPAbhm4ruzo5sesEvTNRqZt5LU1RlXIgU-ofKYpI06xI-ev,€148.99,Amazon.de - Amazon.de-Seller,8537553095405955746,462352945768305233,17953771176850185692
https://www.google.com/search?q=kitchen+furniture&sca_esv=d64b47f615dedb78&udm=28&gl=DE&biw=1530&bih=786&sxsrf=APpeQntN4XhqKNEsErjt3fFrrmFpSunyXw%3A1785762428249&ei=fJJwarTcDvbiseMP5PTjWQ&oq=kitchen+fu&gs_lp=Ehlnd3Mtd2l6LW1vZGVsZXNzLXNob3BwaW5nIgpraXRjaGVuIGZ1KgIIADIKEAAYgAQYigUYQzIFEAAYgAQyBRAAGIAEMgUQABiABDIFEAAYgAQyBRAAGIAEMgUQABiABDIFEAAYgAQyBRAAGIAEMgUQABiABEi4lAFQ-QtYkIsBcAN4AZABAJgBfqABhgqqAQQwLjExuAEDyAEA-AEBmAIOoAKyCqgCCMICChAAGEcY1gQYsAPCAggQABiPARjqApgDAogGAZAGCJIHBDMuMTGgB-0wsgcEMC4xMbgHqQrCBwYwLjEzLjHIByCACAE&sclient=gws-wiz-modeless-shopping,IKEA KNOXHULT high cabinet with doors,https://encrypted-tbn0.gstatic.com/shopping?q=tbn:ANd9GcRm3o2mMu5ZYNbsEWPDf9qlhFRj4gkr2fqswY9OICOClnAZLrhd6nBpkhyleVkMPaqynzZ62VbV-TKC50oqbgH-K0cPZa8iDJ1TEhjJbs99bEGIarF6Ok6_,€105.00,IKEA Deutschland,11154341636301746929,10551897486123883901,619763166409253406
https://www.google.com/search?q=kitchen+furniture&sca_esv=d64b47f615dedb78&udm=28&gl=DE&biw=1530&bih=786&sxsrf=APpeQntN4XhqKNEsErjt3fFrrmFpSunyXw%3A1785762428249&ei=fJJwarTcDvbiseMP5PTjWQ&oq=kitchen+fu&gs_lp=Ehlnd3Mtd2l6LW1vZGVsZXNzLXNob3BwaW5nIgpraXRjaGVuIGZ1KgIIADIKEAAYgAQYigUYQzIFEAAYgAQyBRAAGIAEMgUQABiABDIFEAAYgAQyBRAAGIAEMgUQABiABDIFEAAYgAQyBRAAGIAEMgUQABiABEi4lAFQ-QtYkIsBcAN4AZABAJgBfqABhgqqAQQwLjExuAEDyAEA-AEBmAIOoAKyCqgCCMICChAAGEcY1gQYsAPCAggQABiPARjqApgDAogGAZAGCJIHBDMuMTGgB-0wsgcEMC4xMbgHqQrCBwYwLjEzLjHIByCACAE&sclient=gws-wiz-modeless-shopping,Jarklow Küchenblock 260 cm schwarz matt,https://encrypted-tbn1.gstatic.com/shopping?q=tbn:ANd9GcToT4eH0nG2km4x5nGQEjBfguSOnJCtfG6m_XHPWnJhZghjk48xAU7yZ4u_bM3Lf0ctugC0gRY1HHf9MZgxbytYAZrbJJfinEc4WG6J-RTI_9BE9td1RbTs,€475.00,Zurbrüggen,10415959601254847477,13896736299702641237,4660820385089957943
https://www.google.com/search?q=kitchen+furniture&sca_esv=d64b47f615dedb78&udm=28&gl=DE&biw=1530&bih=786&sxsrf=APpeQntN4XhqKNEsErjt3fFrrmFpSunyXw%3A1785762428249&ei=fJJwarTcDvbiseMP5PTjWQ&oq=kitchen+fu&gs_lp=Ehlnd3Mtd2l6LW1vZGVsZXNzLXNob3BwaW5nIgpraXRjaGVuIGZ1KgIIADIKEAAYgAQYigUYQzIFEAAYgAQyBRAAGIAEMgUQABiABDIFEAAYgAQyBRAAGIAEMgUQABiABDIFEAAYgAQyBRAAGIAEMgUQABiABEi4lAFQ-QtYkIsBcAN4AZABAJgBfqABhgqqAQQwLjExuAEDyAEA-AEBmAIOoAKyCqgCCMICChAAGEcY1gQYsAPCAggQABiPARjqApgDAogGAZAGCJIHBDMuMTGgB-0wsgcEMC4xMbgHqQrCBwYwLjEzLjHIByCACAE&sclient=gws-wiz-modeless-shopping,Inter Link Dressers + Sideboards,https://encrypted-tbn0.gstatic.com/shopping?q=tbn:ANd9GcSINYbESailefXVK3EnCBDZJT_jyf30zQ98jNcx3XTi86zM_iaWz0pjUJ22-vBGHanEigYdO7XxbXFINosBzJX88HDX7ODapWABsCjSlqf-Y65kWo-IlhJolA,€202.35,erst-holz.de,4817023641099139594,16874355022204691465,5417729985686334625
https://www.google.com/search?q=kitchen+furniture&sca_esv=d64b47f615dedb78&udm=28&gl=DE&biw=1530&bih=786&sxsrf=APpeQntN4XhqKNEsErjt3fFrrmFpSunyXw%3A1785762428249&ei=fJJwarTcDvbiseMP5PTjWQ&oq=kitchen+fu&gs_lp=Ehlnd3Mtd2l6LW1vZGVsZXNzLXNob3BwaW5nIgpraXRjaGVuIGZ1KgIIADIKEAAYgAQYigUYQzIFEAAYgAQyBRAAGIAEMgUQABiABDIFEAAYgAQyBRAAGIAEMgUQABiABDIFEAAYgAQyBRAAGIAEMgUQABiABEi4lAFQ-QtYkIsBcAN4AZABAJgBfqABhgqqAQQwLjExuAEDyAEA-AEBmAIOoAKyCqgCCMICChAAGEcY1gQYsAPCAggQABiPARjqApgDAogGAZAGCJIHBDMuMTGgB-0wsgcEMC4xMbgHqQrCBwYwLjEzLjHIByCACAE&sclient=gws-wiz-modeless-shopping,"LEADZM Küchenschrank Hochschrank, Vitrinenschrank mit 4 Türen Buffetschrank | Wohnzimmer, Esszimmer (4 Türen)",https://encrypted-tbn3.gstatic.com/shopping?q=tbn:ANd9GcQRFB34tgOA2tPY8S0e_dZEF23hiNwUew8O9TDiqTTg6K65QiNiOA0uHqBzewKh3AqCLPyQAc6B6iUP73aI3OUGVtPh5wWqph4bKyIGmgIrYPHGelOONzsSnw,€106.99,Amazon.de - Amazon.de-Seller,2155426862415121007,,
https://www.google.com/search?q=kitchen+furniture&sca_esv=d64b47f615dedb78&udm=28&gl=DE&biw=1530&bih=786&sxsrf=APpeQntN4XhqKNEsErjt3fFrrmFpSunyXw%3A1785762428249&ei=fJJwarTcDvbiseMP5PTjWQ&oq=kitchen+fu&gs_lp=Ehlnd3Mtd2l6LW1vZGVsZXNzLXNob3BwaW5nIgpraXRjaGVuIGZ1KgIIADIKEAAYgAQYigUYQzIFEAAYgAQyBRAAGIAEMgUQABiABDIFEAAYgAQyBRAAGIAEMgUQABiABDIFEAAYgAQyBRAAGIAEMgUQABiABEi4lAFQ-QtYkIsBcAN4AZABAJgBfqABhgqqAQQwLjExuAEDyAEA-AEBmAIOoAKyCqgCCMICChAAGEcY1gQYsAPCAggQABiPARjqApgDAogGAZAGCJIHBDMuMTGgB-0wsgcEMC4xMbgHqQrCBwYwLjEzLjHIByCACAE&sclient=gws-wiz-modeless-shopping,"FIWODO.de - Dein Möbelwerk im Internet Küche Küchenzeile 240cm mit Elektrogeräten komplett Spülbecken Arbeitsplatte, (Set), mit E-Geräten, Breite 240c",https://encrypted-tbn1.gstatic.com/shopping?q=tbn:ANd9GcSHanZC6rAqj2OyWG-8cltc2N_zvPRf0Acgc-GHd5XhWC61BH99uwaubmp9IO5ffGQtFguHV8UPqkCAsm3mEe9acQ95PKwnyTJYJpR6-O0i5At15MAfMPPfZw,€969.00,Amazon.de - Amazon.de-Seller,12346031838756977945,17368772450935446693,
https://www.google.com/search?q=kitchen+furniture&sca_esv=d64b47f615dedb78&udm=28&gl=DE&biw=1530&bih=786&sxsrf=APpeQntN4XhqKNEsErjt3fFrrmFpSunyXw%3A1785762428249&ei=fJJwarTcDvbiseMP5PTjWQ&oq=kitchen+fu&gs_lp=Ehlnd3Mtd2l6LW1vZGVsZXNzLXNob3BwaW5nIgpraXRjaGVuIGZ1KgIIADIKEAAYgAQYigUYQzIFEAAYgAQyBRAAGIAEMgUQABiABDIFEAAYgAQyBRAAGIAEMgUQABiABDIFEAAYgAQyBRAAGIAEMgUQABiABEi4lAFQ-QtYkIsBcAN4AZABAJgBfqABhgqqAQQwLjExuAEDyAEA-AEBmAIOoAKyCqgCCMICChAAGEcY1gQYsAPCAggQABiPARjqApgDAogGAZAGCJIHBDMuMTGgB-0wsgcEMC4xMbgHqQrCBwYwLjEzLjHIByCACAE&sclient=gws-wiz-modeless-shopping,1270mm Japandi Kitchen lsland Matte Travertine Wooden Storage Kitchen Cabinet with Light,https://encrypted-tbn1.gstatic.com/shopping?q=tbn:ANd9GcQeDQO75RKxmLMjD_oK5ZGPFfUOdeo-hPVief1SmKgNY6sDQOYX97XimAwu8KqaVP9LpTECWe5q83gqP_DXNibjvHzmC5--Wn-9nOIHOywt,€799.99,Homary.com,2459697926864414619,9135531684897759638,14344046166300484922
https://www.google.com/search?q=kitchen+furniture&sca_esv=d64b47f615dedb78&udm=28&gl=DE&biw=1530&bih=786&sxsrf=APpeQntN4XhqKNEsErjt3fFrrmFpSunyXw%3A1785762428249&ei=fJJwarTcDvbiseMP5PTjWQ&oq=kitchen+fu&gs_lp=Ehlnd3Mtd2l6LW1vZGVsZXNzLXNob3BwaW5nIgpraXRjaGVuIGZ1KgIIADIKEAAYgAQYigUYQzIFEAAYgAQyBRAAGIAEMgUQABiABDIFEAAYgAQyBRAAGIAEMgUQABiABDIFEAAYgAQyBRAAGIAEMgUQABiABEi4lAFQ-QtYkIsBcAN4AZABAJgBfqABhgqqAQQwLjExuAEDyAEA-AEBmAIOoAKyCqgCCMICChAAGEcY1gQYsAPCAggQABiPARjqApgDAogGAZAGCJIHBDMuMTGgB-0wsgcEMC4xMbgHqQrCBwYwLjEzLjHIByCACAE&sclient=gws-wiz-modeless-shopping,Küche Bianca Basic II 240 Küchenzeile Glanz,https://encrypted-tbn2.gstatic.com/shopping?q=tbn:ANd9GcT6NBNFTcvIfA1Cb5aavG-hRSa-NAwa3k8Rs1XeBubEA7-Zd0qsBtCPloJuaQo--qwNFbBbShR15Km4QqADFldGD8hgHzklWf6vTfeRBV0,€719.99,OTTO,11447545563520680146,1901684395058474881,16603350769373106417
https://www.google.com/search?q=kitchen+furniture&sca_esv=d64b47f615dedb78&udm=28&gl=DE&biw=1530&bih=786&sxsrf=APpeQntN4XhqKNEsErjt3fFrrmFpSunyXw%3A1785762428249&ei=fJJwarTcDvbiseMP5PTjWQ&oq=kitchen+fu&gs_lp=Ehlnd3Mtd2l6LW1vZGVsZXNzLXNob3BwaW5nIgpraXRjaGVuIGZ1KgIIADIKEAAYgAQYigUYQzIFEAAYgAQyBRAAGIAEMgUQABiABDIFEAAYgAQyBRAAGIAEMgUQABiABDIFEAAYgAQyBRAAGIAEMgUQABiABEi4lAFQ-QtYkIsBcAN4AZABAJgBfqABhgqqAQQwLjExuAEDyAEA-AEBmAIOoAKyCqgCCMICChAAGEcY1gQYsAPCAggQABiPARjqApgDAogGAZAGCJIHBDMuMTGgB-0wsgcEMC4xMbgHqQrCBwYwLjEzLjHIByCACAE&sclient=gws-wiz-modeless-shopping,nobilia Highboard HDI60 60 cm Sylt | 706,https://encrypted-tbn3.gstatic.com/shopping?q=tbn:ANd9GcT4gTKga3DOiBLZ5WvbTRTDjy7CVfhshJmasltRnBjlxeCiU8c8OciVLs95HJbSk3sT0QuJUdxWoUsCWJtD2H6XnHfLlT5Gkc7AfoNiI5w,"€1,327.00",top-shelf.de,9330828214815501550,,
https://www.google.com/search?q=kitchen+furniture&sca_esv=d64b47f615dedb78&udm=28&gl=DE&biw=1530&bih=786&sxsrf=APpeQntN4XhqKNEsErjt3fFrrmFpSunyXw%3A1785762428249&ei=fJJwarTcDvbiseMP5PTjWQ&oq=kitchen+fu&gs_lp=Ehlnd3Mtd2l6LW1vZGVsZXNzLXNob3BwaW5nIgpraXRjaGVuIGZ1KgIIADIKEAAYgAQYigUYQzIFEAAYgAQyBRAAGIAEMgUQABiABDIFEAAYgAQyBRAAGIAEMgUQABiABDIFEAAYgAQyBRAAGIAEMgUQABiABEi4lAFQ-QtYkIsBcAN4AZABAJgBfqABhgqqAQQwLjExuAEDyAEA-AEBmAIOoAKyCqgCCMICChAAGEcY1gQYsAPCAggQABiPARjqApgDAogGAZAGCJIHBDMuMTGgB-0wsgcEMC4xMbgHqQrCBwYwLjEzLjHIByCACAE&sclient=gws-wiz-modeless-shopping,1830mm Japandi Kitchen lsland Grey Counter Stools Set Wooden Storage Cabinet,https://encrypted-tbn0.gstatic.com/shopping?q=tbn:ANd9GcQrwP9Fh534OtfJSULLrdNKbFS69PxFLKqIlQCaoXNgouD8XQixUQhzd1IcU5H3PREQyhY60CDjPIsmeIkVCYMxqXnUUshpG_g5nywmVn0,"€1,223.99",Homary.com,3110107927874957751,9537541177591367475,5251333616685212486
https://www.google.com/search?q=kitchen+furniture&sca_esv=d64b47f615dedb78&udm=28&gl=DE&biw=1530&bih=786&sxsrf=APpeQntN4XhqKNEsErjt3fFrrmFpSunyXw%3A1785762428249&ei=fJJwarTcDvbiseMP5PTjWQ&oq=kitchen+fu&gs_lp=Ehlnd3Mtd2l6LW1vZGVsZXNzLXNob3BwaW5nIgpraXRjaGVuIGZ1KgIIADIKEAAYgAQYigUYQzIFEAAYgAQyBRAAGIAEMgUQABiABDIFEAAYgAQyBRAAGIAEMgUQABiABDIFEAAYgAQyBRAAGIAEMgUQABiABEi4lAFQ-QtYkIsBcAN4AZABAJgBfqABhgqqAQQwLjExuAEDyAEA-AEBmAIOoAKyCqgCCMICChAAGEcY1gQYsAPCAggQABiPARjqApgDAogGAZAGCJIHBDMuMTGgB-0wsgcEMC4xMbgHqQrCBwYwLjEzLjHIByCACAE&sclient=gws-wiz-modeless-shopping,nobilia Built-in kitchen L-kitchen Munich 430 cm in White complete,https://encrypted-tbn2.gstatic.com/shopping?q=tbn:ANd9GcRPQUyLGI4RM8iJYqfz3sPSPj8Np80FDkpe4THboVy0_zpMHn0IevhlBtfkhB2Ndt2fm-YfwUp1v64HpOKJITMViJ2Jx8wsJoifgaBdOC_VWz4dppbM5RPE,"€3,039.00",top-shelf.de,13826101747790554101,14618868374968861027,8684282789121937259
https://www.google.com/search?q=kitchen+furniture&sca_esv=d64b47f615dedb78&udm=28&gl=DE&biw=1530&bih=786&sxsrf=APpeQntN4XhqKNEsErjt3fFrrmFpSunyXw%3A1785762428249&ei=fJJwarTcDvbiseMP5PTjWQ&oq=kitchen+fu&gs_lp=Ehlnd3Mtd2l6LW1vZGVsZXNzLXNob3BwaW5nIgpraXRjaGVuIGZ1KgIIADIKEAAYgAQYigUYQzIFEAAYgAQyBRAAGIAEMgUQABiABDIFEAAYgAQyBRAAGIAEMgUQABiABDIFEAAYgAQyBRAAGIAEMgUQABiABEi4lAFQ-QtYkIsBcAN4AZABAJgBfqABhgqqAQQwLjExuAEDyAEA-AEBmAIOoAKyCqgCCMICChAAGEcY1gQYsAPCAggQABiPARjqApgDAogGAZAGCJIHBDMuMTGgB-0wsgcEMC4xMbgHqQrCBwYwLjEzLjHIByCACAE&sclient=gws-wiz-modeless-shopping,European Style Modern Luxurious Marble Dining Table Set,https://encrypted-tbn1.gstatic.com/shopping?q=tbn:ANd9GcTt1KC2mgYxwQ99IYZv4FF2Pr7PoKzm0rVZH8M_54ZaFB-vp5Fndl4zNYAj9cDO7zO5rLxa0qhbOOEJ2m7ZQfChbeMhWcBzJA9nKEIxxJM,"€1,728.31",My Aashis,1085247191712771754,7039293920780144411,17520814237604575439
https://www.google.com/search?q=kitchen+furniture&sca_esv=d64b47f615dedb78&udm=28&gl=DE&biw=1530&bih=786&sxsrf=APpeQntN4XhqKNEsErjt3fFrrmFpSunyXw%3A1785762428249&ei=fJJwarTcDvbiseMP5PTjWQ&oq=kitchen+fu&gs_lp=Ehlnd3Mtd2l6LW1vZGVsZXNzLXNob3BwaW5nIgpraXRjaGVuIGZ1KgIIADIKEAAYgAQYigUYQzIFEAAYgAQyBRAAGIAEMgUQABiABDIFEAAYgAQyBRAAGIAEMgUQABiABDIFEAAYgAQyBRAAGIAEMgUQABiABEi4lAFQ-QtYkIsBcAN4AZABAJgBfqABhgqqAQQwLjExuAEDyAEA-AEBmAIOoAKyCqgCCMICChAAGEcY1gQYsAPCAggQABiPARjqApgDAogGAZAGCJIHBDMuMTGgB-0wsgcEMC4xMbgHqQrCBwYwLjEzLjHIByCACAE&sclient=gws-wiz-modeless-shopping,Solid Wood Sideboard Modern Simple Tea Cabinet Kitchen Cupboard Storage Cabinet Large Capacity Storage Cabinet,https://encrypted-tbn2.gstatic.com/shopping?q=tbn:ANd9GcRGcB3WrIQsiJ8IJEmGhcd99XvhmV1GgPBR1LKTKnBXgXV76cDVytVHsqad5djZo2MRs_3kcUtqe_8Rp4kuACjSdLEA4Vo9nMbuWIdHQo9onTEhIEaf7BCUPw,"€2,335.70",GVAwood,14765683325314311160,6222747355253467347,1058945028104963504
https://www.google.com/search?q=kitchen+furniture&sca_esv=d64b47f615dedb78&udm=28&gl=DE&biw=1530&bih=786&sxsrf=APpeQntN4XhqKNEsErjt3fFrrmFpSunyXw%3A1785762428249&ei=fJJwarTcDvbiseMP5PTjWQ&oq=kitchen+fu&gs_lp=Ehlnd3Mtd2l6LW1vZGVsZXNzLXNob3BwaW5nIgpraXRjaGVuIGZ1KgIIADIKEAAYgAQYigUYQzIFEAAYgAQyBRAAGIAEMgUQABiABDIFEAAYgAQyBRAAGIAEMgUQABiABDIFEAAYgAQyBRAAGIAEMgUQABiABEi4lAFQ-QtYkIsBcAN4AZABAJgBfqABhgqqAQQwLjExuAEDyAEA-AEBmAIOoAKyCqgCCMICChAAGEcY1gQYsAPCAggQABiPARjqApgDAogGAZAGCJIHBDMuMTGgB-0wsgcEMC4xMbgHqQrCBwYwLjEzLjHIByCACAE&sclient=gws-wiz-modeless-shopping,Home Dining Kitchen Island Table Modern Rectangular Kitchen Island,https://encrypted-tbn0.gstatic.com/shopping?q=tbn:ANd9GcQ0Pyry3jOHVrkb0HdDhK4E9ooPJicVZa8CBSXMI5nyAV-UcL9TTZyQere5QnHytiwHI_91vQjSV5_AZ_z93Kbw5PgxBAPjSvz9PddHKbFjAKyYxvSbS1BP,"€1,783.03",Clearhalo,8864103896101587513,,
https://www.google.com/search?q=kitchen+furniture&sca_esv=d64b47f615dedb78&udm=28&gl=DE&biw=1530&bih=786&sxsrf=APpeQntN4XhqKNEsErjt3fFrrmFpSunyXw%3A1785762428249&ei=fJJwarTcDvbiseMP5PTjWQ&oq=kitchen+fu&gs_lp=Ehlnd3Mtd2l6LW1vZGVsZXNzLXNob3BwaW5nIgpraXRjaGVuIGZ1KgIIADIKEAAYgAQYigUYQzIFEAAYgAQyBRAAGIAEMgUQABiABDIFEAAYgAQyBRAAGIAEMgUQABiABDIFEAAYgAQyBRAAGIAEMgUQABiABEi4lAFQ-QtYkIsBcAN4AZABAJgBfqABhgqqAQQwLjExuAEDyAEA-AEBmAIOoAKyCqgCCMICChAAGEcY1gQYsAPCAggQABiPARjqApgDAogGAZAGCJIHBDMuMTGgB-0wsgcEMC4xMbgHqQrCBwYwLjEzLjHIByCACAE&sclient=gws-wiz-modeless-shopping,nobilia kitchen unit Laser 427 Alpine White Color Concept 248 Fern 310 cm configurable,https://encrypted-tbn2.gstatic.com/shopping?q=tbn:ANd9GcScNsi-olK2ImhllDScDUbuK46Io9T3u-MVlPM2cCF92YhBPUw4S7ZGDjg1iUS21VmoVftXr_UXOxfcUMsMiUQ2VC0dxr5EJggbRp30xn8,"€2,913.00",top-shelf.de,3560118629097519749,13326722021583157383,1162813530987084814
https://www.google.com/search?q=kitchen+furniture&sca_esv=d64b47f615dedb78&udm=28&gl=DE&biw=1530&bih=786&sxsrf=APpeQntN4XhqKNEsErjt3fFrrmFpSunyXw%3A1785762428249&ei=fJJwarTcDvbiseMP5PTjWQ&oq=kitchen+fu&gs_lp=Ehlnd3Mtd2l6LW1vZGVsZXNzLXNob3BwaW5nIgpraXRjaGVuIGZ1KgIIADIKEAAYgAQYigUYQzIFEAAYgAQyBRAAGIAEMgUQABiABDIFEAAYgAQyBRAAGIAEMgUQABiABDIFEAAYgAQyBRAAGIAEMgUQABiABEi4lAFQ-QtYkIsBcAN4AZABAJgBfqABhgqqAQQwLjExuAEDyAEA-AEBmAIOoAKyCqgCCMICChAAGEcY1gQYsAPCAggQABiPARjqApgDAogGAZAGCJIHBDMuMTGgB-0wsgcEMC4xMbgHqQrCBwYwLjEzLjHIByCACAE&sclient=gws-wiz-modeless-shopping,nobilia kitchen with kitchen island Touch 334 Slate gray super matte 360 + 210 cm configurable,https://encrypted-tbn3.gstatic.com/shopping?q=tbn:ANd9GcQrnCtBy8JTTuSn2JM6rziEX3H06sJ5l9DzfbOYO4pHnBp-wFjPX3n88HA_OCaq90M70KBgZtMFXNqoEkB3RrYTjeKimOIcW3_WhYZECbA,"€6,879.00",top-shelf.de,9718235251866610615,9824367194041498002,961961887716731982
https://www.google.com/search?q=kitchen+furniture&sca_esv=d64b47f615dedb78&udm=28&gl=DE&biw=1530&bih=786&sxsrf=APpeQntN4XhqKNEsErjt3fFrrmFpSunyXw%3A1785762428249&ei=fJJwarTcDvbiseMP5PTjWQ&oq=kitchen+fu&gs_lp=Ehlnd3Mtd2l6LW1vZGVsZXNzLXNob3BwaW5nIgpraXRjaGVuIGZ1KgIIADIKEAAYgAQYigUYQzIFEAAYgAQyBRAAGIAEMgUQABiABDIFEAAYgAQyBRAAGIAEMgUQABiABDIFEAAYgAQyBRAAGIAEMgUQABiABEi4lAFQ-QtYkIsBcAN4AZABAJgBfqABhgqqAQQwLjExuAEDyAEA-AEBmAIOoAKyCqgCCMICChAAGEcY1gQYsAPCAggQABiPARjqApgDAogGAZAGCJIHBDMuMTGgB-0wsgcEMC4xMbgHqQrCBwYwLjEzLjHIByCACAE&sclient=gws-wiz-modeless-shopping,nobilia kitchen with kitchen island Fashion 165 lacquer stone gray matte handleless 330+180cm configurable,https://encrypted-tbn3.gstatic.com/shopping?q=tbn:ANd9GcSRjW7OEw6B8W86TKpm7tlKAI2-pYiF18xISim9F2zVde8oUyhMGL6dy8GfkaCSQhCdrhVku469eVthP4i1CjQX7wO5XcGEks6dK--5AOM,"€6,762.00",top-shelf.de,13805053265141336320,17052602441814346615,9523595310244810837
https://www.google.com/search?q=kitchen+furniture&sca_esv=d64b47f615dedb78&udm=28&gl=DE&biw=1530&bih=786&sxsrf=APpeQntN4XhqKNEsErjt3fFrrmFpSunyXw%3A1785762428249&ei=fJJwarTcDvbiseMP5PTjWQ&oq=kitchen+fu&gs_lp=Ehlnd3Mtd2l6LW1vZGVsZXNzLXNob3BwaW5nIgpraXRjaGVuIGZ1KgIIADIKEAAYgAQYigUYQzIFEAAYgAQyBRAAGIAEMgUQABiABDIFEAAYgAQyBRAAGIAEMgUQABiABDIFEAAYgAQyBRAAGIAEMgUQABiABEi4lAFQ-QtYkIsBcAN4AZABAJgBfqABhgqqAQQwLjExuAEDyAEA-AEBmAIOoAKyCqgCCMICChAAGEcY1gQYsAPCAggQABiPARjqApgDAogGAZAGCJIHBDMuMTGgB-0wsgcEMC4xMbgHqQrCBwYwLjEzLjHIByCACAE&sclient=gws-wiz-modeless-shopping,Linear kitchen 185+125x65xh85 cm + Sideboard / Showcase + INDUSTRIAL / COUNTRY style table in solid wood with preparation for household appliances,https://encrypted-tbn1.gstatic.com/shopping?q=tbn:ANd9GcT36SlKYuAfnytGsBcKlfmFdnE-dHCreFm_O9NtlrS9BxR498lGKN4hziisMIycny9M2qiiLjFRcCLLBlvzyNVJgYz4ZrzLZC0IYaCgYEmQ,"€8,590.00",il baule di nonna elvira,13033764281402401441,18171212283735614373,2405448351204011513
https://www.google.com/search?q=kitchen+furniture&sca_esv=d64b47f615dedb78&udm=28&gl=DE&biw=1530&bih=786&sxsrf=APpeQntN4XhqKNEsErjt3fFrrmFpSunyXw%3A1785762428249&ei=fJJwarTcDvbiseMP5PTjWQ&oq=kitchen+fu&gs_lp=Ehlnd3Mtd2l6LW1vZGVsZXNzLXNob3BwaW5nIgpraXRjaGVuIGZ1KgIIADIKEAAYgAQYigUYQzIFEAAYgAQyBRAAGIAEMgUQABiABDIFEAAYgAQyBRAAGIAEMgUQABiABDIFEAAYgAQyBRAAGIAEMgUQABiABEi4lAFQ-QtYkIsBcAN4AZABAJgBfqABhgqqAQQwLjExuAEDyAEA-AEBmAIOoAKyCqgCCMICChAAGEcY1gQYsAPCAggQABiPARjqApgDAogGAZAGCJIHBDMuMTGgB-0wsgcEMC4xMbgHqQrCBwYwLjEzLjHIByCACAE&sclient=gws-wiz-modeless-shopping,Classic European Wooden Carving Rectangular Dining Table Set,https://encrypted-tbn0.gstatic.com/shopping?q=tbn:ANd9GcRqeK-CiXIsN7nIDtkphumR_csa-F0Vm_lJau-6f3deDrZpHPrm894FyfDyZ4LW1uiPRbJsJ8YbxqjQv023zntljqAvaJ23Ex7F0tB1w8A,"€4,518.46",My Aashis,871328464961253031,17693099941181161103,11928613269172703545
https://www.google.com/search?q=kitchen+furniture&sca_esv=d64b47f615dedb78&udm=28&gl=DE&biw=1530&bih=786&sxsrf=APpeQntN4XhqKNEsErjt3fFrrmFpSunyXw%3A1785762428249&ei=fJJwarTcDvbiseMP5PTjWQ&oq=kitchen+fu&gs_lp=Ehlnd3Mtd2l6LW1vZGVsZXNzLXNob3BwaW5nIgpraXRjaGVuIGZ1KgIIADIKEAAYgAQYigUYQzIFEAAYgAQyBRAAGIAEMgUQABiABDIFEAAYgAQyBRAAGIAEMgUQABiABDIFEAAYgAQyBRAAGIAEMgUQABiABEi4lAFQ-QtYkIsBcAN4AZABAJgBfqABhgqqAQQwLjExuAEDyAEA-AEBmAIOoAKyCqgCCMICChAAGEcY1gQYsAPCAggQABiPARjqApgDAogGAZAGCJIHBDMuMTGgB-0wsgcEMC4xMbgHqQrCBwYwLjEzLjHIByCACAE&sclient=gws-wiz-modeless-shopping,Hartland Buffet,https://encrypted-tbn1.gstatic.com/shopping?q=tbn:ANd9GcQhreOaZSuhV4u-4alt894dj4-11DtkE4T1bQ3EanGaY6sjlY6e_ITe544xnX2cGCF9LnHeXoRRN6VEM4NyjFS7yxyMoGZW9QytDgX_7HwUsGmNvx1_1qcBXQ,"€8,642.00",SayRug.EU,10341726609995162212,3291039075372710795,373320625878341744
https://www.google.com/search?q=kitchen+furniture&sca_esv=d64b47f615dedb78&udm=28&gl=DE&biw=1530&bih=786&sxsrf=APpeQntN4XhqKNEsErjt3fFrrmFpSunyXw%3A1785762428249&ei=fJJwarTcDvbiseMP5PTjWQ&oq=kitchen+fu&gs_lp=Ehlnd3Mtd2l6LW1vZGVsZXNzLXNob3BwaW5nIgpraXRjaGVuIGZ1KgIIADIKEAAYgAQYigUYQzIFEAAYgAQyBRAAGIAEMgUQABiABDIFEAAYgAQyBRAAGIAEMgUQABiABDIFEAAYgAQyBRAAGIAEMgUQABiABEi4lAFQ-QtYkIsBcAN4AZABAJgBfqABhgqqAQQwLjExuAEDyAEA-AEBmAIOoAKyCqgCCMICChAAGEcY1gQYsAPCAggQABiPARjqApgDAogGAZAGCJIHBDMuMTGgB-0wsgcEMC4xMbgHqQrCBwYwLjEzLjHIByCACAE&sclient=gws-wiz-modeless-shopping,HOMECHO Küchenbuffet 180 cm Hoch Küchenschrank mit 4 Türen und Schubladen,,€169.99,otto.de,7413753499587048058,3746630550095635804,1420635416463053409
https://www.google.com/search?q=kitchen+furniture&sca_esv=d64b47f615dedb78&udm=28&gl=DE&biw=1530&bih=786&sxsrf=APpeQntN4XhqKNEsErjt3fFrrmFpSunyXw%3A1785762428249&ei=fJJwarTcDvbiseMP5PTjWQ&oq=kitchen+fu&gs_lp=Ehlnd3Mtd2l6LW1vZGVsZXNzLXNob3BwaW5nIgpraXRjaGVuIGZ1KgIIADIKEAAYgAQYigUYQzIFEAAYgAQyBRAAGIAEMgUQABiABDIFEAAYgAQyBRAAGIAEMgUQABiABDIFEAAYgAQyBRAAGIAEMgUQABiABEi4lAFQ-QtYkIsBcAN4AZABAJgBfqABhgqqAQQwLjExuAEDyAEA-AEBmAIOoAKyCqgCCMICChAAGEcY1gQYsAPCAggQABiPARjqApgDAogGAZAGCJIHBDMuMTGgB-0wsgcEMC4xMbgHqQrCBwYwLjEzLjHIByCACAE&sclient=gws-wiz-modeless-shopping,Küchenzeile BASIC BY Balculina Jazz,,€423.99,Amazon.de,16831011688291815216,16847064415144648959,7259227806330184378
https://www.google.com/search?q=kitchen+furniture&sca_esv=d64b47f615dedb78&udm=28&gl=DE&biw=1530&bih=786&sxsrf=APpeQntN4XhqKNEsErjt3fFrrmFpSunyXw%3A1785762428249&ei=fJJwarTcDvbiseMP5PTjWQ&oq=kitchen+fu&gs_lp=Ehlnd3Mtd2l6LW1vZGVsZXNzLXNob3BwaW5nIgpraXRjaGVuIGZ1KgIIADIKEAAYgAQYigUYQzIFEAAYgAQyBRAAGIAEMgUQABiABDIFEAAYgAQyBRAAGIAEMgUQABiABDIFEAAYgAQyBRAAGIAEMgUQABiABEi4lAFQ-QtYkIsBcAN4AZABAJgBfqABhgqqAQQwLjExuAEDyAEA-AEBmAIOoAKyCqgCCMICChAAGEcY1gQYsAPCAggQABiPARjqApgDAogGAZAGCJIHBDMuMTGgB-0wsgcEMC4xMbgHqQrCBwYwLjEzLjHIByCACAE&sclient=gws-wiz-modeless-shopping,Vicco Shelving Fame-Line,,€136.90,OK-Kitchen,12339220933049963269,101086742678085820,3986294187591339693
https://www.google.com/search?q=kitchen+furniture&sca_esv=d64b47f615dedb78&udm=28&gl=DE&biw=1530&bih=786&sxsrf=APpeQntN4XhqKNEsErjt3fFrrmFpSunyXw%3A1785762428249&ei=fJJwarTcDvbiseMP5PTjWQ&oq=kitchen+fu&gs_lp=Ehlnd3Mtd2l6LW1vZGVsZXNzLXNob3BwaW5nIgpraXRjaGVuIGZ1KgIIADIKEAAYgAQYigUYQzIFEAAYgAQyBRAAGIAEMgUQABiABDIFEAAYgAQyBRAAGIAEMgUQABiABDIFEAAYgAQyBRAAGIAEMgUQABiABEi4lAFQ-QtYkIsBcAN4AZABAJgBfqABhgqqAQQwLjExuAEDyAEA-AEBmAIOoAKyCqgCCMICChAAGEcY1gQYsAPCAggQABiPARjqApgDAogGAZAGCJIHBDMuMTGgB-0wsgcEMC4xMbgHqQrCBwYwLjEzLjHIByCACAE&sclient=gws-wiz-modeless-shopping,1270mm Japandi Kitchen lsland Matte Travertine Wooden Storage Kitchen Cabinet with Light,,€799.99,Homary.com,2459697926864414619,9135531684897759638,14344046166300484922
https://www.google.com/search?q=kitchen+furniture&sca_esv=d64b47f615dedb78&udm=28&gl=DE&biw=1530&bih=786&sxsrf=APpeQntN4XhqKNEsErjt3fFrrmFpSunyXw%3A1785762428249&ei=fJJwarTcDvbiseMP5PTjWQ&oq=kitchen+fu&gs_lp=Ehlnd3Mtd2l6LW1vZGVsZXNzLXNob3BwaW5nIgpraXRjaGVuIGZ1KgIIADIKEAAYgAQYigUYQzIFEAAYgAQyBRAAGIAEMgUQABiABDIFEAAYgAQyBRAAGIAEMgUQABiABDIFEAAYgAQyBRAAGIAEMgUQABiABEi4lAFQ-QtYkIsBcAN4AZABAJgBfqABhgqqAQQwLjExuAEDyAEA-AEBmAIOoAKyCqgCCMICChAAGEcY1gQYsAPCAggQABiPARjqApgDAogGAZAGCJIHBDMuMTGgB-0wsgcEMC4xMbgHqQrCBwYwLjEzLjHIByCACAE&sclient=gws-wiz-modeless-shopping,180 cm kitchen unit High-gloss White & oak,,€499.95,Homestyle4u,16608915448999856572,11592888846414146305,5332125553566258339
https://www.google.com/search?q=kitchen+furniture&sca_esv=d64b47f615dedb78&udm=28&gl=DE&biw=1530&bih=786&sxsrf=APpeQntN4XhqKNEsErjt3fFrrmFpSunyXw%3A1785762428249&ei=fJJwarTcDvbiseMP5PTjWQ&oq=kitchen+fu&gs_lp=Ehlnd3Mtd2l6LW1vZGVsZXNzLXNob3BwaW5nIgpraXRjaGVuIGZ1KgIIADIKEAAYgAQYigUYQzIFEAAYgAQyBRAAGIAEMgUQABiABDIFEAAYgAQyBRAAGIAEMgUQABiABDIFEAAYgAQyBRAAGIAEMgUQABiABEi4lAFQ-QtYkIsBcAN4AZABAJgBfqABhgqqAQQwLjExuAEDyAEA-AEBmAIOoAKyCqgCCMICChAAGEcY1gQYsAPCAggQABiPARjqApgDAogGAZAGCJIHBDMuMTGgB-0wsgcEMC4xMbgHqQrCBwYwLjEzLjHIByCACAE&sclient=gws-wiz-modeless-shopping,Vasagle Dining tables Dining table 110 x 70 cm,,€59.99,Amazon.de,12734874070139040490,12592974705091590541,8047655313077631814
https://www.google.com/search?q=kitchen+furniture&sca_esv=d64b47f615dedb78&udm=28&gl=DE&biw=1530&bih=786&sxsrf=APpeQntN4XhqKNEsErjt3fFrrmFpSunyXw%3A1785762428249&ei=fJJwarTcDvbiseMP5PTjWQ&oq=kitchen+fu&gs_lp=Ehlnd3Mtd2l6LW1vZGVsZXNzLXNob3BwaW5nIgpraXRjaGVuIGZ1KgIIADIKEAAYgAQYigUYQzIFEAAYgAQyBRAAGIAEMgUQABiABDIFEAAYgAQyBRAAGIAEMgUQABiABDIFEAAYgAQyBRAAGIAEMgUQABiABEi4lAFQ-QtYkIsBcAN4AZABAJgBfqABhgqqAQQwLjExuAEDyAEA-AEBmAIOoAKyCqgCCMICChAAGEcY1gQYsAPCAggQABiPARjqApgDAogGAZAGCJIHBDMuMTGgB-0wsgcEMC4xMbgHqQrCBwYwLjEzLjHIByCACAE&sclient=gws-wiz-modeless-shopping,Küchen-Preisbombe Landhaus Küche Stilo 250 cm Küchenzeile Küchenblock Einbauküche erweiterbar,,€819.99,Kaufland.de - kuechen-preisbombe,14070682048179245700,9225740770605646203,1358399304742986597
https://www.google.com/search?q=kitchen+furniture&sca_esv=d64b47f615dedb78&udm=28&gl=DE&biw=1530&bih=786&sxsrf=APpeQntN4XhqKNEsErjt3fFrrmFpSunyXw%3A1785762428249&ei=fJJwarTcDvbiseMP5PTjWQ&oq=kitchen+fu&gs_lp=Ehlnd3Mtd2l6LW1vZGVsZXNzLXNob3BwaW5nIgpraXRjaGVuIGZ1KgIIADIKEAAYgAQYigUYQzIFEAAYgAQyBRAAGIAEMgUQABiABDIFEAAYgAQyBRAAGIAEMgUQABiABDIFEAAYgAQyBRAAGIAEMgUQABiABEi4lAFQ-QtYkIsBcAN4AZABAJgBfqABhgqqAQQwLjExuAEDyAEA-AEBmAIOoAKyCqgCCMICChAAGEcY1gQYsAPCAggQABiPARjqApgDAogGAZAGCJIHBDMuMTGgB-0wsgcEMC4xMbgHqQrCBwYwLjEzLjHIByCACAE&sclient=gws-wiz-modeless-shopping,"Hzuaneri Buffetschrank mit Steckdosen, Arbeitsplatten & LED-Beleuchtung, verstellbare Einlegeböden, Spanplatte weiß, 40 x 100 x 180 cm",,€143.99,CHECK24,7794568948906469943,,
https://www.google.com/search?q=kitchen+furniture&sca_esv=d64b47f615dedb78&udm=28&gl=DE&biw=1530&bih=786&sxsrf=APpeQntN4XhqKNEsErjt3fFrrmFpSunyXw%3A1785762428249&ei=fJJwarTcDvbiseMP5PTjWQ&oq=kitchen+fu&gs_lp=Ehlnd3Mtd2l6LW1vZGVsZXNzLXNob3BwaW5nIgpraXRjaGVuIGZ1KgIIADIKEAAYgAQYigUYQzIFEAAYgAQyBRAAGIAEMgUQABiABDIFEAAYgAQyBRAAGIAEMgUQABiABDIFEAAYgAQyBRAAGIAEMgUQABiABEi4lAFQ-QtYkIsBcAN4AZABAJgBfqABhgqqAQQwLjExuAEDyAEA-AEBmAIOoAKyCqgCCMICChAAGEcY1gQYsAPCAggQABiPARjqApgDAogGAZAGCJIHBDMuMTGgB-0wsgcEMC4xMbgHqQrCBwYwLjEzLjHIByCACAE&sclient=gws-wiz-modeless-shopping,nobilia Built-in kitchen L-kitchen Munich 430 cm in White complete,,"€3,039.00",top-shelf.de,13826101747790554101,14618868374968861027,8684282789121937259
https://www.google.com/search?q=kitchen+furniture&sca_esv=d64b47f615dedb78&udm=28&gl=DE&biw=1530&bih=786&sxsrf=APpeQntN4XhqKNEsErjt3fFrrmFpSunyXw%3A1785762428249&ei=fJJwarTcDvbiseMP5PTjWQ&oq=kitchen+fu&gs_lp=Ehlnd3Mtd2l6LW1vZGVsZXNzLXNob3BwaW5nIgpraXRjaGVuIGZ1KgIIADIKEAAYgAQYigUYQzIFEAAYgAQyBRAAGIAEMgUQABiABDIFEAAYgAQyBRAAGIAEMgUQABiABDIFEAAYgAQyBRAAGIAEMgUQABiABEi4lAFQ-QtYkIsBcAN4AZABAJgBfqABhgqqAQQwLjExuAEDyAEA-AEBmAIOoAKyCqgCCMICChAAGEcY1gQYsAPCAggQABiPARjqApgDAogGAZAGCJIHBDMuMTGgB-0wsgcEMC4xMbgHqQrCBwYwLjEzLjHIByCACAE&sclient=gws-wiz-modeless-shopping,Küche 240cm in Eiche von FIWODO ERWEITERBAR,,€369.00,Amazon.de - Amazon.de-Seller,6170705742354530977,18434341277852330597,6464293399410528180
https://www.google.com/search?q=kitchen+furniture&sca_esv=d64b47f615dedb78&udm=28&gl=DE&biw=1530&bih=786&sxsrf=APpeQntN4XhqKNEsErjt3fFrrmFpSunyXw%3A1785762428249&ei=fJJwarTcDvbiseMP5PTjWQ&oq=kitchen+fu&gs_lp=Ehlnd3Mtd2l6LW1vZGVsZXNzLXNob3BwaW5nIgpraXRjaGVuIGZ1KgIIADIKEAAYgAQYigUYQzIFEAAYgAQyBRAAGIAEMgUQABiABDIFEAAYgAQyBRAAGIAEMgUQABiABDIFEAAYgAQyBRAAGIAEMgUQABiABEi4lAFQ-QtYkIsBcAN4AZABAJgBfqABhgqqAQQwLjExuAEDyAEA-AEBmAIOoAKyCqgCCMICChAAGEcY1gQYsAPCAggQABiPARjqApgDAogGAZAGCJIHBDMuMTGgB-0wsgcEMC4xMbgHqQrCBwYwLjEzLjHIByCACAE&sclient=gws-wiz-modeless-shopping,IKEA METOD / MAXIMERA base cabinet with 3 drawers,https://encrypted-tbn2.gstatic.com/favicon-tbn?q=tbn%3AANd9GcQv9_UCKgzKGQOoY4vBM0PvsmOGkFxY0rMD6Lf7pdUFVUW1WAUkEQmVxqhpSqogTiy-gcvvcTou7MXsLkBFL9_YQ_8un5k,€266.00,IKEA Deutschland,10922204357827253227,1915616262174706529,2264442912460050400
https://www.google.com/search?q=kitchen+furniture&sca_esv=d64b47f615dedb78&udm=28&gl=DE&biw=1530&bih=786&sxsrf=APpeQntN4XhqKNEsErjt3fFrrmFpSunyXw%3A1785762428249&ei=fJJwarTcDvbiseMP5PTjWQ&oq=kitchen+fu&gs_lp=Ehlnd3Mtd2l6LW1vZGVsZXNzLXNob3BwaW5nIgpraXRjaGVuIGZ1KgIIADIKEAAYgAQYigUYQzIFEAAYgAQyBRAAGIAEMgUQABiABDIFEAAYgAQyBRAAGIAEMgUQABiABDIFEAAYgAQyBRAAGIAEMgUQABiABEi4lAFQ-QtYkIsBcAN4AZABAJgBfqABhgqqAQQwLjExuAEDyAEA-AEBmAIOoAKyCqgCCMICChAAGEcY1gQYsAPCAggQABiPARjqApgDAogGAZAGCJIHBDMuMTGgB-0wsgcEMC4xMbgHqQrCBwYwLjEzLjHIByCACAE&sclient=gws-wiz-modeless-shopping,vidaXL 5 Piece Dining Set Solid Rubber Wood White,https://encrypted-tbn2.gstatic.com/favicon-tbn?q=tbn%3AANd9GcR2CbfY5nGwtQafMgJX9sjeBk4VgaPHC0cQshFYGNnxLKKuzkdNIqhL1EKDIlevCSY8moIMo-MOsHS4EN_5aExgwG8hrWJ2,€493.99,vidaXL.de,16593796096072630575,7866487271746022418,5532585546209022169
https://www.google.com/search?q=kitchen+furniture&sca_esv=d64b47f615dedb78&udm=28&gl=DE&biw=1530&bih=786&sxsrf=APpeQntN4XhqKNEsErjt3fFrrmFpSunyXw%3A1785762428249&ei=fJJwarTcDvbiseMP5PTjWQ&oq=kitchen+fu&gs_lp=Ehlnd3Mtd2l6LW1vZGVsZXNzLXNob3BwaW5nIgpraXRjaGVuIGZ1KgIIADIKEAAYgAQYigUYQzIFEAAYgAQyBRAAGIAEMgUQABiABDIFEAAYgAQyBRAAGIAEMgUQABiABDIFEAAYgAQyBRAAGIAEMgUQABiABEi4lAFQ-QtYkIsBcAN4AZABAJgBfqABhgqqAQQwLjExuAEDyAEA-AEBmAIOoAKyCqgCCMICChAAGEcY1gQYsAPCAggQABiPARjqApgDAogGAZAGCJIHBDMuMTGgB-0wsgcEMC4xMbgHqQrCBwYwLjEzLjHIByCACAE&sclient=gws-wiz-modeless-shopping,Gallery Direct Upholstered Chairs Hatfield Set of 2,https://encrypted-tbn2.gstatic.com/favicon-tbn?q=tbn%3AANd9GcTV_gfMmw6cV4fBxBcAsGAOLeRmClAxwWshjJDx_k7-YRtz7-69Ymj_4IvCgaymPrSlfM9m1W6VGXwNxLLcceueFCi_yWGLxRo,€429.00,westwing.de,13026858976832492296,188779866106344866,14785852102122531409
https://www.google.com/search?q=kitchen+furniture&sca_esv=d64b47f615dedb78&udm=28&gl=DE&biw=1530&bih=786&sxsrf=APpeQntN4XhqKNEsErjt3fFrrmFpSunyXw%3A1785762428249&ei=fJJwarTcDvbiseMP5PTjWQ&oq=kitchen+fu&gs_lp=Ehlnd3Mtd2l6LW1vZGVsZXNzLXNob3BwaW5nIgpraXRjaGVuIGZ1KgIIADIKEAAYgAQYigUYQzIFEAAYgAQyBRAAGIAEMgUQABiABDIFEAAYgAQyBRAAGIAEMgUQABiABDIFEAAYgAQyBRAAGIAEMgUQABiABEi4lAFQ-QtYkIsBcAN4AZABAJgBfqABhgqqAQQwLjExuAEDyAEA-AEBmAIOoAKyCqgCCMICChAAGEcY1gQYsAPCAggQABiPARjqApgDAogGAZAGCJIHBDMuMTGgB-0wsgcEMC4xMbgHqQrCBwYwLjEzLjHIByCACAE&sclient=gws-wiz-modeless-shopping,1830mm Japandi Kitchen lsland Grey Counter Stools Set Wooden Storage Cabinet,https://encrypted-tbn1.gstatic.com/favicon-tbn?q=tbn%3AANd9GcRJ8m1sS8ZVcARUOjdPd1AWUnOkeswb_KPXGvpM1IGkjL1j067ZBpS0F1-qt-_t8AwlFgcmBo5y2S50-f3mzTjhGcETh8REHg,"€1,223.99",Homary.com,3110107927874957751,9537541177591367475,5251333616685212486
https://www.google.com/search?q=kitchen+furniture&sca_esv=d64b47f615dedb78&udm=28&gl=DE&biw=1530&bih=786&sxsrf=APpeQntN4XhqKNEsErjt3fFrrmFpSunyXw%3A1785762428249&ei=fJJwarTcDvbiseMP5PTjWQ&oq=kitchen+fu&gs_lp=Ehlnd3Mtd2l6LW1vZGVsZXNzLXNob3BwaW5nIgpraXRjaGVuIGZ1KgIIADIKEAAYgAQYigUYQzIFEAAYgAQyBRAAGIAEMgUQABiABDIFEAAYgAQyBRAAGIAEMgUQABiABDIFEAAYgAQyBRAAGIAEMgUQABiABEi4lAFQ-QtYkIsBcAN4AZABAJgBfqABhgqqAQQwLjExuAEDyAEA-AEBmAIOoAKyCqgCCMICChAAGEcY1gQYsAPCAggQABiPARjqApgDAogGAZAGCJIHBDMuMTGgB-0wsgcEMC4xMbgHqQrCBwYwLjEzLjHIByCACAE&sclient=gws-wiz-modeless-shopping,VASAGLE Floor Cabinet Freestanding Cabinet with 1 Drawer and Shelf Kitchen Storage Cabinet Louvered,https://encrypted-tbn2.gstatic.com/favicon-tbn?q=tbn%3AANd9GcQBTB637tKfE3bu_nob360ZUQkQniNHpbWBbbbKzFQvCpc4BYgwYPgwJ0DU8lUAzKjepencjIBh3ahJnnftuj97r7uUDvFIU154hPg,€51.99,büroshop24,3628802562791788975,10254202329179342251,456755419722182629
https://www.google.com/search?q=kitchen+furniture&sca_esv=d64b47f615dedb78&udm=28&gl=DE&biw=1530&bih=786&sxsrf=APpeQntN4XhqKNEsErjt3fFrrmFpSunyXw%3A1785762428249&ei=fJJwarTcDvbiseMP5PTjWQ&oq=kitchen+fu&gs_lp=Ehlnd3Mtd2l6LW1vZGVsZXNzLXNob3BwaW5nIgpraXRjaGVuIGZ1KgIIADIKEAAYgAQYigUYQzIFEAAYgAQyBRAAGIAEMgUQABiABDIFEAAYgAQyBRAAGIAEMgUQABiABDIFEAAYgAQyBRAAGIAEMgUQABiABEi4lAFQ-QtYkIsBcAN4AZABAJgBfqABhgqqAQQwLjExuAEDyAEA-AEBmAIOoAKyCqgCCMICChAAGEcY1gQYsAPCAggQABiPARjqApgDAogGAZAGCJIHBDMuMTGgB-0wsgcEMC4xMbgHqQrCBwYwLjEzLjHIByCACAE&sclient=gws-wiz-modeless-shopping,Modern Rectangle Solid Pine Dining Table with Rounded Edges,https://encrypted-tbn2.gstatic.com/shopping?q=tbn:ANd9GcRBpKV__Pzcvyx-lJr876tZu4uxvYLFl1aa8inn-ck_VLCYf2v8evrGHQhIvlMJgfVwcDU-dFFeMUPSvYcNHEoMWiDVRF7hlbFyFi53D-g,€167.95,Furnirem,13469367736302723245,2688654812401905745,1820042703681857362
https://www.google.com/search?q=kitchen+furniture&sca_esv=d64b47f615dedb78&udm=28&gl=DE&biw=1530&bih=786&sxsrf=APpeQntN4XhqKNEsErjt3fFrrmFpSunyXw%3A1785762428249&ei=fJJwarTcDvbiseMP5PTjWQ&oq=kitchen+fu&gs_lp=Ehlnd3Mtd2l6LW1vZGVsZXNzLXNob3BwaW5nIgpraXRjaGVuIGZ1KgIIADIKEAAYgAQYigUYQzIFEAAYgAQyBRAAGIAEMgUQABiABDIFEAAYgAQyBRAAGIAEMgUQABiABDIFEAAYgAQyBRAAGIAEMgUQABiABEi4lAFQ-QtYkIsBcAN4AZABAJgBfqABhgqqAQQwLjExuAEDyAEA-AEBmAIOoAKyCqgCCMICChAAGEcY1gQYsAPCAggQABiPARjqApgDAogGAZAGCJIHBDMuMTGgB-0wsgcEMC4xMbgHqQrCBwYwLjEzLjHIByCACAE&sclient=gws-wiz-modeless-shopping,Küchenzeile BASIC BY BALCULINA Jazz,https://encrypted-tbn0.gstatic.com/shopping?q=tbn:ANd9GcRB2C8btyK4hkeb4iXt5FkK3iFioD0AbhCmWKmWsRzHWwlCTa0z5OAP490t9_60X3NQCbO3SOsnaUEqGhjLwgTO9L3y9TNT4oxKl7jSROTfHsZulMVvzgyUPQ,€478.95,Amazon.de,1498994906954707006,9146026933710963763,15840249088641634927
https://www.google.com/search?q=kitchen+furniture&sca_esv=d64b47f615dedb78&udm=28&gl=DE&biw=1530&bih=786&sxsrf=APpeQntN4XhqKNEsErjt3fFrrmFpSunyXw%3A1785762428249&ei=fJJwarTcDvbiseMP5PTjWQ&oq=kitchen+fu&gs_lp=Ehlnd3Mtd2l6LW1vZGVsZXNzLXNob3BwaW5nIgpraXRjaGVuIGZ1KgIIADIKEAAYgAQYigUYQzIFEAAYgAQyBRAAGIAEMgUQABiABDIFEAAYgAQyBRAAGIAEMgUQABiABDIFEAAYgAQyBRAAGIAEMgUQABiABEi4lAFQ-QtYkIsBcAN4AZABAJgBfqABhgqqAQQwLjExuAEDyAEA-AEBmAIOoAKyCqgCCMICChAAGEcY1gQYsAPCAggQABiPARjqApgDAogGAZAGCJIHBDMuMTGgB-0wsgcEMC4xMbgHqQrCBwYwLjEzLjHIByCACAE&sclient=gws-wiz-modeless-shopping,IKEA FÖRHÖJA kitchen trolley,https://encrypted-tbn2.gstatic.com/shopping?q=tbn:ANd9GcRqr_N9G2HJtUxKWfFLg4NxDdIZVqd8KTaHrN_l9L5KtKGiXb6XTIc9RNCtby94c-5JpV8CcSPinrQoXLzkIw-ncGO2Ck07jrjZ9Xcl_BtqQWpxFgxKSfBfdA,€119.00,IKEA Deutschland,1037914115235804968,3554327525546897511,8049143678844359142
https://www.google.com/search?q=kitchen+furniture&sca_esv=d64b47f615dedb78&udm=28&gl=DE&biw=1530&bih=786&sxsrf=APpeQntN4XhqKNEsErjt3fFrrmFpSunyXw%3A1785762428249&ei=fJJwarTcDvbiseMP5PTjWQ&oq=kitchen+fu&gs_lp=Ehlnd3Mtd2l6LW1vZGVsZXNzLXNob3BwaW5nIgpraXRjaGVuIGZ1KgIIADIKEAAYgAQYigUYQzIFEAAYgAQyBRAAGIAEMgUQABiABDIFEAAYgAQyBRAAGIAEMgUQABiABDIFEAAYgAQyBRAAGIAEMgUQABiABEi4lAFQ-QtYkIsBcAN4AZABAJgBfqABhgqqAQQwLjExuAEDyAEA-AEBmAIOoAKyCqgCCMICChAAGEcY1gQYsAPCAggQABiPARjqApgDAogGAZAGCJIHBDMuMTGgB-0wsgcEMC4xMbgHqQrCBwYwLjEzLjHIByCACAE&sclient=gws-wiz-modeless-shopping,Küche Bianca Basic II 240 Küchenzeile Glanz,https://encrypted-tbn2.gstatic.com/shopping?q=tbn:ANd9GcT4g32xWFNMB_U63TYWuCe-NS0U731qjvqmv72nGs9ll1Fx_Ef28vgX976kacayBStJJW9Xb1pblpfljCfuxyu8NOlHqoM6XnqmaCDq2Zc,€719.99,OTTO,11447545563520680146,1901684395058474881,16603350769373106417
https://www.google.com/search?q=kitchen+furniture&sca_esv=d64b47f615dedb78&udm=28&gl=DE&biw=1530&bih=786&sxsrf=APpeQntN4XhqKNEsErjt3fFrrmFpSunyXw%3A1785762428249&ei=fJJwarTcDvbiseMP5PTjWQ&oq=kitchen+fu&gs_lp=Ehlnd3Mtd2l6LW1vZGVsZXNzLXNob3BwaW5nIgpraXRjaGVuIGZ1KgIIADIKEAAYgAQYigUYQzIFEAAYgAQyBRAAGIAEMgUQABiABDIFEAAYgAQyBRAAGIAEMgUQABiABDIFEAAYgAQyBRAAGIAEMgUQABiABEi4lAFQ-QtYkIsBcAN4AZABAJgBfqABhgqqAQQwLjExuAEDyAEA-AEBmAIOoAKyCqgCCMICChAAGEcY1gQYsAPCAggQABiPARjqApgDAogGAZAGCJIHBDMuMTGgB-0wsgcEMC4xMbgHqQrCBwYwLjEzLjHIByCACAE&sclient=gws-wiz-modeless-shopping,Vicco Küchenunterschrank R-Line,https://encrypted-tbn1.gstatic.com/shopping?q=tbn:ANd9GcQ4McB_7Xj-2l0EYFvSTbEhnkNK-z3L07ZdP48zEPDMtWBAQ1cQn7fv_guCHVnP1mCuWrE10giguzsbacYdyY0FbvGwyDmAoQEmbRwiUVucQIORsy7eagh9,€145.90,Livinity,15363013424057928070,18323091095760009989,190738092897020740
https://www.google.com/search?q=kitchen+furniture&sca_esv=d64b47f615dedb78&udm=28&gl=DE&biw=1530&bih=786&sxsrf=APpeQntN4XhqKNEsErjt3fFrrmFpSunyXw%3A1785762428249&ei=fJJwarTcDvbiseMP5PTjWQ&oq=kitchen+fu&gs_lp=Ehlnd3Mtd2l6LW1vZGVsZXNzLXNob3BwaW5nIgpraXRjaGVuIGZ1KgIIADIKEAAYgAQYigUYQzIFEAAYgAQyBRAAGIAEMgUQABiABDIFEAAYgAQyBRAAGIAEMgUQABiABDIFEAAYgAQyBRAAGIAEMgUQABiABEi4lAFQ-QtYkIsBcAN4AZABAJgBfqABhgqqAQQwLjExuAEDyAEA-AEBmAIOoAKyCqgCCMICChAAGEcY1gQYsAPCAggQABiPARjqApgDAogGAZAGCJIHBDMuMTGgB-0wsgcEMC4xMbgHqQrCBwYwLjEzLjHIByCACAE&sclient=gws-wiz-modeless-shopping,Solid Wood Sideboard Modern Simple Tea Cabinet Kitchen Cupboard Storage Cabinet Large Capacity Storage Cabinet,https://encrypted-tbn2.gstatic.com/shopping?q=tbn:ANd9GcRGcB3WrIQsiJ8IJEmGhcd99XvhmV1GgPBR1LKTKnBXgXV76cDVytVHsqad5djZo2MRs_3kcUtqe_8Rp4kuACjSdLEA4Vo9nMbuWIdHQo9onTEhIEaf7BCUPw,"€2,335.70",GVAwood,14765683325314311160,6222747355253467347,1058945028104963504
https://www.google.com/search?q=kitchen+furniture&sca_esv=d64b47f615dedb78&udm=28&gl=DE&biw=1530&bih=786&sxsrf=APpeQntN4XhqKNEsErjt3fFrrmFpSunyXw%3A1785762428249&ei=fJJwarTcDvbiseMP5PTjWQ&oq=kitchen+fu&gs_lp=Ehlnd3Mtd2l6LW1vZGVsZXNzLXNob3BwaW5nIgpraXRjaGVuIGZ1KgIIADIKEAAYgAQYigUYQzIFEAAYgAQyBRAAGIAEMgUQABiABDIFEAAYgAQyBRAAGIAEMgUQABiABDIFEAAYgAQyBRAAGIAEMgUQABiABEi4lAFQ-QtYkIsBcAN4AZABAJgBfqABhgqqAQQwLjExuAEDyAEA-AEBmAIOoAKyCqgCCMICChAAGEcY1gQYsAPCAggQABiPARjqApgDAogGAZAGCJIHBDMuMTGgB-0wsgcEMC4xMbgHqQrCBwYwLjEzLjHIByCACAE&sclient=gws-wiz-modeless-shopping,205cm–284cm Extendable Natural & White Kitchen Island with Doors & Drawers,https://encrypted-tbn2.gstatic.com/shopping?q=tbn:ANd9GcSg_RtvAaGPzxHQV_Atvl4QhreZWx9y06gmIQdJeR0k3KjF7KHBt2qfzW6G44U-hDWKqwOVkt4qsYxL3jruLQbb07F1xkxkTfkSpHRPpmzJ,"€1,199.99",Homary.com,9015753012734605549,13189715439536152230,14336566386306042776
https://www.google.com/search?q=kitchen+furniture&sca_esv=d64b47f615dedb78&udm=28&gl=DE&biw=1530&bih=786&sxsrf=APpeQntN4XhqKNEsErjt3fFrrmFpSunyXw%3A1785762428249&ei=fJJwarTcDvbiseMP5PTjWQ&oq=kitchen+fu&gs_lp=Ehlnd3Mtd2l6LW1vZGVsZXNzLXNob3BwaW5nIgpraXRjaGVuIGZ1KgIIADIKEAAYgAQYigUYQzIFEAAYgAQyBRAAGIAEMgUQABiABDIFEAAYgAQyBRAAGIAEMgUQABiABDIFEAAYgAQyBRAAGIAEMgUQABiABEi4lAFQ-QtYkIsBcAN4AZABAJgBfqABhgqqAQQwLjExuAEDyAEA-AEBmAIOoAKyCqgCCMICChAAGEcY1gQYsAPCAggQABiPARjqApgDAogGAZAGCJIHBDMuMTGgB-0wsgcEMC4xMbgHqQrCBwYwLjEzLjHIByCACAE&sclient=gws-wiz-modeless-shopping,LuxusKollektion Esszimmerstuhl Esszimmerstuhl drehbar 360 Armlehne Samt Metallbeine 6er Dunkelgrau,https://encrypted-tbn3.gstatic.com/shopping?q=tbn:ANd9GcRhhYxnIf9obXxTOpUWw39vmZAsuogp6OxiQqDAkopzh16qr1hAc7PPON8bETsbCNcL0RX9dNAZPJyBRVuPSwvuKkUL3UD9ssq-829krVeYDRDCXwFahFsP,€280.25,Amazon.de - Amazon.de-Seller,16750074348730188853,811058174139551330,1359907868151892853
https://www.google.com/search?q=kitchen+furniture&sca_esv=d64b47f615dedb78&udm=28&gl=DE&biw=1530&bih=786&sxsrf=APpeQntN4XhqKNEsErjt3fFrrmFpSunyXw%3A1785762428249&ei=fJJwarTcDvbiseMP5PTjWQ&oq=kitchen+fu&gs_lp=Ehlnd3Mtd2l6LW1vZGVsZXNzLXNob3BwaW5nIgpraXRjaGVuIGZ1KgIIADIKEAAYgAQYigUYQzIFEAAYgAQyBRAAGIAEMgUQABiABDIFEAAYgAQyBRAAGIAEMgUQABiABDIFEAAYgAQyBRAAGIAEMgUQABiABEi4lAFQ-QtYkIsBcAN4AZABAJgBfqABhgqqAQQwLjExuAEDyAEA-AEBmAIOoAKyCqgCCMICChAAGEcY1gQYsAPCAggQABiPARjqApgDAogGAZAGCJIHBDMuMTGgB-0wsgcEMC4xMbgHqQrCBwYwLjEzLjHIByCACAE&sclient=gws-wiz-modeless-shopping,IKEA METOD base cabinet with shelves,https://encrypted-tbn1.gstatic.com/shopping?q=tbn:ANd9GcQHCEVVB5OYyN4PDrz6k0FPwJPAm5lWAFkdgEAyTV4rTnttAIoDg_naF5aRK8fKFjU9ObqTqn0j6Oj1zgTgFyG65fEQm7RD-RkGiNDuo-wyOcRV89P3LJ5yag,€131.00,IKEA Deutschland,5630056012231914834,17593229305673036575,15439170584702296840
https://www.google.com/search?q=kitchen+furniture&sca_esv=d64b47f615dedb78&udm=28&gl=DE&biw=1530&bih=786&sxsrf=APpeQntN4XhqKNEsErjt3fFrrmFpSunyXw%3A1785762428249&ei=fJJwarTcDvbiseMP5PTjWQ&oq=kitchen+fu&gs_lp=Ehlnd3Mtd2l6LW1vZGVsZXNzLXNob3BwaW5nIgpraXRjaGVuIGZ1KgIIADIKEAAYgAQYigUYQzIFEAAYgAQyBRAAGIAEMgUQABiABDIFEAAYgAQyBRAAGIAEMgUQABiABDIFEAAYgAQyBRAAGIAEMgUQABiABEi4lAFQ-QtYkIsBcAN4AZABAJgBfqABhgqqAQQwLjExuAEDyAEA-AEBmAIOoAKyCqgCCMICChAAGEcY1gQYsAPCAggQABiPARjqApgDAogGAZAGCJIHBDMuMTGgB-0wsgcEMC4xMbgHqQrCBwYwLjEzLjHIByCACAE&sclient=gws-wiz-modeless-shopping,Linear kitchen 185+125x65xh85 cm + Sideboard / Showcase + INDUSTRIAL / COUNTRY style table in solid wood with preparation for household appliances,https://encrypted-tbn1.gstatic.com/shopping?q=tbn:ANd9GcT36SlKYuAfnytGsBcKlfmFdnE-dHCreFm_O9NtlrS9BxR498lGKN4hziisMIycny9M2qiiLjFRcCLLBlvzyNVJgYz4ZrzLZC0IYaCgYEmQ,"€8,590.00",il baule di nonna elvira,13033764281402401441,18171212283735614373,2405448351204011513
https://www.google.com/search?q=kitchen+furniture&sca_esv=d64b47f615dedb78&udm=28&gl=DE&biw=1530&bih=786&sxsrf=APpeQntN4XhqKNEsErjt3fFrrmFpSunyXw%3A1785762428249&ei=fJJwarTcDvbiseMP5PTjWQ&oq=kitchen+fu&gs_lp=Ehlnd3Mtd2l6LW1vZGVsZXNzLXNob3BwaW5nIgpraXRjaGVuIGZ1KgIIADIKEAAYgAQYigUYQzIFEAAYgAQyBRAAGIAEMgUQABiABDIFEAAYgAQyBRAAGIAEMgUQABiABDIFEAAYgAQyBRAAGIAEMgUQABiABEi4lAFQ-QtYkIsBcAN4AZABAJgBfqABhgqqAQQwLjExuAEDyAEA-AEBmAIOoAKyCqgCCMICChAAGEcY1gQYsAPCAggQABiPARjqApgDAogGAZAGCJIHBDMuMTGgB-0wsgcEMC4xMbgHqQrCBwYwLjEzLjHIByCACAE&sclient=gws-wiz-modeless-shopping,HAY J104 Chair,https://encrypted-tbn0.gstatic.com/shopping?q=tbn:ANd9GcShg-MNAreXelr5OjneTjT4c2h-U3em4gvXVjc1CozFetQ6xQCKHOZOrIRnS_Bsy9QAvWSGoea9WILSBxW9jVlpsiNOoYIARUuAjcx548dg7CQuoVm4EvHAEg,€221.00,Coolshop.de,14132259378635275125,12209669731619328367,13711798929517451611
https://www.google.com/search?q=kitchen+furniture&sca_esv=d64b47f615dedb78&udm=28&gl=DE&biw=1530&bih=786&sxsrf=APpeQntN4XhqKNEsErjt3fFrrmFpSunyXw%3A1785762428249&ei=fJJwarTcDvbiseMP5PTjWQ&oq=kitchen+fu&gs_lp=Ehlnd3Mtd2l6LW1vZGVsZXNzLXNob3BwaW5nIgpraXRjaGVuIGZ1KgIIADIKEAAYgAQYigUYQzIFEAAYgAQyBRAAGIAEMgUQABiABDIFEAAYgAQyBRAAGIAEMgUQABiABDIFEAAYgAQyBRAAGIAEMgUQABiABEi4lAFQ-QtYkIsBcAN4AZABAJgBfqABhgqqAQQwLjExuAEDyAEA-AEBmAIOoAKyCqgCCMICChAAGEcY1gQYsAPCAggQABiPARjqApgDAogGAZAGCJIHBDMuMTGgB-0wsgcEMC4xMbgHqQrCBwYwLjEzLjHIByCACAE&sclient=gws-wiz-modeless-shopping,Kitchen Island Velvet Swivel Bar Stools,https://encrypted-tbn3.gstatic.com/shopping?q=tbn:ANd9GcRxSjpiGweBlWqmQ2NEs1I1RJaKV4tLiK1SdiOpceE26VmTZZYimCrFIULO79qK5-EfNaNtmSBbyseNwEAcIcC_55z4MYF505eTTNKJE1PO,"€1,333.99",Homary.com,11088619175453206100,1521639450840577261,1300653576313735653
https://www.google.com/search?q=kitchen+furniture&sca_esv=d64b47f615dedb78&udm=28&gl=DE&biw=1530&bih=786&sxsrf=APpeQntN4XhqKNEsErjt3fFrrmFpSunyXw%3A1785762428249&ei=fJJwarTcDvbiseMP5PTjWQ&oq=kitchen+fu&gs_lp=Ehlnd3Mtd2l6LW1vZGVsZXNzLXNob3BwaW5nIgpraXRjaGVuIGZ1KgIIADIKEAAYgAQYigUYQzIFEAAYgAQyBRAAGIAEMgUQABiABDIFEAAYgAQyBRAAGIAEMgUQABiABDIFEAAYgAQyBRAAGIAEMgUQABiABEi4lAFQ-QtYkIsBcAN4AZABAJgBfqABhgqqAQQwLjExuAEDyAEA-AEBmAIOoAKyCqgCCMICChAAGEcY1gQYsAPCAggQABiPARjqApgDAogGAZAGCJIHBDMuMTGgB-0wsgcEMC4xMbgHqQrCBwYwLjEzLjHIByCACAE&sclient=gws-wiz-modeless-shopping,Square baroque bar table painted glossy Black wood with Black top,https://encrypted-tbn0.gstatic.com/shopping?q=tbn:ANd9GcSJrZMkS1UbijvGNIGItTLot0iLPUu4exw3INKBQBCbemvDuI3V1NS29B0hE5pbYgxIjH_Ts96VOuM7JJU_-4cy0S-DFDujdNY32ACJbQPLPvx69CmZrFyIoQ,€429.00,Royal Art Palace,9804993170124609513,13691545811453045993,2727132043192568200
https://www.google.com/search?q=kitchen+furniture&sca_esv=d64b47f615dedb78&udm=28&gl=DE&biw=1530&bih=786&sxsrf=APpeQntN4XhqKNEsErjt3fFrrmFpSunyXw%3A1785762428249&ei=fJJwarTcDvbiseMP5PTjWQ&oq=kitchen+fu&gs_lp=Ehlnd3Mtd2l6LW1vZGVsZXNzLXNob3BwaW5nIgpraXRjaGVuIGZ1KgIIADIKEAAYgAQYigUYQzIFEAAYgAQyBRAAGIAEMgUQABiABDIFEAAYgAQyBRAAGIAEMgUQABiABDIFEAAYgAQyBRAAGIAEMgUQABiABEi4lAFQ-QtYkIsBcAN4AZABAJgBfqABhgqqAQQwLjExuAEDyAEA-AEBmAIOoAKyCqgCCMICChAAGEcY1gQYsAPCAggQABiPARjqApgDAogGAZAGCJIHBDMuMTGgB-0wsgcEMC4xMbgHqQrCBwYwLjEzLjHIByCACAE&sclient=gws-wiz-modeless-shopping,Reclaimed Wood Dining Table Bench Set INDUSTRIAL Table +,https://encrypted-tbn0.gstatic.com/shopping?q=tbn:ANd9GcQ_BM0GXAjTA-dB7fcrG8Ge4OvAYaDyrByKH_qQb1CwWOSnOvDsVTk_K45ztPTXm_nUatyPlI_hS7pZAK1sXJnRbHSs-BwMmYWCwDaEwVsn,"€1,315.95",7MAGOKfurniture,18157011115472261292,15963045977504541793,1249425613244667092
https://www.google.com/search?q=kitchen+furniture&sca_esv=d64b47f615dedb78&udm=28&gl=DE&biw=1530&bih=786&sxsrf=APpeQntN4XhqKNEsErjt3fFrrmFpSunyXw%3A1785762428249&ei=fJJwarTcDvbiseMP5PTjWQ&oq=kitchen+fu&gs_lp=Ehlnd3Mtd2l6LW1vZGVsZXNzLXNob3BwaW5nIgpraXRjaGVuIGZ1KgIIADIKEAAYgAQYigUYQzIFEAAYgAQyBRAAGIAEMgUQABiABDIFEAAYgAQyBRAAGIAEMgUQABiABDIFEAAYgAQyBRAAGIAEMgUQABiABEi4lAFQ-QtYkIsBcAN4AZABAJgBfqABhgqqAQQwLjExuAEDyAEA-AEBmAIOoAKyCqgCCMICChAAGEcY1gQYsAPCAggQABiPARjqApgDAogGAZAGCJIHBDMuMTGgB-0wsgcEMC4xMbgHqQrCBwYwLjEzLjHIByCACAE&sclient=gws-wiz-modeless-shopping,nobilia Highboard HDI60 60 cm Sylt | 706,https://encrypted-tbn3.gstatic.com/shopping?q=tbn:ANd9GcSOdUYKnqNfudt3mScJqZXYZMcosrpLP-TOdGnFZjkXKebeFFaSvmEiF69HrVbbtdSjjr2fUvxaCwYdHUkGqBwCrTuRBz_zXZKgmUTQ2gjqb40adaYqmA39,"€1,327.00",top-shelf.de,9330828214815501550,,
https://www.google.com/search?q=kitchen+furniture&sca_esv=d64b47f615dedb78&udm=28&gl=DE&biw=1530&bih=786&sxsrf=APpeQntN4XhqKNEsErjt3fFrrmFpSunyXw%3A1785762428249&ei=fJJwarTcDvbiseMP5PTjWQ&oq=kitchen+fu&gs_lp=Ehlnd3Mtd2l6LW1vZGVsZXNzLXNob3BwaW5nIgpraXRjaGVuIGZ1KgIIADIKEAAYgAQYigUYQzIFEAAYgAQyBRAAGIAEMgUQABiABDIFEAAYgAQyBRAAGIAEMgUQABiABDIFEAAYgAQyBRAAGIAEMgUQABiABEi4lAFQ-QtYkIsBcAN4AZABAJgBfqABhgqqAQQwLjExuAEDyAEA-AEBmAIOoAKyCqgCCMICChAAGEcY1gQYsAPCAggQABiPARjqApgDAogGAZAGCJIHBDMuMTGgB-0wsgcEMC4xMbgHqQrCBwYwLjEzLjHIByCACAE&sclient=gws-wiz-modeless-shopping,ML-Design Esszimmerstühle Textil,https://encrypted-tbn0.gstatic.com/shopping?q=tbn:ANd9GcSmH0Nm_I2HwMUlkmo5YUw8Cd4X6ex1nwjancoGEl8D5OC6fRfVLBkQeRpCO4myIU2Nn0_-hTLmEct98bdEKaIBqSWUpkp3s-Pmw1glcP7_Wf-QqwozH7eKfQ,€283.99,OTTO,15252588917744642228,17818861468741754285,12613166850132085003
https://www.google.com/search?q=kitchen+furniture&sca_esv=d64b47f615dedb78&udm=28&gl=DE&biw=1530&bih=786&sxsrf=APpeQntN4XhqKNEsErjt3fFrrmFpSunyXw%3A1785762428249&ei=fJJwarTcDvbiseMP5PTjWQ&oq=kitchen+fu&gs_lp=Ehlnd3Mtd2l6LW1vZGVsZXNzLXNob3BwaW5nIgpraXRjaGVuIGZ1KgIIADIKEAAYgAQYigUYQzIFEAAYgAQyBRAAGIAEMgUQABiABDIFEAAYgAQyBRAAGIAEMgUQABiABDIFEAAYgAQyBRAAGIAEMgUQABiABEi4lAFQ-QtYkIsBcAN4AZABAJgBfqABhgqqAQQwLjExuAEDyAEA-AEBmAIOoAKyCqgCCMICChAAGEcY1gQYsAPCAggQABiPARjqApgDAogGAZAGCJIHBDMuMTGgB-0wsgcEMC4xMbgHqQrCBwYwLjEzLjHIByCACAE&sclient=gws-wiz-modeless-shopping,Kitchen Islands Storage Modern Kitchen Cabinet,https://encrypted-tbn3.gstatic.com/shopping?q=tbn:ANd9GcSzooWaC8UJ0OGuMNXBIpidbAMkOuuEevwqYMC5B2pdjYwnyc_JdSMAg0cBThe2maNFdRJmbfyfmRpN8LTPlzmTawa7ycvjVceymh_19BEn,€999.99,Homary.com,1169889595962154042,2643383123006115726,5745544397998278954
https://www.google.com/search?q=kitchen+furniture&sca_esv=d64b47f615dedb78&udm=28&gl=DE&biw=1530&bih=786&sxsrf=APpeQntN4XhqKNEsErjt3fFrrmFpSunyXw%3A1785762428249&ei=fJJwarTcDvbiseMP5PTjWQ&oq=kitchen+fu&gs_lp=Ehlnd3Mtd2l6LW1vZGVsZXNzLXNob3BwaW5nIgpraXRjaGVuIGZ1KgIIADIKEAAYgAQYigUYQzIFEAAYgAQyBRAAGIAEMgUQABiABDIFEAAYgAQyBRAAGIAEMgUQABiABDIFEAAYgAQyBRAAGIAEMgUQABiABEi4lAFQ-QtYkIsBcAN4AZABAJgBfqABhgqqAQQwLjExuAEDyAEA-AEBmAIOoAKyCqgCCMICChAAGEcY1gQYsAPCAggQABiPARjqApgDAogGAZAGCJIHBDMuMTGgB-0wsgcEMC4xMbgHqQrCBwYwLjEzLjHIByCACAE&sclient=gws-wiz-modeless-shopping,Moderne Komplette Edelstahl-Küchenschränke,https://encrypted-tbn2.gstatic.com/shopping?q=tbn:ANd9GcQkYwGq6ZlvTsVu4WpnsWjkInkVaRq38kRc1DInREHJg-ysAUYvJNMaYBg125cTyBJzUIKSfot0qTXXCwtcWuN2gbdPUflNZziWOvZvhWc,€459.39,AliExpress - AliExpress-6004356295,5496748641232534838,5062444665789491589,13300847522783524235
https://www.google.com/search?q=kitchen+furniture&sca_esv=d64b47f615dedb78&udm=28&gl=DE&biw=1530&bih=786&sxsrf=APpeQntN4XhqKNEsErjt3fFrrmFpSunyXw%3A1785762428249&ei=fJJwarTcDvbiseMP5PTjWQ&oq=kitchen+fu&gs_lp=Ehlnd3Mtd2l6LW1vZGVsZXNzLXNob3BwaW5nIgpraXRjaGVuIGZ1KgIIADIKEAAYgAQYigUYQzIFEAAYgAQyBRAAGIAEMgUQABiABDIFEAAYgAQyBRAAGIAEMgUQABiABDIFEAAYgAQyBRAAGIAEMgUQABiABEi4lAFQ-QtYkIsBcAN4AZABAJgBfqABhgqqAQQwLjExuAEDyAEA-AEBmAIOoAKyCqgCCMICChAAGEcY1gQYsAPCAggQABiPARjqApgDAogGAZAGCJIHBDMuMTGgB-0wsgcEMC4xMbgHqQrCBwYwLjEzLjHIByCACAE&sclient=gws-wiz-modeless-shopping,Vicco Küchenunterschrank R-Line Weiß Landhaus/Anthrazit 80 cm AP Eiche mit Anthrazit Korpus,https://encrypted-tbn3.gstatic.com/shopping?q=tbn:ANd9GcRNVv8XreoYqxTCwFJ0BgaX_-vzg1IC30wXaeV9AZTrqUOpG_VdBwrmasbespMSEohSAXytPNDi6KrMI8YfwfRkfeWqDhWQgNqTV3OxEXzMTsu2nJXRnsY1kw,€198.90,OBI.de,12925808933519655936,,
https://www.google.com/search?q=kitchen+furniture&sca_esv=d64b47f615dedb78&udm=28&gl=DE&biw=1530&bih=786&sxsrf=APpeQntN4XhqKNEsErjt3fFrrmFpSunyXw%3A1785762428249&ei=fJJwarTcDvbiseMP5PTjWQ&oq=kitchen+fu&gs_lp=Ehlnd3Mtd2l6LW1vZGVsZXNzLXNob3BwaW5nIgpraXRjaGVuIGZ1KgIIADIKEAAYgAQYigUYQzIFEAAYgAQyBRAAGIAEMgUQABiABDIFEAAYgAQyBRAAGIAEMgUQABiABDIFEAAYgAQyBRAAGIAEMgUQABiABEi4lAFQ-QtYkIsBcAN4AZABAJgBfqABhgqqAQQwLjExuAEDyAEA-AEBmAIOoAKyCqgCCMICChAAGEcY1gQYsAPCAggQABiPARjqApgDAogGAZAGCJIHBDMuMTGgB-0wsgcEMC4xMbgHqQrCBwYwLjEzLjHIByCACAE&sclient=gws-wiz-modeless-shopping,IKEA METOD high cabinet with pull-out larder,https://encrypted-tbn1.gstatic.com/shopping?q=tbn:ANd9GcRVWUieG9DDNd2h84O86BsJLIznfEswVeXSOSehoXXSXQwbgLi55AOTKEu9OT-b5WPYRlxSA2fmU_L6dT3iL5x2KBk0aP0UkDfMbYx67-k5nK0ysGiL8pb8,€513.00,IKEA Deutschland,4859215562693472471,14166647785476064132,11462316158281565924
https://www.google.com/search?q=kitchen+furniture&sca_esv=d64b47f615dedb78&udm=28&gl=DE&biw=1530&bih=786&sxsrf=APpeQntN4XhqKNEsErjt3fFrrmFpSunyXw%3A1785762428249&ei=fJJwarTcDvbiseMP5PTjWQ&oq=kitchen+fu&gs_lp=Ehlnd3Mtd2l6LW1vZGVsZXNzLXNob3BwaW5nIgpraXRjaGVuIGZ1KgIIADIKEAAYgAQYigUYQzIFEAAYgAQyBRAAGIAEMgUQABiABDIFEAAYgAQyBRAAGIAEMgUQABiABDIFEAAYgAQyBRAAGIAEMgUQABiABEi4lAFQ-QtYkIsBcAN4AZABAJgBfqABhgqqAQQwLjExuAEDyAEA-AEBmAIOoAKyCqgCCMICChAAGEcY1gQYsAPCAggQABiPARjqApgDAogGAZAGCJIHBDMuMTGgB-0wsgcEMC4xMbgHqQrCBwYwLjEzLjHIByCACAE&sclient=gws-wiz-modeless-shopping,"NETEL Erweiterbares Mikrowellen Regal,Regal über Mikrowelle,Mikrowellenständer für Arbeitsplatte,Küchenregal für Backofen/Kaffeemaschine,Stabile",https://encrypted-tbn1.gstatic.com/shopping?q=tbn:ANd9GcRqs2SImNcicpZjl1kdj5RrA3HrMnuRlB0Rx90jy14pd9tckXS4f5YHve7ojI9s7o8G6G4SnwX45QKa9xGDCRePMjH2c37YjzJj4RPGMhSH,€39.99,Amazon.de - Amazon.de-Seller,9268479494528746201,,
https://www.google.com/search?q=kitchen+furniture&sca_esv=d64b47f615dedb78&udm=28&gl=DE&biw=1530&bih=786&sxsrf=APpeQntN4XhqKNEsErjt3fFrrmFpSunyXw%3A1785762428249&ei=fJJwarTcDvbiseMP5PTjWQ&oq=kitchen+fu&gs_lp=Ehlnd3Mtd2l6LW1vZGVsZXNzLXNob3BwaW5nIgpraXRjaGVuIGZ1KgIIADIKEAAYgAQYigUYQzIFEAAYgAQyBRAAGIAEMgUQABiABDIFEAAYgAQyBRAAGIAEMgUQABiABDIFEAAYgAQyBRAAGIAEMgUQABiABEi4lAFQ-QtYkIsBcAN4AZABAJgBfqABhgqqAQQwLjExuAEDyAEA-AEBmAIOoAKyCqgCCMICChAAGEcY1gQYsAPCAggQABiPARjqApgDAogGAZAGCJIHBDMuMTGgB-0wsgcEMC4xMbgHqQrCBwYwLjEzLjHIByCACAE&sclient=gws-wiz-modeless-shopping,Square kitchen table (239I),https://encrypted-tbn1.gstatic.com/shopping?q=tbn:ANd9GcSEhMTJBIFnFCTUlsowd6MXxqNXKPY5Ibu-E8tmU8rqrc7RvD4TWZmrkr_u-0kB86S65HhL8aI492w-hKjazGDhDS0OLBdhEuTms2Aka0N_k9ufKw07I04E,€175.00,cassimatis.gr,9411401026556053023,,
https://www.google.com/search?q=kitchen+furniture&sca_esv=d64b47f615dedb78&udm=28&gl=DE&biw=1530&bih=786&sxsrf=APpeQntN4XhqKNEsErjt3fFrrmFpSunyXw%3A1785762428249&ei=fJJwarTcDvbiseMP5PTjWQ&oq=kitchen+fu&gs_lp=Ehlnd3Mtd2l6LW1vZGVsZXNzLXNob3BwaW5nIgpraXRjaGVuIGZ1KgIIADIKEAAYgAQYigUYQzIFEAAYgAQyBRAAGIAEMgUQABiABDIFEAAYgAQyBRAAGIAEMgUQABiABDIFEAAYgAQyBRAAGIAEMgUQABiABEi4lAFQ-QtYkIsBcAN4AZABAJgBfqABhgqqAQQwLjExuAEDyAEA-AEBmAIOoAKyCqgCCMICChAAGEcY1gQYsAPCAggQABiPARjqApgDAogGAZAGCJIHBDMuMTGgB-0wsgcEMC4xMbgHqQrCBwYwLjEzLjHIByCACAE&sclient=gws-wiz-modeless-shopping,European Style Modern Luxurious Marble Dining Table Set,https://encrypted-tbn1.gstatic.com/shopping?q=tbn:ANd9GcTt1KC2mgYxwQ99IYZv4FF2Pr7PoKzm0rVZH8M_54ZaFB-vp5Fndl4zNYAj9cDO7zO5rLxa0qhbOOEJ2m7ZQfChbeMhWcBzJA9nKEIxxJM,"€1,727.99",My Aashis,1085247191712771754,7039293920780144411,17520814237604575439
https://www.google.com/search?q=kitchen+furniture&sca_esv=d64b47f615dedb78&udm=28&gl=DE&biw=1530&bih=786&sxsrf=APpeQntN4XhqKNEsErjt3fFrrmFpSunyXw%3A1785762428249&ei=fJJwarTcDvbiseMP5PTjWQ&oq=kitchen+fu&gs_lp=Ehlnd3Mtd2l6LW1vZGVsZXNzLXNob3BwaW5nIgpraXRjaGVuIGZ1KgIIADIKEAAYgAQYigUYQzIFEAAYgAQyBRAAGIAEMgUQABiABDIFEAAYgAQyBRAAGIAEMgUQABiABDIFEAAYgAQyBRAAGIAEMgUQABiABEi4lAFQ-QtYkIsBcAN4AZABAJgBfqABhgqqAQQwLjExuAEDyAEA-AEBmAIOoAKyCqgCCMICChAAGEcY1gQYsAPCAggQABiPARjqApgDAogGAZAGCJIHBDMuMTGgB-0wsgcEMC4xMbgHqQrCBwYwLjEzLjHIByCACAE&sclient=gws-wiz-modeless-shopping,Fold up table ideal for kitchens and small home offices,https://encrypted-tbn2.gstatic.com/shopping?q=tbn:ANd9GcT4kkh-KF3BXp2CWtKfNl3OGt4JTJKtmnvm9K3aUUwhUCZlySOUaJu8qdI4gUkYnMz7yCtkmBVDKaNmhD3C8tyfPZpbjJhgn1hnf4mUL3g,€688.95,Hillside Furniture,12027350183748083650,12553211703959738234,12741721064237060872
https://www.google.com/search?q=kitchen+furniture&sca_esv=d64b47f615dedb78&udm=28&gl=DE&biw=1530&bih=786&sxsrf=APpeQntN4XhqKNEsErjt3fFrrmFpSunyXw%3A1785762428249&ei=fJJwarTcDvbiseMP5PTjWQ&oq=kitchen+fu&gs_lp=Ehlnd3Mtd2l6LW1vZGVsZXNzLXNob3BwaW5nIgpraXRjaGVuIGZ1KgIIADIKEAAYgAQYigUYQzIFEAAYgAQyBRAAGIAEMgUQABiABDIFEAAYgAQyBRAAGIAEMgUQABiABDIFEAAYgAQyBRAAGIAEMgUQABiABEi4lAFQ-QtYkIsBcAN4AZABAJgBfqABhgqqAQQwLjExuAEDyAEA-AEBmAIOoAKyCqgCCMICChAAGEcY1gQYsAPCAggQABiPARjqApgDAogGAZAGCJIHBDMuMTGgB-0wsgcEMC4xMbgHqQrCBwYwLjEzLjHIByCACAE&sclient=gws-wiz-modeless-shopping,Solid Wood Rectangle Dining Table,https://encrypted-tbn3.gstatic.com/shopping?q=tbn:ANd9GcSSZYINyIcVCsatfJO4wJSwQGeFs0J_vxC8QdcuEG8Q21DB0Y-j6Qw6z2qiIRurOeYUT_Z2wGIuFdJ1nOPIzbdM3SxfMiEBeEnz1U0ttS5S,"€1,241.48",UPPHomeStore,9295193784953955784,8629904110768847085,14222584543761150927
https://www.google.com/search?q=kitchen+furniture&sca_esv=d64b47f615dedb78&udm=28&gl=DE&biw=1530&bih=786&sxsrf=APpeQntN4XhqKNEsErjt3fFrrmFpSunyXw%3A1785762428249&ei=fJJwarTcDvbiseMP5PTjWQ&oq=kitchen+fu&gs_lp=Ehlnd3Mtd2l6LW1vZGVsZXNzLXNob3BwaW5nIgpraXRjaGVuIGZ1KgIIADIKEAAYgAQYigUYQzIFEAAYgAQyBRAAGIAEMgUQABiABDIFEAAYgAQyBRAAGIAEMgUQABiABDIFEAAYgAQyBRAAGIAEMgUQABiABEi4lAFQ-QtYkIsBcAN4AZABAJgBfqABhgqqAQQwLjExuAEDyAEA-AEBmAIOoAKyCqgCCMICChAAGEcY1gQYsAPCAggQABiPARjqApgDAogGAZAGCJIHBDMuMTGgB-0wsgcEMC4xMbgHqQrCBwYwLjEzLjHIByCACAE&sclient=gws-wiz-modeless-shopping,Solid Wood Sideboard Modern Simple Tea Cabinet Kitchen Cupboard Storage Cabinet Large Capacity Storage Cabinet 59.1x17.6x75.6 inch / 150x44.6x192 cm/,https://encrypted-tbn2.gstatic.com/shopping?q=tbn:ANd9GcRvZte88ib0GLvNO-Tfw-2rNTuf_XV6JK-XMIuDiiIM3i61gMzZJL6Kz1I67jzdzn8bag2DAfEw1u9ti83b_n0RCkUpna3Y5xrkaq8FnZZ8F-EMN_luKRVv,"€2,233.10",GVAwood,12588110846649889395,,
https://www.google.com/search?q=kitchen+furniture&sca_esv=d64b47f615dedb78&udm=28&gl=DE&biw=1530&bih=786&sxsrf=APpeQntN4XhqKNEsErjt3fFrrmFpSunyXw%3A1785762428249&ei=fJJwarTcDvbiseMP5PTjWQ&oq=kitchen+fu&gs_lp=Ehlnd3Mtd2l6LW1vZGVsZXNzLXNob3BwaW5nIgpraXRjaGVuIGZ1KgIIADIKEAAYgAQYigUYQzIFEAAYgAQyBRAAGIAEMgUQABiABDIFEAAYgAQyBRAAGIAEMgUQABiABDIFEAAYgAQyBRAAGIAEMgUQABiABEi4lAFQ-QtYkIsBcAN4AZABAJgBfqABhgqqAQQwLjExuAEDyAEA-AEBmAIOoAKyCqgCCMICChAAGEcY1gQYsAPCAggQABiPARjqApgDAogGAZAGCJIHBDMuMTGgB-0wsgcEMC4xMbgHqQrCBwYwLjEzLjHIByCACAE&sclient=gws-wiz-modeless-shopping,Vicco Küchenunterschrank R-Line Weiß Hochglanz/Anthrazit 80 cm AP Eiche,https://encrypted-tbn2.gstatic.com/shopping?q=tbn:ANd9GcRER4DdmokPGcWONfgt29lhm6OjFUUb7x98KmpefcxbCEGea4evqqRKKuBagIIUpqmS6rw0SFjtKyTHLbsZduql3HCmz9v6t3s8o6BWD8MvTlQp5SzX_utsYw,€176.90,OBI.de,7051824974761500575,,
https://www.google.com/search?q=kitchen+furniture&sca_esv=d64b47f615dedb78&udm=28&gl=DE&biw=1530&bih=786&sxsrf=APpeQntN4XhqKNEsErjt3fFrrmFpSunyXw%3A1785762428249&ei=fJJwarTcDvbiseMP5PTjWQ&oq=kitchen+fu&gs_lp=Ehlnd3Mtd2l6LW1vZGVsZXNzLXNob3BwaW5nIgpraXRjaGVuIGZ1KgIIADIKEAAYgAQYigUYQzIFEAAYgAQyBRAAGIAEMgUQABiABDIFEAAYgAQyBRAAGIAEMgUQABiABDIFEAAYgAQyBRAAGIAEMgUQABiABEi4lAFQ-QtYkIsBcAN4AZABAJgBfqABhgqqAQQwLjExuAEDyAEA-AEBmAIOoAKyCqgCCMICChAAGEcY1gQYsAPCAggQABiPARjqApgDAogGAZAGCJIHBDMuMTGgB-0wsgcEMC4xMbgHqQrCBwYwLjEzLjHIByCACAE&sclient=gws-wiz-modeless-shopping,IKEA METOD high cabinet with cleaning interior,https://encrypted-tbn1.gstatic.com/shopping?q=tbn:ANd9GcSet3m8B-VHeGwJg8Kk3kZexAwBHpA2cNiDLEShRyZ505cvdpDwMdWcqdtiD4_2cqEIi1O-3r2Deusj_naQKs-ClqfhdRMJ0TFntHS2FAJX6iMXL1N-p7BN,€349.00,IKEA Deutschland,4877188289134662964,6937585855451218369,15486657930810759323
https://www.google.com/search?q=kitchen+furniture&sca_esv=d64b47f615dedb78&udm=28&gl=DE&biw=1530&bih=786&sxsrf=APpeQntN4XhqKNEsErjt3fFrrmFpSunyXw%3A1785762428249&ei=fJJwarTcDvbiseMP5PTjWQ&oq=kitchen+fu&gs_lp=Ehlnd3Mtd2l6LW1vZGVsZXNzLXNob3BwaW5nIgpraXRjaGVuIGZ1KgIIADIKEAAYgAQYigUYQzIFEAAYgAQyBRAAGIAEMgUQABiABDIFEAAYgAQyBRAAGIAEMgUQABiABDIFEAAYgAQyBRAAGIAEMgUQABiABEi4lAFQ-QtYkIsBcAN4AZABAJgBfqABhgqqAQQwLjExuAEDyAEA-AEBmAIOoAKyCqgCCMICChAAGEcY1gQYsAPCAggQABiPARjqApgDAogGAZAGCJIHBDMuMTGgB-0wsgcEMC4xMbgHqQrCBwYwLjEzLjHIByCACAE&sclient=gws-wiz-modeless-shopping,Diamic Counter Stool Stool with Footrest Upholstered PU Leather High Back & Arms,https://encrypted-tbn2.gstatic.com/shopping?q=tbn:ANd9GcQbb7x-e8XoI2siXaB4PbdRqz0bV7rs0m1e-SaHn8EPp0d6lLEaQpbDlWZagywbsqBJvRblCEIItu2jJJoSt3uspIogw_yKNJslhnGSxD2O,€846.99,Homary.com,16685657275654423200,16494275091418637815,3689385430667461274
https://www.google.com/search?q=kitchen+furniture&sca_esv=d64b47f615dedb78&udm=28&gl=DE&biw=1530&bih=786&sxsrf=APpeQntN4XhqKNEsErjt3fFrrmFpSunyXw%3A1785762428249&ei=fJJwarTcDvbiseMP5PTjWQ&oq=kitchen+fu&gs_lp=Ehlnd3Mtd2l6LW1vZGVsZXNzLXNob3BwaW5nIgpraXRjaGVuIGZ1KgIIADIKEAAYgAQYigUYQzIFEAAYgAQyBRAAGIAEMgUQABiABDIFEAAYgAQyBRAAGIAEMgUQABiABDIFEAAYgAQyBRAAGIAEMgUQABiABEi4lAFQ-QtYkIsBcAN4AZABAJgBfqABhgqqAQQwLjExuAEDyAEA-AEBmAIOoAKyCqgCCMICChAAGEcY1gQYsAPCAggQABiPARjqApgDAogGAZAGCJIHBDMuMTGgB-0wsgcEMC4xMbgHqQrCBwYwLjEzLjHIByCACAE&sclient=gws-wiz-modeless-shopping,MONACO COUNTRY style corner kitchen in solid wood with fold-down snack table 310-205x65xh88cm,https://encrypted-tbn2.gstatic.com/shopping?q=tbn:ANd9GcTp3LEEEmmYEZqrhOWoLBokF7XwgnUT4CqccB-Upjk2L_aFdvjWG0CNXoiEtxGCbKPAPkantPF9zaoV9y9Z_OYIpqEt9aadlpBAxpEmwygw,"€10,620.00",il baule di nonna elvira,2941894279842632909,2482147256482454032,18197053775097668364
https://www.google.com/search?q=kitchen+furniture&sca_esv=d64b47f615dedb78&udm=28&gl=DE&biw=1530&bih=786&sxsrf=APpeQntN4XhqKNEsErjt3fFrrmFpSunyXw%3A1785762428249&ei=fJJwarTcDvbiseMP5PTjWQ&oq=kitchen+fu&gs_lp=Ehlnd3Mtd2l6LW1vZGVsZXNzLXNob3BwaW5nIgpraXRjaGVuIGZ1KgIIADIKEAAYgAQYigUYQzIFEAAYgAQyBRAAGIAEMgUQABiABDIFEAAYgAQyBRAAGIAEMgUQABiABDIFEAAYgAQyBRAAGIAEMgUQABiABEi4lAFQ-QtYkIsBcAN4AZABAJgBfqABhgqqAQQwLjExuAEDyAEA-AEBmAIOoAKyCqgCCMICChAAGEcY1gQYsAPCAggQABiPARjqApgDAogGAZAGCJIHBDMuMTGgB-0wsgcEMC4xMbgHqQrCBwYwLjEzLjHIByCACAE&sclient=gws-wiz-modeless-shopping,nobilia kitchen unit Laser 427 Alpine White Color Concept 248 Fern 310 cm configurable,https://encrypted-tbn2.gstatic.com/shopping?q=tbn:ANd9GcScNsi-olK2ImhllDScDUbuK46Io9T3u-MVlPM2cCF92YhBPUw4S7ZGDjg1iUS21VmoVftXr_UXOxfcUMsMiUQ2VC0dxr5EJggbRp30xn8,"€2,913.00",top-shelf.de,3560118629097519749,13326722021583157383,1162813530987084814
https://www.google.com/search?q=kitchen+furniture&sca_esv=d64b47f615dedb78&udm=28&gl=DE&biw=1530&bih=786&sxsrf=APpeQntN4XhqKNEsErjt3fFrrmFpSunyXw%3A1785762428249&ei=fJJwarTcDvbiseMP5PTjWQ&oq=kitchen+fu&gs_lp=Ehlnd3Mtd2l6LW1vZGVsZXNzLXNob3BwaW5nIgpraXRjaGVuIGZ1KgIIADIKEAAYgAQYigUYQzIFEAAYgAQyBRAAGIAEMgUQABiABDIFEAAYgAQyBRAAGIAEMgUQABiABDIFEAAYgAQyBRAAGIAEMgUQABiABEi4lAFQ-QtYkIsBcAN4AZABAJgBfqABhgqqAQQwLjExuAEDyAEA-AEBmAIOoAKyCqgCCMICChAAGEcY1gQYsAPCAggQABiPARjqApgDAogGAZAGCJIHBDMuMTGgB-0wsgcEMC4xMbgHqQrCBwYwLjEzLjHIByCACAE&sclient=gws-wiz-modeless-shopping,Vicco Singleküche R-Line Hochglanz/Weiß mit Herdumbauschrank Arbeitsplatte,https://encrypted-tbn2.gstatic.com/shopping?q=tbn:ANd9GcSvcnezAxButxHV1FmwJIi4aUTKHgjB2bdxuPtMOSphpgO5gfLmtP0dbE5Fq3q0rLq5iGxOePkCxE2PxtZ_gtwdQduLCycVKR72bwneI0HLbiaPirYfV7M6ZQ,€319.90,home24.de,2230643391807502438,2848440398171852410,6045400800752929132
https://www.google.com/search?q=kitchen+furniture&sca_esv=d64b47f615dedb78&udm=28&gl=DE&biw=1530&bih=786&sxsrf=APpeQntN4XhqKNEsErjt3fFrrmFpSunyXw%3A1785762428249&ei=fJJwarTcDvbiseMP5PTjWQ&oq=kitchen+fu&gs_lp=Ehlnd3Mtd2l6LW1vZGVsZXNzLXNob3BwaW5nIgpraXRjaGVuIGZ1KgIIADIKEAAYgAQYigUYQzIFEAAYgAQyBRAAGIAEMgUQABiABDIFEAAYgAQyBRAAGIAEMgUQABiABDIFEAAYgAQyBRAAGIAEMgUQABiABEi4lAFQ-QtYkIsBcAN4AZABAJgBfqABhgqqAQQwLjExuAEDyAEA-AEBmAIOoAKyCqgCCMICChAAGEcY1gQYsAPCAggQABiPARjqApgDAogGAZAGCJIHBDMuMTGgB-0wsgcEMC4xMbgHqQrCBwYwLjEzLjHIByCACAE&sclient=gws-wiz-modeless-shopping,Marvelous Chrome Finish Marble Dining Table,https://encrypted-tbn0.gstatic.com/shopping?q=tbn:ANd9GcQZ-kS1gVMbrbwFaOKyZ4nDE8L-693E91C3Vc0GuU36p07jhHGjgJgGhr3GZLcksKxhZ2ChuviYKOuBC7K180KHifBmkNdwgRphW8L9dJQO,"€1,969.51",My Aashis,3708719760605732081,12969821858227336318,17449011645000127824
https://www.google.com/search?q=kitchen+furniture&sca_esv=d64b47f615dedb78&udm=28&gl=DE&biw=1530&bih=786&sxsrf=APpeQntN4XhqKNEsErjt3fFrrmFpSunyXw%3A1785762428249&ei=fJJwarTcDvbiseMP5PTjWQ&oq=kitchen+fu&gs_lp=Ehlnd3Mtd2l6LW1vZGVsZXNzLXNob3BwaW5nIgpraXRjaGVuIGZ1KgIIADIKEAAYgAQYigUYQzIFEAAYgAQyBRAAGIAEMgUQABiABDIFEAAYgAQyBRAAGIAEMgUQABiABDIFEAAYgAQyBRAAGIAEMgUQABiABEi4lAFQ-QtYkIsBcAN4AZABAJgBfqABhgqqAQQwLjExuAEDyAEA-AEBmAIOoAKyCqgCCMICChAAGEcY1gQYsAPCAggQABiPARjqApgDAogGAZAGCJIHBDMuMTGgB-0wsgcEMC4xMbgHqQrCBwYwLjEzLjHIByCACAE&sclient=gws-wiz-modeless-shopping,Vicco Küchenunterschrank R-Line Bordeaux Hochglanz/Anthrazit 80 cm AP Eiche mit Anthrazit Korpus,https://encrypted-tbn0.gstatic.com/shopping?q=tbn:ANd9GcRHn0xXZbe-y1Vax4FEm8bKBE2L8HaMudKZx9T-iBrBSzQayav3hDW3Kef5Fp5kP28_Qg3qVA9dnwjBnjtIOwrMayE57dCg_euqFMjKPjZ4meRp-5u4RAIRCA,€182.90,OBI.de,2029648817599267813,,
https://www.google.com/search?q=kitchen+furniture&sca_esv=d64b47f615dedb78&udm=28&gl=DE&biw=1530&bih=786&sxsrf=APpeQntN4XhqKNEsErjt3fFrrmFpSunyXw%3A1785762428249&ei=fJJwarTcDvbiseMP5PTjWQ&oq=kitchen+fu&gs_lp=Ehlnd3Mtd2l6LW1vZGVsZXNzLXNob3BwaW5nIgpraXRjaGVuIGZ1KgIIADIKEAAYgAQYigUYQzIFEAAYgAQyBRAAGIAEMgUQABiABDIFEAAYgAQyBRAAGIAEMgUQABiABDIFEAAYgAQyBRAAGIAEMgUQABiABEi4lAFQ-QtYkIsBcAN4AZABAJgBfqABhgqqAQQwLjExuAEDyAEA-AEBmAIOoAKyCqgCCMICChAAGEcY1gQYsAPCAggQABiPARjqApgDAogGAZAGCJIHBDMuMTGgB-0wsgcEMC4xMbgHqQrCBwYwLjEzLjHIByCACAE&sclient=gws-wiz-modeless-shopping,IKEA METOD high cabinet fridge/freezer,https://encrypted-tbn3.gstatic.com/shopping?q=tbn:ANd9GcTemlvZXzWlLlP7Rwq8Ih6JV2pN_QrTckD3aI3xl4kETTXwVrefo49ppplAZ5C15Q4hhfBuBBXo7_sOJKcKjdoTx0C-Kkc_Oy6jAySKVQiPbyV8r-yYqVkO,€206.00,IKEA Deutschland,9727158628452592558,16859791948114146332,15757443983412004230
https://www.google.com/search?q=kitchen+furniture&sca_esv=d64b47f615dedb78&udm=28&gl=DE&biw=1530&bih=786&sxsrf=APpeQntN4XhqKNEsErjt3fFrrmFpSunyXw%3A1785762428249&ei=fJJwarTcDvbiseMP5PTjWQ&oq=kitchen+fu&gs_lp=Ehlnd3Mtd2l6LW1vZGVsZXNzLXNob3BwaW5nIgpraXRjaGVuIGZ1KgIIADIKEAAYgAQYigUYQzIFEAAYgAQyBRAAGIAEMgUQABiABDIFEAAYgAQyBRAAGIAEMgUQABiABDIFEAAYgAQyBRAAGIAEMgUQABiABEi4lAFQ-QtYkIsBcAN4AZABAJgBfqABhgqqAQQwLjExuAEDyAEA-AEBmAIOoAKyCqgCCMICChAAGEcY1gQYsAPCAggQABiPARjqApgDAogGAZAGCJIHBDMuMTGgB-0wsgcEMC4xMbgHqQrCBwYwLjEzLjHIByCACAE&sclient=gws-wiz-modeless-shopping,House Nordic Dining tables,https://encrypted-tbn1.gstatic.com/shopping?q=tbn:ANd9GcQWYu6dTshuI3ZSU5M_P3EQQaz-H-f17YK4ghs550MR-IqBctiAlr_eYcby4lTOfN4q_M936dJiprCTBtei6QYmCDuD5cMbaaEfLUEXmr2FRFlkgHU4kor1,€648.56,Alma Home&Decor,10269649615716693563,2684353226775185581,16898036869721922749
https://www.google.com/search?q=kitchen+furniture&sca_esv=d64b47f615dedb78&udm=28&gl=DE&biw=1530&bih=786&sxsrf=APpeQntN4XhqKNEsErjt3fFrrmFpSunyXw%3A1785762428249&ei=fJJwarTcDvbiseMP5PTjWQ&oq=kitchen+fu&gs_lp=Ehlnd3Mtd2l6LW1vZGVsZXNzLXNob3BwaW5nIgpraXRjaGVuIGZ1KgIIADIKEAAYgAQYigUYQzIFEAAYgAQyBRAAGIAEMgUQABiABDIFEAAYgAQyBRAAGIAEMgUQABiABDIFEAAYgAQyBRAAGIAEMgUQABiABEi4lAFQ-QtYkIsBcAN4AZABAJgBfqABhgqqAQQwLjExuAEDyAEA-AEBmAIOoAKyCqgCCMICChAAGEcY1gQYsAPCAggQABiPARjqApgDAogGAZAGCJIHBDMuMTGgB-0wsgcEMC4xMbgHqQrCBwYwLjEzLjHIByCACAE&sclient=gws-wiz-modeless-shopping,Solid Wood Rock Board Dining Sideboard Kitchen Log Style Home Cabinet Ash Wood Simple Modern Storage Cabinet,https://encrypted-tbn1.gstatic.com/shopping?q=tbn:ANd9GcQRFdBnjYr1uaz3U0Qx12EaAbVJYE1O66lCNjqGI11W2jjdAjKFfXotNZPsQ856X4lAi5phO-Qa7BH2MV99D968Pg1PrmGPgJ8mtlzPPvTwtq15DQlHdq4,"€1,508.19",GVAwood,9405780007934932012,15783017576532752956,2162646207210194767
https://www.google.com/search?q=kitchen+furniture&sca_esv=d64b47f615dedb78&udm=28&gl=DE&biw=1530&bih=786&sxsrf=APpeQntN4XhqKNEsErjt3fFrrmFpSunyXw%3A1785762428249&ei=fJJwarTcDvbiseMP5PTjWQ&oq=kitchen+fu&gs_lp=Ehlnd3Mtd2l6LW1vZGVsZXNzLXNob3BwaW5nIgpraXRjaGVuIGZ1KgIIADIKEAAYgAQYigUYQzIFEAAYgAQyBRAAGIAEMgUQABiABDIFEAAYgAQyBRAAGIAEMgUQABiABDIFEAAYgAQyBRAAGIAEMgUQABiABEi4lAFQ-QtYkIsBcAN4AZABAJgBfqABhgqqAQQwLjExuAEDyAEA-AEBmAIOoAKyCqgCCMICChAAGEcY1gQYsAPCAggQABiPARjqApgDAogGAZAGCJIHBDMuMTGgB-0wsgcEMC4xMbgHqQrCBwYwLjEzLjHIByCACAE&sclient=gws-wiz-modeless-shopping,Nismaaya Louvre Dining Table with Fluted Legs Design in Grey Brown Wood,https://encrypted-tbn2.gstatic.com/shopping?q=tbn:ANd9GcR1k1P-KU2q1SCrnGo_GQDsZKmzReZTCb99KcdWG6OMK86g-Ox2HVkZkse_MKyw1pvwUOx3Ct9UB2FNHa0tdeGhzrKuPgCIpfFsjD5_Py4,€392.10,Nismaaya Decor,18300427781990479819,11919577906197557796,10824733647982123900
https://www.google.com/search?q=kitchen+furniture&sca_esv=d64b47f615dedb78&udm=28&gl=DE&biw=1530&bih=786&sxsrf=APpeQntN4XhqKNEsErjt3fFrrmFpSunyXw%3A1785762428249&ei=fJJwarTcDvbiseMP5PTjWQ&oq=kitchen+fu&gs_lp=Ehlnd3Mtd2l6LW1vZGVsZXNzLXNob3BwaW5nIgpraXRjaGVuIGZ1KgIIADIKEAAYgAQYigUYQzIFEAAYgAQyBRAAGIAEMgUQABiABDIFEAAYgAQyBRAAGIAEMgUQABiABDIFEAAYgAQyBRAAGIAEMgUQABiABEi4lAFQ-QtYkIsBcAN4AZABAJgBfqABhgqqAQQwLjExuAEDyAEA-AEBmAIOoAKyCqgCCMICChAAGEcY1gQYsAPCAggQABiPARjqApgDAogGAZAGCJIHBDMuMTGgB-0wsgcEMC4xMbgHqQrCBwYwLjEzLjHIByCACAE&sclient=gws-wiz-modeless-shopping,Vicco Küchenunterschrank R-Line Weiß Landhaus/Anthrazit 80 cm AP Anthrazit mit Anthrazit Korpus,https://encrypted-tbn3.gstatic.com/shopping?q=tbn:ANd9GcQTwqTKfzLfBtPa3xcumj-7nqPUClkvVti0PO2pMqPm4rmwXDrlUFLgIoKg7hT-7kuIvIvV_G8JGrIF2-H4KixJnHfY8FMO510H-INsUd-8YEkLtw2grq7ZfA,€199.90,OBI.de,16533648732772275989,,
https://www.google.com/search?q=kitchen+furniture&sca_esv=d64b47f615dedb78&udm=28&gl=DE&biw=1530&bih=786&sxsrf=APpeQntN4XhqKNEsErjt3fFrrmFpSunyXw%3A1785762428249&ei=fJJwarTcDvbiseMP5PTjWQ&oq=kitchen+fu&gs_lp=Ehlnd3Mtd2l6LW1vZGVsZXNzLXNob3BwaW5nIgpraXRjaGVuIGZ1KgIIADIKEAAYgAQYigUYQzIFEAAYgAQyBRAAGIAEMgUQABiABDIFEAAYgAQyBRAAGIAEMgUQABiABDIFEAAYgAQyBRAAGIAEMgUQABiABEi4lAFQ-QtYkIsBcAN4AZABAJgBfqABhgqqAQQwLjExuAEDyAEA-AEBmAIOoAKyCqgCCMICChAAGEcY1gQYsAPCAggQABiPARjqApgDAogGAZAGCJIHBDMuMTGgB-0wsgcEMC4xMbgHqQrCBwYwLjEzLjHIByCACAE&sclient=gws-wiz-modeless-shopping,"Venezia Lido INDUSTRIAL/RUSTIC linear kitchen in solid wood with appliance predisposition, dish rack included and optional hood",https://encrypted-tbn0.gstatic.com/shopping?q=tbn:ANd9GcR6o4Yb1bVSbcAgJPf1eUyMfSDVlOxwDRoVwdWKMt5yDdCna-Vp51LTKLzowHd0US925yN5yHltTGUS--LBF3ygfG5N8H1HS3pPXVfS1js,"€6,580.00",il baule di nonna elvira,4875641473972428092,8505225911082566400,3248360399499813799
https://www.google.com/search?q=kitchen+furniture&sca_esv=d64b47f615dedb78&udm=28&gl=DE&biw=1530&bih=786&sxsrf=APpeQntN4XhqKNEsErjt3fFrrmFpSunyXw%3A1785762428249&ei=fJJwarTcDvbiseMP5PTjWQ&oq=kitchen+fu&gs_lp=Ehlnd3Mtd2l6LW1vZGVsZXNzLXNob3BwaW5nIgpraXRjaGVuIGZ1KgIIADIKEAAYgAQYigUYQzIFEAAYgAQyBRAAGIAEMgUQABiABDIFEAAYgAQyBRAAGIAEMgUQABiABDIFEAAYgAQyBRAAGIAEMgUQABiABEi4lAFQ-QtYkIsBcAN4AZABAJgBfqABhgqqAQQwLjExuAEDyAEA-AEBmAIOoAKyCqgCCMICChAAGEcY1gQYsAPCAggQABiPARjqApgDAogGAZAGCJIHBDMuMTGgB-0wsgcEMC4xMbgHqQrCBwYwLjEzLjHIByCACAE&sclient=gws-wiz-modeless-shopping,IKEA METOD / MAXIMERA high cab for oven/micro w drawer,https://encrypted-tbn2.gstatic.com/shopping?q=tbn:ANd9GcSKSLLDhUlW-mKLO-OW1iQ9nIir1w4bcyn5HOoK98_HOQka2Qbns4kB8gSZjXrTJnTVGzkuArWH1FxZ5Q0ciylFaoNCQNFUxMrUJiiPT9K0MuObgYj6Qa_Nlg,€463.00,IKEA Deutschland,9971410025714059848,16010636307073273854,14025563411860818280
https://www.google.com/search?q=kitchen+furniture&sca_esv=d64b47f615dedb78&udm=28&gl=DE&biw=1530&bih=786&sxsrf=APpeQntN4XhqKNEsErjt3fFrrmFpSunyXw%3A1785762428249&ei=fJJwarTcDvbiseMP5PTjWQ&oq=kitchen+fu&gs_lp=Ehlnd3Mtd2l6LW1vZGVsZXNzLXNob3BwaW5nIgpraXRjaGVuIGZ1KgIIADIKEAAYgAQYigUYQzIFEAAYgAQyBRAAGIAEMgUQABiABDIFEAAYgAQyBRAAGIAEMgUQABiABDIFEAAYgAQyBRAAGIAEMgUQABiABEi4lAFQ-QtYkIsBcAN4AZABAJgBfqABhgqqAQQwLjExuAEDyAEA-AEBmAIOoAKyCqgCCMICChAAGEcY1gQYsAPCAggQABiPARjqApgDAogGAZAGCJIHBDMuMTGgB-0wsgcEMC4xMbgHqQrCBwYwLjEzLjHIByCACAE&sclient=gws-wiz-modeless-shopping,Classic European Wooden Carving Rectangular Dining Table Set,https://encrypted-tbn0.gstatic.com/shopping?q=tbn:ANd9GcRqeK-CiXIsN7nIDtkphumR_csa-F0Vm_lJau-6f3deDrZpHPrm894FyfDyZ4LW1uiPRbJsJ8YbxqjQv023zntljqAvaJ23Ex7F0tB1w8A,"€4,517.63",My Aashis,871328464961253031,17693099941181161103,11928613269172703545
https://www.google.com/search?q=kitchen+furniture&sca_esv=d64b47f615dedb78&udm=28&gl=DE&biw=1530&bih=786&sxsrf=APpeQntN4XhqKNEsErjt3fFrrmFpSunyXw%3A1785762428249&ei=fJJwarTcDvbiseMP5PTjWQ&oq=kitchen+fu&gs_lp=Ehlnd3Mtd2l6LW1vZGVsZXNzLXNob3BwaW5nIgpraXRjaGVuIGZ1KgIIADIKEAAYgAQYigUYQzIFEAAYgAQyBRAAGIAEMgUQABiABDIFEAAYgAQyBRAAGIAEMgUQABiABDIFEAAYgAQyBRAAGIAEMgUQABiABEi4lAFQ-QtYkIsBcAN4AZABAJgBfqABhgqqAQQwLjExuAEDyAEA-AEBmAIOoAKyCqgCCMICChAAGEcY1gQYsAPCAggQABiPARjqApgDAogGAZAGCJIHBDMuMTGgB-0wsgcEMC4xMbgHqQrCBwYwLjEzLjHIByCACAE&sclient=gws-wiz-modeless-shopping,Magnolia Nilüfer Esb Kitchen Table Set,https://encrypted-tbn1.gstatic.com/shopping?q=tbn:ANd9GcRJCX9K-fpulAIWgcCf_V6hj8R5sz0KhyPyOIrEQ7L4HTIZD0C75bjGcCTwtYsTw34d_1uHQk3TM782QTTLvHYkk84CoN1fdKO74udtOEFA0XSkYhrQ29bnQw,€885.71,Carsi24,14249262878544858832,16617405791924457910,10678790339387498789
https://www.google.com/search?q=kitchen+furniture&sca_esv=d64b47f615dedb78&udm=28&gl=DE&biw=1530&bih=786&sxsrf=APpeQntN4XhqKNEsErjt3fFrrmFpSunyXw%3A1785762428249&ei=fJJwarTcDvbiseMP5PTjWQ&oq=kitchen+fu&gs_lp=Ehlnd3Mtd2l6LW1vZGVsZXNzLXNob3BwaW5nIgpraXRjaGVuIGZ1KgIIADIKEAAYgAQYigUYQzIFEAAYgAQyBRAAGIAEMgUQABiABDIFEAAYgAQyBRAAGIAEMgUQABiABDIFEAAYgAQyBRAAGIAEMgUQABiABEi4lAFQ-QtYkIsBcAN4AZABAJgBfqABhgqqAQQwLjExuAEDyAEA-AEBmAIOoAKyCqgCCMICChAAGEcY1gQYsAPCAggQABiPARjqApgDAogGAZAGCJIHBDMuMTGgB-0wsgcEMC4xMbgHqQrCBwYwLjEzLjHIByCACAE&sclient=gws-wiz-modeless-shopping,Woltu Drehbarer Chenille & Cord Stuhl Esszimmerstühle Polsterstuhl Mit,https://encrypted-tbn2.gstatic.com/shopping?q=tbn:ANd9GcQbVZCAUUPpRaExNlWJRZBkTQIrJpIlbd5jUypGJ-gThDFXu2AurrJVAGYcV2GfPGNSgulVkM7O62zPHNm0g9DT1nX_jL6WxODn7RZzXGZQ,€179.99,eBay - woltu24,5356451712222776263,,
https://www.google.com/search?q=kitchen+furniture&sca_esv=d64b47f615dedb78&udm=28&gl=DE&biw=1530&bih=786&sxsrf=APpeQntN4XhqKNEsErjt3fFrrmFpSunyXw%3A1785762428249&ei=fJJwarTcDvbiseMP5PTjWQ&oq=kitchen+fu&gs_lp=Ehlnd3Mtd2l6LW1vZGVsZXNzLXNob3BwaW5nIgpraXRjaGVuIGZ1KgIIADIKEAAYgAQYigUYQzIFEAAYgAQyBRAAGIAEMgUQABiABDIFEAAYgAQyBRAAGIAEMgUQABiABDIFEAAYgAQyBRAAGIAEMgUQABiABEi4lAFQ-QtYkIsBcAN4AZABAJgBfqABhgqqAQQwLjExuAEDyAEA-AEBmAIOoAKyCqgCCMICChAAGEcY1gQYsAPCAggQABiPARjqApgDAogGAZAGCJIHBDMuMTGgB-0wsgcEMC4xMbgHqQrCBwYwLjEzLjHIByCACAE&sclient=gws-wiz-modeless-shopping,Hartland Buffet,https://encrypted-tbn1.gstatic.com/shopping?q=tbn:ANd9GcQhreOaZSuhV4u-4alt894dj4-11DtkE4T1bQ3EanGaY6sjlY6e_ITe544xnX2cGCF9LnHeXoRRN6VEM4NyjFS7yxyMoGZW9QytDgX_7HwUsGmNvx1_1qcBXQ,"€8,642.00",SayRug.EU,10341726609995162212,3291039075372710795,373320625878341744
https://www.google.com/search?q=kitchen+furniture&sca_esv=d64b47f615dedb78&udm=28&gl=DE&biw=1530&bih=786&sxsrf=APpeQntN4XhqKNEsErjt3fFrrmFpSunyXw%3A1785762428249&ei=fJJwarTcDvbiseMP5PTjWQ&oq=kitchen+fu&gs_lp=Ehlnd3Mtd2l6LW1vZGVsZXNzLXNob3BwaW5nIgpraXRjaGVuIGZ1KgIIADIKEAAYgAQYigUYQzIFEAAYgAQyBRAAGIAEMgUQABiABDIFEAAYgAQyBRAAGIAEMgUQABiABDIFEAAYgAQyBRAAGIAEMgUQABiABEi4lAFQ-QtYkIsBcAN4AZABAJgBfqABhgqqAQQwLjExuAEDyAEA-AEBmAIOoAKyCqgCCMICChAAGEcY1gQYsAPCAggQABiPARjqApgDAogGAZAGCJIHBDMuMTGgB-0wsgcEMC4xMbgHqQrCBwYwLjEzLjHIByCACAE&sclient=gws-wiz-modeless-shopping,IKEA METOD / KNIVSHULT base cab with 2 fronts/3 drawers,https://encrypted-tbn1.gstatic.com/shopping?q=tbn:ANd9GcQO6gY3OA0fG3YBN3EbQObCNiclDtkZCBvJz7o0_vEfRSB1tJMMZI4Jm80TTeGXcLUtbheZZNlqEIlgFf9pB4kVUd0Dp3Sfzi4oMDN5onwIBjWo9ucFwKj7,€457.00,IKEA Deutschland,8495686268483545600,4127370013974828837,9195531670873494268
https://www.google.com/search?q=kitchen+furniture&sca_esv=d64b47f615dedb78&udm=28&gl=DE&biw=1530&bih=786&sxsrf=APpeQntN4XhqKNEsErjt3fFrrmFpSunyXw%3A1785762428249&ei=fJJwarTcDvbiseMP5PTjWQ&oq=kitchen+fu&gs_lp=Ehlnd3Mtd2l6LW1vZGVsZXNzLXNob3BwaW5nIgpraXRjaGVuIGZ1KgIIADIKEAAYgAQYigUYQzIFEAAYgAQyBRAAGIAEMgUQABiABDIFEAAYgAQyBRAAGIAEMgUQABiABDIFEAAYgAQyBRAAGIAEMgUQABiABEi4lAFQ-QtYkIsBcAN4AZABAJgBfqABhgqqAQQwLjExuAEDyAEA-AEBmAIOoAKyCqgCCMICChAAGEcY1gQYsAPCAggQABiPARjqApgDAogGAZAGCJIHBDMuMTGgB-0wsgcEMC4xMbgHqQrCBwYwLjEzLjHIByCACAE&sclient=gws-wiz-modeless-shopping,solid wood sideboard Japanese cherry wood high cabinet hole hole plate wine cabinet against the wall kitchen storage cabinet,https://encrypted-tbn2.gstatic.com/shopping?q=tbn:ANd9GcQ8vVU6YzhoqNvQcpoTjb2Lp6Lcrfx401qQ6Xdk_sm5WOVsjoyzCG4zHjk9JJbJr_GsFVfEBJwbYXJ5LLhK98PFRoMXpEwbKMetgaj9Ylq9DyOrJe4x6pCt,€890.32,GVAwood,10519022410999647968,6620522544028159266,3050556980521085479
https://www.google.com/search?q=kitchen+furniture&sca_esv=d64b47f615dedb78&udm=28&gl=DE&biw=1530&bih=786&sxsrf=APpeQntN4XhqKNEsErjt3fFrrmFpSunyXw%3A1785762428249&ei=fJJwarTcDvbiseMP5PTjWQ&oq=kitchen+fu&gs_lp=Ehlnd3Mtd2l6LW1vZGVsZXNzLXNob3BwaW5nIgpraXRjaGVuIGZ1KgIIADIKEAAYgAQYigUYQzIFEAAYgAQyBRAAGIAEMgUQABiABDIFEAAYgAQyBRAAGIAEMgUQABiABDIFEAAYgAQyBRAAGIAEMgUQABiABEi4lAFQ-QtYkIsBcAN4AZABAJgBfqABhgqqAQQwLjExuAEDyAEA-AEBmAIOoAKyCqgCCMICChAAGEcY1gQYsAPCAggQABiPARjqApgDAogGAZAGCJIHBDMuMTGgB-0wsgcEMC4xMbgHqQrCBwYwLjEzLjHIByCACAE&sclient=gws-wiz-modeless-shopping,"Anderson Small Round Dining Table, Sintered Stone & Solid Wood - 90cm",https://encrypted-tbn1.gstatic.com/shopping?q=tbn:ANd9GcR--PN-aMKQ3EjYQKmPeJQ_3rqQsBRvpWyO5AGinjSCbxV22remsHdJG4conffeHf_QvqTxnrW_LZfcjz7rUYSmC654ngO7TkoDnPsO81-A,€815.35,Weilai Concept,13746188824873968608,,
https://www.google.com/search?q=kitchen+furniture&sca_esv=d64b47f615dedb78&udm=28&gl=DE&biw=1530&bih=786&sxsrf=APpeQntN4XhqKNEsErjt3fFrrmFpSunyXw%3A1785762428249&ei=fJJwarTcDvbiseMP5PTjWQ&oq=kitchen+fu&gs_lp=Ehlnd3Mtd2l6LW1vZGVsZXNzLXNob3BwaW5nIgpraXRjaGVuIGZ1KgIIADIKEAAYgAQYigUYQzIFEAAYgAQyBRAAGIAEMgUQABiABDIFEAAYgAQyBRAAGIAEMgUQABiABDIFEAAYgAQyBRAAGIAEMgUQABiABEi4lAFQ-QtYkIsBcAN4AZABAJgBfqABhgqqAQQwLjExuAEDyAEA-AEBmAIOoAKyCqgCCMICChAAGEcY1gQYsAPCAggQABiPARjqApgDAogGAZAGCJIHBDMuMTGgB-0wsgcEMC4xMbgHqQrCBwYwLjEzLjHIByCACAE&sclient=gws-wiz-modeless-shopping,Normann Copenhagen Form,https://encrypted-tbn2.gstatic.com/shopping?q=tbn:ANd9GcSS3b5GXmmQo0XEj2XGn49fYZkVysmUTowvggQqgrDdW3kakm-BLodkbUnipQodoTojlK_HrpwjIO0ffAMVojYuJPJZ227zwXhQ1bsM_uJ0vuzKBbBEXEqTvA,€370.00,Byflou.com,15722087365704443510,6230312675610039344,12795732757629537934
https://www.google.com/search?q=kitchen+furniture&sca_esv=d64b47f615dedb78&udm=28&gl=DE&biw=1530&bih=786&sxsrf=APpeQntN4XhqKNEsErjt3fFrrmFpSunyXw%3A1785762428249&ei=fJJwarTcDvbiseMP5PTjWQ&oq=kitchen+fu&gs_lp=Ehlnd3Mtd2l6LW1vZGVsZXNzLXNob3BwaW5nIgpraXRjaGVuIGZ1KgIIADIKEAAYgAQYigUYQzIFEAAYgAQyBRAAGIAEMgUQABiABDIFEAAYgAQyBRAAGIAEMgUQABiABDIFEAAYgAQyBRAAGIAEMgUQABiABEi4lAFQ-QtYkIsBcAN4AZABAJgBfqABhgqqAQQwLjExuAEDyAEA-AEBmAIOoAKyCqgCCMICChAAGEcY1gQYsAPCAggQABiPARjqApgDAogGAZAGCJIHBDMuMTGgB-0wsgcEMC4xMbgHqQrCBwYwLjEzLjHIByCACAE&sclient=gws-wiz-modeless-shopping,Linear kitchen + hood + dish drainer + shelves RUSTICA model GEMONA in solid wood predisposition for household appliances dimensions 250x63xh90cm,https://encrypted-tbn0.gstatic.com/shopping?q=tbn:ANd9GcRfa0lyFVP-cwZs4zX63TG1XXEX3IZEgAFMuapjOIpC1MKXCWqxQ9-E6AkwyXX9YIfYHXYR76pDa4HZEHV1xrcRODq3LA8gV-1qE3jyVYc,"€5,640.00",il baule di nonna elvira,7743800228942994576,14743160766408079346,8276927516578272884
https://www.google.com/search?q=kitchen+furniture&sca_esv=d64b47f615dedb78&udm=28&gl=DE&biw=1530&bih=786&sxsrf=APpeQntN4XhqKNEsErjt3fFrrmFpSunyXw%3A1785762428249&ei=fJJwarTcDvbiseMP5PTjWQ&oq=kitchen+fu&gs_lp=Ehlnd3Mtd2l6LW1vZGVsZXNzLXNob3BwaW5nIgpraXRjaGVuIGZ1KgIIADIKEAAYgAQYigUYQzIFEAAYgAQyBRAAGIAEMgUQABiABDIFEAAYgAQyBRAAGIAEMgUQABiABDIFEAAYgAQyBRAAGIAEMgUQABiABEi4lAFQ-QtYkIsBcAN4AZABAJgBfqABhgqqAQQwLjExuAEDyAEA-AEBmAIOoAKyCqgCCMICChAAGEcY1gQYsAPCAggQABiPARjqApgDAogGAZAGCJIHBDMuMTGgB-0wsgcEMC4xMbgHqQrCBwYwLjEzLjHIByCACAE&sclient=gws-wiz-modeless-shopping,IKEA METOD base cabinet with Wire baskets,https://encrypted-tbn2.gstatic.com/shopping?q=tbn:ANd9GcRVEUzMlA34W1iaJ92W3DLvpSOJjztTbX59uHaS4RNTXe-Vdf5h5ryG2T8NvqkDW7EumyftkVsJ8n5ZgV6HK-4zUJd5hC-V9XqoCQv7vlh4Dq96JorVao_r0w,€220.00,IKEA Deutschland,5271667612108775572,13743058407912727982,14831378916602014774
https://www.google.com/search?q=kitchen+furniture&sca_esv=d64b47f615dedb78&udm=28&gl=DE&biw=1530&bih=786&sxsrf=APpeQntN4XhqKNEsErjt3fFrrmFpSunyXw%3A1785762428249&ei=fJJwarTcDvbiseMP5PTjWQ&oq=kitchen+fu&gs_lp=Ehlnd3Mtd2l6LW1vZGVsZXNzLXNob3BwaW5nIgpraXRjaGVuIGZ1KgIIADIKEAAYgAQYigUYQzIFEAAYgAQyBRAAGIAEMgUQABiABDIFEAAYgAQyBRAAGIAEMgUQABiABDIFEAAYgAQyBRAAGIAEMgUQABiABEi4lAFQ-QtYkIsBcAN4AZABAJgBfqABhgqqAQQwLjExuAEDyAEA-AEBmAIOoAKyCqgCCMICChAAGEcY1gQYsAPCAggQABiPARjqApgDAogGAZAGCJIHBDMuMTGgB-0wsgcEMC4xMbgHqQrCBwYwLjEzLjHIByCACAE&sclient=gws-wiz-modeless-shopping,VEVOR Kitchen Utility Cart 3 Tier Heavy Duty Adjustable Wire Storage Rack with Wood Tabletop and Handle Bar Rolling Portable Service Trolley on,https://encrypted-tbn3.gstatic.com/shopping?q=tbn:ANd9GcR1SjJuxUnV9qubyB0UNJEFqDogg-PdDr7uOHjZkhOlaWtT0wlrchR98uGhjglleAFCmpKG79JkbRvoNViVZHjMbIsaXyCuIbnx7cXp9HuEegtWZhQQjqET,€72.11,vevor.de,6312442431164194106,13668911271800547706,6796506888626247204
https://www.google.com/search?q=kitchen+furniture&sca_esv=d64b47f615dedb78&udm=28&gl=DE&biw=1530&bih=786&sxsrf=APpeQntN4XhqKNEsErjt3fFrrmFpSunyXw%3A1785762428249&ei=fJJwarTcDvbiseMP5PTjWQ&oq=kitchen+fu&gs_lp=Ehlnd3Mtd2l6LW1vZGVsZXNzLXNob3BwaW5nIgpraXRjaGVuIGZ1KgIIADIKEAAYgAQYigUYQzIFEAAYgAQyBRAAGIAEMgUQABiABDIFEAAYgAQyBRAAGIAEMgUQABiABDIFEAAYgAQyBRAAGIAEMgUQABiABEi4lAFQ-QtYkIsBcAN4AZABAJgBfqABhgqqAQQwLjExuAEDyAEA-AEBmAIOoAKyCqgCCMICChAAGEcY1gQYsAPCAggQABiPARjqApgDAogGAZAGCJIHBDMuMTGgB-0wsgcEMC4xMbgHqQrCBwYwLjEzLjHIByCACAE&sclient=gws-wiz-modeless-shopping,Adjustable Multicolor Stylish High Raised Stool,https://encrypted-tbn0.gstatic.com/shopping?q=tbn:ANd9GcSI4tAz4oL1lqcouLtjZwgIh4BHSS5CCgitHfL-OR2baNMAimUo5jIkmFKeMP-nAREcQie7nNWPDv6LBAPD7RBh69_6vC1TZFxCOZzEcfOsa1Pwx5junosx4Q,€859.44,My Aashis,3759685641417971742,15497146898229709190,211667981247739218
https://www.google.com/search?q=kitchen+furniture&sca_esv=d64b47f615dedb78&udm=28&gl=DE&biw=1530&bih=786&sxsrf=APpeQntN4XhqKNEsErjt3fFrrmFpSunyXw%3A1785762428249&ei=fJJwarTcDvbiseMP5PTjWQ&oq=kitchen+fu&gs_lp=Ehlnd3Mtd2l6LW1vZGVsZXNzLXNob3BwaW5nIgpraXRjaGVuIGZ1KgIIADIKEAAYgAQYigUYQzIFEAAYgAQyBRAAGIAEMgUQABiABDIFEAAYgAQyBRAAGIAEMgUQABiABDIFEAAYgAQyBRAAGIAEMgUQABiABEi4lAFQ-QtYkIsBcAN4AZABAJgBfqABhgqqAQQwLjExuAEDyAEA-AEBmAIOoAKyCqgCCMICChAAGEcY1gQYsAPCAggQABiPARjqApgDAogGAZAGCJIHBDMuMTGgB-0wsgcEMC4xMbgHqQrCBwYwLjEzLjHIByCACAE&sclient=gws-wiz-modeless-shopping,Glass Door Wood Sideboard Modern Credenza with Storage for Kitchen,https://encrypted-tbn0.gstatic.com/shopping?q=tbn:ANd9GcRcPeaQ1xyXU34aDNOy0_3v_ExZ_O9xSORHzrvYlPpIROvQsIaDnAK_5eVoQOrxfdQ00AYwDEyNyDqfW3jEsRTyIAgIL3NdDQVB6BBwaghBNIJ8SFezeaG9mA,€835.69,Clearhalo,6244580584894062448,,
https://www.google.com/search?q=kitchen+furniture&sca_esv=d64b47f615dedb78&udm=28&gl=DE&biw=1530&bih=786&sxsrf=APpeQntN4XhqKNEsErjt3fFrrmFpSunyXw%3A1785762428249&ei=fJJwarTcDvbiseMP5PTjWQ&oq=kitchen+fu&gs_lp=Ehlnd3Mtd2l6LW1vZGVsZXNzLXNob3BwaW5nIgpraXRjaGVuIGZ1KgIIADIKEAAYgAQYigUYQzIFEAAYgAQyBRAAGIAEMgUQABiABDIFEAAYgAQyBRAAGIAEMgUQABiABDIFEAAYgAQyBRAAGIAEMgUQABiABEi4lAFQ-QtYkIsBcAN4AZABAJgBfqABhgqqAQQwLjExuAEDyAEA-AEBmAIOoAKyCqgCCMICChAAGEcY1gQYsAPCAggQABiPARjqApgDAogGAZAGCJIHBDMuMTGgB-0wsgcEMC4xMbgHqQrCBwYwLjEzLjHIByCACAE&sclient=gws-wiz-modeless-shopping,Netfurniture Z Shaped Bar Stool,https://encrypted-tbn1.gstatic.com/shopping?q=tbn:ANd9GcRNulPOFArU92FdHK1M9DeZ7-88jEXNXxUzakfEbo-AwNSiqwdw3Hx-dkkR7soBIPiqkZTlyt9DpD-PK_-SP7GgXUFRGEia5d_56Ydjl_uG8kv9p0SCFledvw,€144.64,NetFurniture,4010574930058249348,11567056447302066299,7457545342404711875
